time_s,j0,j1,j2,j3,j4,j5,j6
0.000000,0.000000,0.000000,0.000000,0.000000,0.000000,0.000000,0.000000
0.001000,0.003142,0.003142,0.003142,0.003142,0.003142,0.003142,0.003142
0.002000,0.006283,0.006283,0.006283,0.006283,0.006283,0.006283,0.006283
0.003000,0.009425,0.009425,0.009425,0.009425,0.009425,0.009425,0.009425
0.004000,0.012566,0.012566,0.012566,0.012566,0.012566,0.012566,0.012566
0.005000,0.015707,0.015707,0.015707,0.015707,0.015707,0.015707,0.015707
0.006000,0.018848,0.018848,0.018848,0.018848,0.018848,0.018848,0.018848
0.007000,0.021989,0.021989,0.021989,0.021989,0.021989,0.021989,0.021989
0.008000,0.025130,0.025130,0.025130,0.025130,0.025130,0.025130,0.025130
0.009000,0.028271,0.028271,0.028271,0.028271,0.028271,0.028271,0.028271
0.010000,0.031411,0.031411,0.031411,0.031411,0.031411,0.031411,0.031411
0.011000,0.034551,0.034551,0.034551,0.034551,0.034551,0.034551,0.034551
0.012000,0.037690,0.037690,0.037690,0.037690,0.037690,0.037690,0.037690
0.013000,0.040829,0.040829,0.040829,0.040829,0.040829,0.040829,0.040829
0.014000,0.043968,0.043968,0.043968,0.043968,0.043968,0.043968,0.043968
0.015000,0.047106,0.047106,0.047106,0.047106,0.047106,0.047106,0.047106
0.016000,0.050244,0.050244,0.050244,0.050244,0.050244,0.050244,0.050244
0.017000,0.053382,0.053382,0.053382,0.053382,0.053382,0.053382,0.053382
0.018000,0.056519,0.056519,0.056519,0.056519,0.056519,0.056519,0.056519
0.019000,0.059655,0.059655,0.059655,0.059655,0.059655,0.059655,0.059655
0.020000,0.062791,0.062791,0.062791,0.062791,0.062791,0.062791,0.062791
0.021000,0.065926,0.065926,0.065926,0.065926,0.065926,0.065926,0.065926
0.022000,0.069060,0.069060,0.069060,0.069060,0.069060,0.069060,0.069060
0.023000,0.072194,0.072194,0.072194,0.072194,0.072194,0.072194,0.072194
0.024000,0.075327,0.075327,0.075327,0.075327,0.075327,0.075327,0.075327
0.025000,0.078459,0.078459,0.078459,0.078459,0.078459,0.078459,0.078459
0.026000,0.081591,0.081591,0.081591,0.081591,0.081591,0.081591,0.081591
0.027000,0.084721,0.084721,0.084721,0.084721,0.084721,0.084721,0.084721
0.028000,0.087851,0.087851,0.087851,0.087851,0.087851,0.087851,0.087851
0.029000,0.090980,0.090980,0.090980,0.090980,0.090980,0.090980,0.090980
0.030000,0.094108,0.094108,0.094108,0.094108,0.094108,0.094108,0.094108
0.031000,0.097235,0.097235,0.097235,0.097235,0.097235,0.097235,0.097235
0.032000,0.100362,0.100362,0.100362,0.100362,0.100362,0.100362,0.100362
0.033000,0.103487,0.103487,0.103487,0.103487,0.103487,0.103487,0.103487
0.034000,0.106611,0.106611,0.106611,0.106611,0.106611,0.106611,0.106611
0.035000,0.109734,0.109734,0.109734,0.109734,0.109734,0.109734,0.109734
0.036000,0.112856,0.112856,0.112856,0.112856,0.112856,0.112856,0.112856
0.037000,0.115977,0.115977,0.115977,0.115977,0.115977,0.115977,0.115977
0.038000,0.119097,0.119097,0.119097,0.119097,0.119097,0.119097,0.119097
0.039000,0.122216,0.122216,0.122216,0.122216,0.122216,0.122216,0.122216
0.040000,0.125333,0.125333,0.125333,0.125333,0.125333,0.125333,0.125333
0.041000,0.128449,0.128449,0.128449,0.128449,0.128449,0.128449,0.128449
0.042000,0.131564,0.131564,0.131564,0.131564,0.131564,0.131564,0.131564
0.043000,0.134678,0.134678,0.134678,0.134678,0.134678,0.134678,0.134678
0.044000,0.137790,0.137790,0.137790,0.137790,0.137790,0.137790,0.137790
0.045000,0.140901,0.140901,0.140901,0.140901,0.140901,0.140901,0.140901
0.046000,0.144011,0.144011,0.144011,0.144011,0.144011,0.144011,0.144011
0.047000,0.147119,0.147119,0.147119,0.147119,0.147119,0.147119,0.147119
0.048000,0.150226,0.150226,0.150226,0.150226,0.150226,0.150226,0.150226
0.049000,0.153331,0.153331,0.153331,0.153331,0.153331,0.153331,0.153331
0.050000,0.156434,0.156434,0.156434,0.156434,0.156434,0.156434,0.156434
0.051000,0.159537,0.159537,0.159537,0.159537,0.159537,0.159537,0.159537
0.052000,0.162637,0.162637,0.162637,0.162637,0.162637,0.162637,0.162637
0.053000,0.165736,0.165736,0.165736,0.165736,0.165736,0.165736,0.165736
0.054000,0.168833,0.168833,0.168833,0.168833,0.168833,0.168833,0.168833
0.055000,0.171929,0.171929,0.171929,0.171929,0.171929,0.171929,0.171929
0.056000,0.175023,0.175023,0.175023,0.175023,0.175023,0.175023,0.175023
0.057000,0.178115,0.178115,0.178115,0.178115,0.178115,0.178115,0.178115
0.058000,0.181206,0.181206,0.181206,0.181206,0.181206,0.181206,0.181206
0.059000,0.184294,0.184294,0.184294,0.184294,0.184294,0.184294,0.184294
0.060000,0.187381,0.187381,0.187381,0.187381,0.187381,0.187381,0.187381
0.061000,0.190466,0.190466,0.190466,0.190466,0.190466,0.190466,0.190466
0.062000,0.193549,0.193549,0.193549,0.193549,0.193549,0.193549,0.193549
0.063000,0.196631,0.196631,0.196631,0.196631,0.196631,0.196631,0.196631
0.064000,0.199710,0.199710,0.199710,0.199710,0.199710,0.199710,0.199710
0.065000,0.202787,0.202787,0.202787,0.202787,0.202787,0.202787,0.202787
0.066000,0.205863,0.205863,0.205863,0.205863,0.205863,0.205863,0.205863
0.067000,0.208936,0.208936,0.208936,0.208936,0.208936,0.208936,0.208936
0.068000,0.212007,0.212007,0.212007,0.212007,0.212007,0.212007,0.212007
0.069000,0.215076,0.215076,0.215076,0.215076,0.215076,0.215076,0.215076
0.070000,0.218143,0.218143,0.218143,0.218143,0.218143,0.218143,0.218143
0.071000,0.221208,0.221208,0.221208,0.221208,0.221208,0.221208,0.221208
0.072000,0.224271,0.224271,0.224271,0.224271,0.224271,0.224271,0.224271
0.073000,0.227331,0.227331,0.227331,0.227331,0.227331,0.227331,0.227331
0.074000,0.230389,0.230389,0.230389,0.230389,0.230389,0.230389,0.230389
0.075000,0.233445,0.233445,0.233445,0.233445,0.233445,0.233445,0.233445
0.076000,0.236499,0.236499,0.236499,0.236499,0.236499,0.236499,0.236499
0.077000,0.239550,0.239550,0.239550,0.239550,0.239550,0.239550,0.239550
0.078000,0.242599,0.242599,0.242599,0.242599,0.242599,0.242599,0.242599
0.079000,0.245646,0.245646,0.245646,0.245646,0.245646,0.245646,0.245646
0.080000,0.248690,0.248690,0.248690,0.248690,0.248690,0.248690,0.248690
0.081000,0.251732,0.251732,0.251732,0.251732,0.251732,0.251732,0.251732
0.082000,0.254771,0.254771,0.254771,0.254771,0.254771,0.254771,0.254771
0.083000,0.257807,0.257807,0.257807,0.257807,0.257807,0.257807,0.257807
0.084000,0.260842,0.260842,0.260842,0.260842,0.260842,0.260842,0.260842
0.085000,0.263873,0.263873,0.263873,0.263873,0.263873,0.263873,0.263873
0.086000,0.266902,0.266902,0.266902,0.266902,0.266902,0.266902,0.266902
0.087000,0.269928,0.269928,0.269928,0.269928,0.269928,0.269928,0.269928
0.088000,0.272952,0.272952,0.272952,0.272952,0.272952,0.272952,0.272952
0.089000,0.275973,0.275973,0.275973,0.275973,0.275973,0.275973,0.275973
0.090000,0.278991,0.278991,0.278991,0.278991,0.278991,0.278991,0.278991
0.091000,0.282007,0.282007,0.282007,0.282007,0.282007,0.282007,0.282007
0.092000,0.285019,0.285019,0.285019,0.285019,0.285019,0.285019,0.285019
0.093000,0.288029,0.288029,0.288029,0.288029,0.288029,0.288029,0.288029
0.094000,0.291036,0.291036,0.291036,0.291036,0.291036,0.291036,0.291036
0.095000,0.294040,0.294040,0.294040,0.294040,0.294040,0.294040,0.294040
0.096000,0.297042,0.297042,0.297042,0.297042,0.297042,0.297042,0.297042
0.097000,0.300040,0.300040,0.300040,0.300040,0.300040,0.300040,0.300040
0.098000,0.303035,0.303035,0.303035,0.303035,0.303035,0.303035,0.303035
0.099000,0.306028,0.306028,0.306028,0.306028,0.306028,0.306028,0.306028
0.100000,0.309017,0.309017,0.309017,0.309017,0.309017,0.309017,0.309017
0.101000,0.312003,0.312003,0.312003,0.312003,0.312003,0.312003,0.312003
0.102000,0.314987,0.314987,0.314987,0.314987,0.314987,0.314987,0.314987
0.103000,0.317967,0.317967,0.317967,0.317967,0.317967,0.317967,0.317967
0.104000,0.320944,0.320944,0.320944,0.320944,0.320944,0.320944,0.320944
0.105000,0.323917,0.323917,0.323917,0.323917,0.323917,0.323917,0.323917
0.106000,0.326888,0.326888,0.326888,0.326888,0.326888,0.326888,0.326888
0.107000,0.329855,0.329855,0.329855,0.329855,0.329855,0.329855,0.329855
0.108000,0.332820,0.332820,0.332820,0.332820,0.332820,0.332820,0.332820
0.109000,0.335780,0.335780,0.335780,0.335780,0.335780,0.335780,0.335780
0.110000,0.338738,0.338738,0.338738,0.338738,0.338738,0.338738,0.338738
0.111000,0.341692,0.341692,0.341692,0.341692,0.341692,0.341692,0.341692
0.112000,0.344643,0.344643,0.344643,0.344643,0.344643,0.344643,0.344643
0.113000,0.347590,0.347590,0.347590,0.347590,0.347590,0.347590,0.347590
0.114000,0.350534,0.350534,0.350534,0.350534,0.350534,0.350534,0.350534
0.115000,0.353475,0.353475,0.353475,0.353475,0.353475,0.353475,0.353475
0.116000,0.356412,0.356412,0.356412,0.356412,0.356412,0.356412,0.356412
0.117000,0.359345,0.359345,0.359345,0.359345,0.359345,0.359345,0.359345
0.118000,0.362275,0.362275,0.362275,0.362275,0.362275,0.362275,0.362275
0.119000,0.365202,0.365202,0.365202,0.365202,0.365202,0.365202,0.365202
0.120000,0.368125,0.368125,0.368125,0.368125,0.368125,0.368125,0.368125
0.121000,0.371044,0.371044,0.371044,0.371044,0.371044,0.371044,0.371044
0.122000,0.373959,0.373959,0.373959,0.373959,0.373959,0.373959,0.373959
0.123000,0.376871,0.376871,0.376871,0.376871,0.376871,0.376871,0.376871
0.124000,0.379779,0.379779,0.379779,0.379779,0.379779,0.379779,0.379779
0.125000,0.382683,0.382683,0.382683,0.382683,0.382683,0.382683,0.382683
0.126000,0.385584,0.385584,0.385584,0.385584,0.385584,0.385584,0.385584
0.127000,0.388481,0.388481,0.388481,0.388481,0.388481,0.388481,0.388481
0.128000,0.391374,0.391374,0.391374,0.391374,0.391374,0.391374,0.391374
0.129000,0.394263,0.394263,0.394263,0.394263,0.394263,0.394263,0.394263
0.130000,0.397148,0.397148,0.397148,0.397148,0.397148,0.397148,0.397148
0.131000,0.400029,0.400029,0.400029,0.400029,0.400029,0.400029,0.400029
0.132000,0.402906,0.402906,0.402906,0.402906,0.402906,0.402906,0.402906
0.133000,0.405780,0.405780,0.405780,0.405780,0.405780,0.405780,0.405780
0.134000,0.408649,0.408649,0.408649,0.408649,0.408649,0.408649,0.408649
0.135000,0.411514,0.411514,0.411514,0.411514,0.411514,0.411514,0.411514
0.136000,0.414376,0.414376,0.414376,0.414376,0.414376,0.414376,0.414376
0.137000,0.417233,0.417233,0.417233,0.417233,0.417233,0.417233,0.417233
0.138000,0.420086,0.420086,0.420086,0.420086,0.420086,0.420086,0.420086
0.139000,0.422935,0.422935,0.422935,0.422935,0.422935,0.422935,0.422935
0.140000,0.425779,0.425779,0.425779,0.425779,0.425779,0.425779,0.425779
0.141000,0.428620,0.428620,0.428620,0.428620,0.428620,0.428620,0.428620
0.142000,0.431456,0.431456,0.431456,0.431456,0.431456,0.431456,0.431456
0.143000,0.434288,0.434288,0.434288,0.434288,0.434288,0.434288,0.434288
0.144000,0.437116,0.437116,0.437116,0.437116,0.437116,0.437116,0.437116
0.145000,0.439939,0.439939,0.439939,0.439939,0.439939,0.439939,0.439939
0.146000,0.442758,0.442758,0.442758,0.442758,0.442758,0.442758,0.442758
0.147000,0.445573,0.445573,0.445573,0.445573,0.445573,0.445573,0.445573
0.148000,0.448383,0.448383,0.448383,0.448383,0.448383,0.448383,0.448383
0.149000,0.451189,0.451189,0.451189,0.451189,0.451189,0.451189,0.451189
0.150000,0.453990,0.453990,0.453990,0.453990,0.453990,0.453990,0.453990
0.151000,0.456787,0.456787,0.456787,0.456787,0.456787,0.456787,0.456787
0.152000,0.459580,0.459580,0.459580,0.459580,0.459580,0.459580,0.459580
0.153000,0.462368,0.462368,0.462368,0.462368,0.462368,0.462368,0.462368
0.154000,0.465151,0.465151,0.465151,0.465151,0.465151,0.465151,0.465151
0.155000,0.467930,0.467930,0.467930,0.467930,0.467930,0.467930,0.467930
0.156000,0.470704,0.470704,0.470704,0.470704,0.470704,0.470704,0.470704
0.157000,0.473473,0.473473,0.473473,0.473473,0.473473,0.473473,0.473473
0.158000,0.476238,0.476238,0.476238,0.476238,0.476238,0.476238,0.476238
0.159000,0.478998,0.478998,0.478998,0.478998,0.478998,0.478998,0.478998
0.160000,0.481754,0.481754,0.481754,0.481754,0.481754,0.481754,0.481754
0.161000,0.484504,0.484504,0.484504,0.484504,0.484504,0.484504,0.484504
0.162000,0.487250,0.487250,0.487250,0.487250,0.487250,0.487250,0.487250
0.163000,0.489991,0.489991,0.489991,0.489991,0.489991,0.489991,0.489991
0.164000,0.492727,0.492727,0.492727,0.492727,0.492727,0.492727,0.492727
0.165000,0.495459,0.495459,0.495459,0.495459,0.495459,0.495459,0.495459
0.166000,0.498185,0.498185,0.498185,0.498185,0.498185,0.498185,0.498185
0.167000,0.500907,0.500907,0.500907,0.500907,0.500907,0.500907,0.500907
0.168000,0.503623,0.503623,0.503623,0.503623,0.503623,0.503623,0.503623
0.169000,0.506335,0.506335,0.506335,0.506335,0.506335,0.506335,0.506335
0.170000,0.509041,0.509041,0.509041,0.509041,0.509041,0.509041,0.509041
0.171000,0.511743,0.511743,0.511743,0.511743,0.511743,0.511743,0.511743
0.172000,0.514440,0.514440,0.514440,0.514440,0.514440,0.514440,0.514440
0.173000,0.517131,0.517131,0.517131,0.517131,0.517131,0.517131,0.517131
0.174000,0.519817,0.519817,0.519817,0.519817,0.519817,0.519817,0.519817
0.175000,0.522499,0.522499,0.522499,0.522499,0.522499,0.522499,0.522499
0.176000,0.525175,0.525175,0.525175,0.525175,0.525175,0.525175,0.525175
0.177000,0.527846,0.527846,0.527846,0.527846,0.527846,0.527846,0.527846
0.178000,0.530511,0.530511,0.530511,0.530511,0.530511,0.530511,0.530511
0.179000,0.533172,0.533172,0.533172,0.533172,0.533172,0.533172,0.533172
0.180000,0.535827,0.535827,0.535827,0.535827,0.535827,0.535827,0.535827
0.181000,0.538477,0.538477,0.538477,0.538477,0.538477,0.538477,0.538477
0.182000,0.541121,0.541121,0.541121,0.541121,0.541121,0.541121,0.541121
0.183000,0.543760,0.543760,0.543760,0.543760,0.543760,0.543760,0.543760
0.184000,0.546394,0.546394,0.546394,0.546394,0.546394,0.546394,0.546394
0.185000,0.549023,0.549023,0.549023,0.549023,0.549023,0.549023,0.549023
0.186000,0.551646,0.551646,0.551646,0.551646,0.551646,0.551646,0.551646
0.187000,0.554263,0.554263,0.554263,0.554263,0.554263,0.554263,0.554263
0.188000,0.556876,0.556876,0.556876,0.556876,0.556876,0.556876,0.556876
0.189000,0.559482,0.559482,0.559482,0.559482,0.559482,0.559482,0.559482
0.190000,0.562083,0.562083,0.562083,0.562083,0.562083,0.562083,0.562083
0.191000,0.564679,0.564679,0.564679,0.564679,0.564679,0.564679,0.564679
0.192000,0.567269,0.567269,0.567269,0.567269,0.567269,0.567269,0.567269
0.193000,0.569853,0.569853,0.569853,0.569853,0.569853,0.569853,0.569853
0.194000,0.572432,0.572432,0.572432,0.572432,0.572432,0.572432,0.572432
0.195000,0.575005,0.575005,0.575005,0.575005,0.575005,0.575005,0.575005
0.196000,0.577573,0.577573,0.577573,0.577573,0.577573,0.577573,0.577573
0.197000,0.580134,0.580134,0.580134,0.580134,0.580134,0.580134,0.580134
0.198000,0.582690,0.582690,0.582690,0.582690,0.582690,0.582690,0.582690
0.199000,0.585241,0.585241,0.585241,0.585241,0.585241,0.585241,0.585241
0.200000,0.587785,0.587785,0.587785,0.587785,0.587785,0.587785,0.587785
0.201000,0.590324,0.590324,0.590324,0.590324,0.590324,0.590324,0.590324
0.202000,0.592857,0.592857,0.592857,0.592857,0.592857,0.592857,0.592857
0.203000,0.595384,0.595384,0.595384,0.595384,0.595384,0.595384,0.595384
0.204000,0.597905,0.597905,0.597905,0.597905,0.597905,0.597905,0.597905
0.205000,0.600420,0.600420,0.600420,0.600420,0.600420,0.600420,0.600420
0.206000,0.602930,0.602930,0.602930,0.602930,0.602930,0.602930,0.602930
0.207000,0.605433,0.605433,0.605433,0.605433,0.605433,0.605433,0.605433
0.208000,0.607930,0.607930,0.607930,0.607930,0.607930,0.607930,0.607930
0.209000,0.610422,0.610422,0.610422,0.610422,0.610422,0.610422,0.610422
0.210000,0.612907,0.612907,0.612907,0.612907,0.612907,0.612907,0.612907
0.211000,0.615386,0.615386,0.615386,0.615386,0.615386,0.615386,0.615386
0.212000,0.617860,0.617860,0.617860,0.617860,0.617860,0.617860,0.617860
0.213000,0.620327,0.620327,0.620327,0.620327,0.620327,0.620327,0.620327
0.214000,0.622788,0.622788,0.622788,0.622788,0.622788,0.622788,0.622788
0.215000,0.625243,0.625243,0.625243,0.625243,0.625243,0.625243,0.625243
0.216000,0.627691,0.627691,0.627691,0.627691,0.627691,0.627691,0.627691
0.217000,0.630134,0.630134,0.630134,0.630134,0.630134,0.630134,0.630134
0.218000,0.632570,0.632570,0.632570,0.632570,0.632570,0.632570,0.632570
0.219000,0.635000,0.635000,0.635000,0.635000,0.635000,0.635000,0.635000
0.220000,0.637424,0.637424,0.637424,0.637424,0.637424,0.637424,0.637424
0.221000,0.639841,0.639841,0.639841,0.639841,0.639841,0.639841,0.639841
0.222000,0.642253,0.642253,0.642253,0.642253,0.642253,0.642253,0.642253
0.223000,0.644657,0.644657,0.644657,0.644657,0.644657,0.644657,0.644657
0.224000,0.647056,0.647056,0.647056,0.647056,0.647056,0.647056,0.647056
0.225000,0.649448,0.649448,0.649448,0.649448,0.649448,0.649448,0.649448
0.226000,0.651834,0.651834,0.651834,0.651834,0.651834,0.651834,0.651834
0.227000,0.654213,0.654213,0.654213,0.654213,0.654213,0.654213,0.654213
0.228000,0.656586,0.656586,0.656586,0.656586,0.656586,0.656586,0.656586
0.229000,0.658952,0.658952,0.658952,0.658952,0.658952,0.658952,0.658952
0.230000,0.661312,0.661312,0.661312,0.661312,0.661312,0.661312,0.661312
0.231000,0.663665,0.663665,0.663665,0.663665,0.663665,0.663665,0.663665
0.232000,0.666012,0.666012,0.666012,0.666012,0.666012,0.666012,0.666012
0.233000,0.668352,0.668352,0.668352,0.668352,0.668352,0.668352,0.668352
0.234000,0.670686,0.670686,0.670686,0.670686,0.670686,0.670686,0.670686
0.235000,0.673013,0.673013,0.673013,0.673013,0.673013,0.673013,0.673013
0.236000,0.675333,0.675333,0.675333,0.675333,0.675333,0.675333,0.675333
0.237000,0.677646,0.677646,0.677646,0.677646,0.677646,0.677646,0.677646
0.238000,0.679953,0.679953,0.679953,0.679953,0.679953,0.679953,0.679953
0.239000,0.682254,0.682254,0.682254,0.682254,0.682254,0.682254,0.682254
0.240000,0.684547,0.684547,0.684547,0.684547,0.684547,0.684547,0.684547
0.241000,0.686834,0.686834,0.686834,0.686834,0.686834,0.686834,0.686834
0.242000,0.689114,0.689114,0.689114,0.689114,0.689114,0.689114,0.689114
0.243000,0.691387,0.691387,0.691387,0.691387,0.691387,0.691387,0.691387
0.244000,0.693653,0.693653,0.693653,0.693653,0.693653,0.693653,0.693653
0.245000,0.695913,0.695913,0.695913,0.695913,0.695913,0.695913,0.695913
0.246000,0.698165,0.698165,0.698165,0.698165,0.698165,0.698165,0.698165
0.247000,0.700411,0.700411,0.700411,0.700411,0.700411,0.700411,0.700411
0.248000,0.702650,0.702650,0.702650,0.702650,0.702650,0.702650,0.702650
0.249000,0.704882,0.704882,0.704882,0.704882,0.704882,0.704882,0.704882
0.250000,0.707107,0.707107,0.707107,0.707107,0.707107,0.707107,0.707107
0.251000,0.709325,0.709325,0.709325,0.709325,0.709325,0.709325,0.709325
0.252000,0.711536,0.711536,0.711536,0.711536,0.711536,0.711536,0.711536
0.253000,0.713740,0.713740,0.713740,0.713740,0.713740,0.713740,0.713740
0.254000,0.715936,0.715936,0.715936,0.715936,0.715936,0.715936,0.715936
0.255000,0.718126,0.718126,0.718126,0.718126,0.718126,0.718126,0.718126
0.256000,0.720309,0.720309,0.720309,0.720309,0.720309,0.720309,0.720309
0.257000,0.722485,0.722485,0.722485,0.722485,0.722485,0.722485,0.722485
0.258000,0.724653,0.724653,0.724653,0.724653,0.724653,0.724653,0.724653
0.259000,0.726814,0.726814,0.726814,0.726814,0.726814,0.726814,0.726814
0.260000,0.728969,0.728969,0.728969,0.728969,0.728969,0.728969,0.728969
0.261000,0.731116,0.731116,0.731116,0.731116,0.731116,0.731116,0.731116
0.262000,0.733255,0.733255,0.733255,0.733255,0.733255,0.733255,0.733255
0.263000,0.735388,0.735388,0.735388,0.735388,0.735388,0.735388,0.735388
0.264000,0.737513,0.737513,0.737513,0.737513,0.737513,0.737513,0.737513
0.265000,0.739631,0.739631,0.739631,0.739631,0.739631,0.739631,0.739631
0.266000,0.741742,0.741742,0.741742,0.741742,0.741742,0.741742,0.741742
0.267000,0.743845,0.743845,0.743845,0.743845,0.743845,0.743845,0.743845
0.268000,0.745941,0.745941,0.745941,0.745941,0.745941,0.745941,0.745941
0.269000,0.748030,0.748030,0.748030,0.748030,0.748030,0.748030,0.748030
0.270000,0.750111,0.750111,0.750111,0.750111,0.750111,0.750111,0.750111
0.271000,0.752185,0.752185,0.752185,0.752185,0.752185,0.752185,0.752185
0.272000,0.754251,0.754251,0.754251,0.754251,0.754251,0.754251,0.754251
0.273000,0.756310,0.756310,0.756310,0.756310,0.756310,0.756310,0.756310
0.274000,0.758362,0.758362,0.758362,0.758362,0.758362,0.758362,0.758362
0.275000,0.760406,0.760406,0.760406,0.760406,0.760406,0.760406,0.760406
0.276000,0.762443,0.762443,0.762443,0.762443,0.762443,0.762443,0.762443
0.277000,0.764472,0.764472,0.764472,0.764472,0.764472,0.764472,0.764472
0.278000,0.766493,0.766493,0.766493,0.766493,0.766493,0.766493,0.766493
0.279000,0.768507,0.768507,0.768507,0.768507,0.768507,0.768507,0.768507
0.280000,0.770513,0.770513,0.770513,0.770513,0.770513,0.770513,0.770513
0.281000,0.772512,0.772512,0.772512,0.772512,0.772512,0.772512,0.772512
0.282000,0.774503,0.774503,0.774503,0.774503,0.774503,0.774503,0.774503
0.283000,0.776487,0.776487,0.776487,0.776487,0.776487,0.776487,0.776487
0.284000,0.778462,0.778462,0.778462,0.778462,0.778462,0.778462,0.778462
0.285000,0.780430,0.780430,0.780430,0.780430,0.780430,0.780430,0.780430
0.286000,0.782391,0.782391,0.782391,0.782391,0.782391,0.782391,0.782391
0.287000,0.784343,0.784343,0.784343,0.784343,0.784343,0.784343,0.784343
0.288000,0.786288,0.786288,0.786288,0.786288,0.786288,0.786288,0.786288
0.289000,0.788226,0.788226,0.788226,0.788226,0.788226,0.788226,0.788226
0.290000,0.790155,0.790155,0.790155,0.790155,0.790155,0.790155,0.790155
0.291000,0.792077,0.792077,0.792077,0.792077,0.792077,0.792077,0.792077
0.292000,0.793990,0.793990,0.793990,0.793990,0.793990,0.793990,0.793990
0.293000,0.795896,0.795896,0.795896,0.795896,0.795896,0.795896,0.795896
0.294000,0.797794,0.797794,0.797794,0.797794,0.797794,0.797794,0.797794
0.295000,0.799685,0.799685,0.799685,0.799685,0.799685,0.799685,0.799685
0.296000,0.801567,0.801567,0.801567,0.801567,0.801567,0.801567,0.801567
0.297000,0.803441,0.803441,0.803441,0.803441,0.803441,0.803441,0.803441
0.298000,0.805308,0.805308,0.805308,0.805308,0.805308,0.805308,0.805308
0.299000,0.807166,0.807166,0.807166,0.807166,0.807166,0.807166,0.807166
0.300000,0.809017,0.809017,0.809017,0.809017,0.809017,0.809017,0.809017
0.301000,0.810860,0.810860,0.810860,0.810860,0.810860,0.810860,0.810860
0.302000,0.812694,0.812694,0.812694,0.812694,0.812694,0.812694,0.812694
0.303000,0.814521,0.814521,0.814521,0.814521,0.814521,0.814521,0.814521
0.304000,0.816339,0.816339,0.816339,0.816339,0.816339,0.816339,0.816339
0.305000,0.818150,0.818150,0.818150,0.818150,0.818150,0.818150,0.818150
0.306000,0.819952,0.819952,0.819952,0.819952,0.819952,0.819952,0.819952
0.307000,0.821746,0.821746,0.821746,0.821746,0.821746,0.821746,0.821746
0.308000,0.823533,0.823533,0.823533,0.823533,0.823533,0.823533,0.823533
0.309000,0.825311,0.825311,0.825311,0.825311,0.825311,0.825311,0.825311
0.310000,0.827081,0.827081,0.827081,0.827081,0.827081,0.827081,0.827081
0.311000,0.828842,0.828842,0.828842,0.828842,0.828842,0.828842,0.828842
0.312000,0.830596,0.830596,0.830596,0.830596,0.830596,0.830596,0.830596
0.313000,0.832341,0.832341,0.832341,0.832341,0.832341,0.832341,0.832341
0.314000,0.834078,0.834078,0.834078,0.834078,0.834078,0.834078,0.834078
0.315000,0.835807,0.835807,0.835807,0.835807,0.835807,0.835807,0.835807
0.316000,0.837528,0.837528,0.837528,0.837528,0.837528,0.837528,0.837528
0.317000,0.839240,0.839240,0.839240,0.839240,0.839240,0.839240,0.839240
0.318000,0.840945,0.840945,0.840945,0.840945,0.840945,0.840945,0.840945
0.319000,0.842640,0.842640,0.842640,0.842640,0.842640,0.842640,0.842640
0.320000,0.844328,0.844328,0.844328,0.844328,0.844328,0.844328,0.844328
0.321000,0.846007,0.846007,0.846007,0.846007,0.846007,0.846007,0.846007
0.322000,0.847678,0.847678,0.847678,0.847678,0.847678,0.847678,0.847678
0.323000,0.849340,0.849340,0.849340,0.849340,0.849340,0.849340,0.849340
0.324000,0.850994,0.850994,0.850994,0.850994,0.850994,0.850994,0.850994
0.325000,0.852640,0.852640,0.852640,0.852640,0.852640,0.852640,0.852640
0.326000,0.854277,0.854277,0.854277,0.854277,0.854277,0.854277,0.854277
0.327000,0.855906,0.855906,0.855906,0.855906,0.855906,0.855906,0.855906
0.328000,0.857527,0.857527,0.857527,0.857527,0.857527,0.857527,0.857527
0.329000,0.859139,0.859139,0.859139,0.859139,0.859139,0.859139,0.859139
0.330000,0.860742,0.860742,0.860742,0.860742,0.860742,0.860742,0.860742
0.331000,0.862337,0.862337,0.862337,0.862337,0.862337,0.862337,0.862337
0.332000,0.863923,0.863923,0.863923,0.863923,0.863923,0.863923,0.863923
0.333000,0.865501,0.865501,0.865501,0.865501,0.865501,0.865501,0.865501
0.334000,0.867071,0.867071,0.867071,0.867071,0.867071,0.867071,0.867071
0.335000,0.868632,0.868632,0.868632,0.868632,0.868632,0.868632,0.868632
0.336000,0.870184,0.870184,0.870184,0.870184,0.870184,0.870184,0.870184
0.337000,0.871727,0.871727,0.871727,0.871727,0.871727,0.871727,0.871727
0.338000,0.873262,0.873262,0.873262,0.873262,0.873262,0.873262,0.873262
0.339000,0.874789,0.874789,0.874789,0.874789,0.874789,0.874789,0.874789
0.340000,0.876307,0.876307,0.876307,0.876307,0.876307,0.876307,0.876307
0.341000,0.877816,0.877816,0.877816,0.877816,0.877816,0.877816,0.877816
0.342000,0.879316,0.879316,0.879316,0.879316,0.879316,0.879316,0.879316
0.343000,0.880808,0.880808,0.880808,0.880808,0.880808,0.880808,0.880808
0.344000,0.882291,0.882291,0.882291,0.882291,0.882291,0.882291,0.882291
0.345000,0.883766,0.883766,0.883766,0.883766,0.883766,0.883766,0.883766
0.346000,0.885231,0.885231,0.885231,0.885231,0.885231,0.885231,0.885231
0.347000,0.886688,0.886688,0.886688,0.886688,0.886688,0.886688,0.886688
0.348000,0.888136,0.888136,0.888136,0.888136,0.888136,0.888136,0.888136
0.349000,0.889576,0.889576,0.889576,0.889576,0.889576,0.889576,0.889576
0.350000,0.891007,0.891007,0.891007,0.891007,0.891007,0.891007,0.891007
0.351000,0.892428,0.892428,0.892428,0.892428,0.892428,0.892428,0.892428
0.352000,0.893841,0.893841,0.893841,0.893841,0.893841,0.893841,0.893841
0.353000,0.895246,0.895246,0.895246,0.895246,0.895246,0.895246,0.895246
0.354000,0.896641,0.896641,0.896641,0.896641,0.896641,0.896641,0.896641
0.355000,0.898028,0.898028,0.898028,0.898028,0.898028,0.898028,0.898028
0.356000,0.899405,0.899405,0.899405,0.899405,0.899405,0.899405,0.899405
0.357000,0.900774,0.900774,0.900774,0.900774,0.900774,0.900774,0.900774
0.358000,0.902134,0.902134,0.902134,0.902134,0.902134,0.902134,0.902134
0.359000,0.903485,0.903485,0.903485,0.903485,0.903485,0.903485,0.903485
0.360000,0.904827,0.904827,0.904827,0.904827,0.904827,0.904827,0.904827
0.361000,0.906160,0.906160,0.906160,0.906160,0.906160,0.906160,0.906160
0.362000,0.907484,0.907484,0.907484,0.907484,0.907484,0.907484,0.907484
0.363000,0.908800,0.908800,0.908800,0.908800,0.908800,0.908800,0.908800
0.364000,0.910106,0.910106,0.910106,0.910106,0.910106,0.910106,0.910106
0.365000,0.911403,0.911403,0.911403,0.911403,0.911403,0.911403,0.911403
0.366000,0.912692,0.912692,0.912692,0.912692,0.912692,0.912692,0.912692
0.367000,0.913971,0.913971,0.913971,0.913971,0.913971,0.913971,0.913971
0.368000,0.915241,0.915241,0.915241,0.915241,0.915241,0.915241,0.915241
0.369000,0.916502,0.916502,0.916502,0.916502,0.916502,0.916502,0.916502
0.370000,0.917755,0.917755,0.917755,0.917755,0.917755,0.917755,0.917755
0.371000,0.918998,0.918998,0.918998,0.918998,0.918998,0.918998,0.918998
0.372000,0.920232,0.920232,0.920232,0.920232,0.920232,0.920232,0.920232
0.373000,0.921457,0.921457,0.921457,0.921457,0.921457,0.921457,0.921457
0.374000,0.922673,0.922673,0.922673,0.922673,0.922673,0.922673,0.922673
0.375000,0.923880,0.923880,0.923880,0.923880,0.923880,0.923880,0.923880
0.376000,0.925077,0.925077,0.925077,0.925077,0.925077,0.925077,0.925077
0.377000,0.926266,0.926266,0.926266,0.926266,0.926266,0.926266,0.926266
0.378000,0.927445,0.927445,0.927445,0.927445,0.927445,0.927445,0.927445
0.379000,0.928615,0.928615,0.928615,0.928615,0.928615,0.928615,0.928615
0.380000,0.929776,0.929776,0.929776,0.929776,0.929776,0.929776,0.929776
0.381000,0.930928,0.930928,0.930928,0.930928,0.930928,0.930928,0.930928
0.382000,0.932071,0.932071,0.932071,0.932071,0.932071,0.932071,0.932071
0.383000,0.933205,0.933205,0.933205,0.933205,0.933205,0.933205,0.933205
0.384000,0.934329,0.934329,0.934329,0.934329,0.934329,0.934329,0.934329
0.385000,0.935444,0.935444,0.935444,0.935444,0.935444,0.935444,0.935444
0.386000,0.936550,0.936550,0.936550,0.936550,0.936550,0.936550,0.936550
0.387000,0.937646,0.937646,0.937646,0.937646,0.937646,0.937646,0.937646
0.388000,0.938734,0.938734,0.938734,0.938734,0.938734,0.938734,0.938734
0.389000,0.939812,0.939812,0.939812,0.939812,0.939812,0.939812,0.939812
0.390000,0.940881,0.940881,0.940881,0.940881,0.940881,0.940881,0.940881
0.391000,0.941940,0.941940,0.941940,0.941940,0.941940,0.941940,0.941940
0.392000,0.942991,0.942991,0.942991,0.942991,0.942991,0.942991,0.942991
0.393000,0.944031,0.944031,0.944031,0.944031,0.944031,0.944031,0.944031
0.394000,0.945063,0.945063,0.945063,0.945063,0.945063,0.945063,0.945063
0.395000,0.946085,0.946085,0.946085,0.946085,0.946085,0.946085,0.946085
0.396000,0.947098,0.947098,0.947098,0.947098,0.947098,0.947098,0.947098
0.397000,0.948102,0.948102,0.948102,0.948102,0.948102,0.948102,0.948102
0.398000,0.949096,0.949096,0.949096,0.949096,0.949096,0.949096,0.949096
0.399000,0.950081,0.950081,0.950081,0.950081,0.950081,0.950081,0.950081
0.400000,0.951057,0.951057,0.951057,0.951057,0.951057,0.951057,0.951057
0.401000,0.952023,0.952023,0.952023,0.952023,0.952023,0.952023,0.952023
0.402000,0.952979,0.952979,0.952979,0.952979,0.952979,0.952979,0.952979
0.403000,0.953927,0.953927,0.953927,0.953927,0.953927,0.953927,0.953927
0.404000,0.954865,0.954865,0.954865,0.954865,0.954865,0.954865,0.954865
0.405000,0.955793,0.955793,0.955793,0.955793,0.955793,0.955793,0.955793
0.406000,0.956712,0.956712,0.956712,0.956712,0.956712,0.956712,0.956712
0.407000,0.957622,0.957622,0.957622,0.957622,0.957622,0.957622,0.957622
0.408000,0.958522,0.958522,0.958522,0.958522,0.958522,0.958522,0.958522
0.409000,0.959412,0.959412,0.959412,0.959412,0.959412,0.959412,0.959412
0.410000,0.960294,0.960294,0.960294,0.960294,0.960294,0.960294,0.960294
0.411000,0.961165,0.961165,0.961165,0.961165,0.961165,0.961165,0.961165
0.412000,0.962028,0.962028,0.962028,0.962028,0.962028,0.962028,0.962028
0.413000,0.962880,0.962880,0.962880,0.962880,0.962880,0.962880,0.962880
0.414000,0.963724,0.963724,0.963724,0.963724,0.963724,0.963724,0.963724
0.415000,0.964557,0.964557,0.964557,0.964557,0.964557,0.964557,0.964557
0.416000,0.965382,0.965382,0.965382,0.965382,0.965382,0.965382,0.965382
0.417000,0.966196,0.966196,0.966196,0.966196,0.966196,0.966196,0.966196
0.418000,0.967001,0.967001,0.967001,0.967001,0.967001,0.967001,0.967001
0.419000,0.967797,0.967797,0.967797,0.967797,0.967797,0.967797,0.967797
0.420000,0.968583,0.968583,0.968583,0.968583,0.968583,0.968583,0.968583
0.421000,0.969360,0.969360,0.969360,0.969360,0.969360,0.969360,0.969360
0.422000,0.970127,0.970127,0.970127,0.970127,0.970127,0.970127,0.970127
0.423000,0.970884,0.970884,0.970884,0.970884,0.970884,0.970884,0.970884
0.424000,0.971632,0.971632,0.971632,0.971632,0.971632,0.971632,0.971632
0.425000,0.972370,0.972370,0.972370,0.972370,0.972370,0.972370,0.972370
0.426000,0.973099,0.973099,0.973099,0.973099,0.973099,0.973099,0.973099
0.427000,0.973817,0.973817,0.973817,0.973817,0.973817,0.973817,0.973817
0.428000,0.974527,0.974527,0.974527,0.974527,0.974527,0.974527,0.974527
0.429000,0.975227,0.975227,0.975227,0.975227,0.975227,0.975227,0.975227
0.430000,0.975917,0.975917,0.975917,0.975917,0.975917,0.975917,0.975917
0.431000,0.976597,0.976597,0.976597,0.976597,0.976597,0.976597,0.976597
0.432000,0.977268,0.977268,0.977268,0.977268,0.977268,0.977268,0.977268
0.433000,0.977929,0.977929,0.977929,0.977929,0.977929,0.977929,0.977929
0.434000,0.978581,0.978581,0.978581,0.978581,0.978581,0.978581,0.978581
0.435000,0.979223,0.979223,0.979223,0.979223,0.979223,0.979223,0.979223
0.436000,0.979855,0.979855,0.979855,0.979855,0.979855,0.979855,0.979855
0.437000,0.980478,0.980478,0.980478,0.980478,0.980478,0.980478,0.980478
0.438000,0.981091,0.981091,0.981091,0.981091,0.981091,0.981091,0.981091
0.439000,0.981694,0.981694,0.981694,0.981694,0.981694,0.981694,0.981694
0.440000,0.982287,0.982287,0.982287,0.982287,0.982287,0.982287,0.982287
0.441000,0.982871,0.982871,0.982871,0.982871,0.982871,0.982871,0.982871
0.442000,0.983445,0.983445,0.983445,0.983445,0.983445,0.983445,0.983445
0.443000,0.984010,0.984010,0.984010,0.984010,0.984010,0.984010,0.984010
0.444000,0.984564,0.984564,0.984564,0.984564,0.984564,0.984564,0.984564
0.445000,0.985109,0.985109,0.985109,0.985109,0.985109,0.985109,0.985109
0.446000,0.985645,0.985645,0.985645,0.985645,0.985645,0.985645,0.985645
0.447000,0.986170,0.986170,0.986170,0.986170,0.986170,0.986170,0.986170
0.448000,0.986686,0.986686,0.986686,0.986686,0.986686,0.986686,0.986686
0.449000,0.987192,0.987192,0.987192,0.987192,0.987192,0.987192,0.987192
0.450000,0.987688,0.987688,0.987688,0.987688,0.987688,0.987688,0.987688
0.451000,0.988175,0.988175,0.988175,0.988175,0.988175,0.988175,0.988175
0.452000,0.988652,0.988652,0.988652,0.988652,0.988652,0.988652,0.988652
0.453000,0.989119,0.989119,0.989119,0.989119,0.989119,0.989119,0.989119
0.454000,0.989576,0.989576,0.989576,0.989576,0.989576,0.989576,0.989576
0.455000,0.990024,0.990024,0.990024,0.990024,0.990024,0.990024,0.990024
0.456000,0.990461,0.990461,0.990461,0.990461,0.990461,0.990461,0.990461
0.457000,0.990889,0.990889,0.990889,0.990889,0.990889,0.990889,0.990889
0.458000,0.991308,0.991308,0.991308,0.991308,0.991308,0.991308,0.991308
0.459000,0.991716,0.991716,0.991716,0.991716,0.991716,0.991716,0.991716
0.460000,0.992115,0.992115,0.992115,0.992115,0.992115,0.992115,0.992115
0.461000,0.992504,0.992504,0.992504,0.992504,0.992504,0.992504,0.992504
0.462000,0.992883,0.992883,0.992883,0.992883,0.992883,0.992883,0.992883
0.463000,0.993252,0.993252,0.993252,0.993252,0.993252,0.993252,0.993252
0.464000,0.993611,0.993611,0.993611,0.993611,0.993611,0.993611,0.993611
0.465000,0.993961,0.993961,0.993961,0.993961,0.993961,0.993961,0.993961
0.466000,0.994301,0.994301,0.994301,0.994301,0.994301,0.994301,0.994301
0.467000,0.994631,0.994631,0.994631,0.994631,0.994631,0.994631,0.994631
0.468000,0.994951,0.994951,0.994951,0.994951,0.994951,0.994951,0.994951
0.469000,0.995261,0.995261,0.995261,0.995261,0.995261,0.995261,0.995261
0.470000,0.995562,0.995562,0.995562,0.995562,0.995562,0.995562,0.995562
0.471000,0.995853,0.995853,0.995853,0.995853,0.995853,0.995853,0.995853
0.472000,0.996134,0.996134,0.996134,0.996134,0.996134,0.996134,0.996134
0.473000,0.996405,0.996405,0.996405,0.996405,0.996405,0.996405,0.996405
0.474000,0.996666,0.996666,0.996666,0.996666,0.996666,0.996666,0.996666
0.475000,0.996917,0.996917,0.996917,0.996917,0.996917,0.996917,0.996917
0.476000,0.997159,0.997159,0.997159,0.997159,0.997159,0.997159,0.997159
0.477000,0.997391,0.997391,0.997391,0.997391,0.997391,0.997391,0.997391
0.478000,0.997613,0.997613,0.997613,0.997613,0.997613,0.997613,0.997613
0.479000,0.997825,0.997825,0.997825,0.997825,0.997825,0.997825,0.997825
0.480000,0.998027,0.998027,0.998027,0.998027,0.998027,0.998027,0.998027
0.481000,0.998219,0.998219,0.998219,0.998219,0.998219,0.998219,0.998219
0.482000,0.998402,0.998402,0.998402,0.998402,0.998402,0.998402,0.998402
0.483000,0.998574,0.998574,0.998574,0.998574,0.998574,0.998574,0.998574
0.484000,0.998737,0.998737,0.998737,0.998737,0.998737,0.998737,0.998737
0.485000,0.998890,0.998890,0.998890,0.998890,0.998890,0.998890,0.998890
0.486000,0.999033,0.999033,0.999033,0.999033,0.999033,0.999033,0.999033
0.487000,0.999166,0.999166,0.999166,0.999166,0.999166,0.999166,0.999166
0.488000,0.999289,0.999289,0.999289,0.999289,0.999289,0.999289,0.999289
0.489000,0.999403,0.999403,0.999403,0.999403,0.999403,0.999403,0.999403
0.490000,0.999507,0.999507,0.999507,0.999507,0.999507,0.999507,0.999507
0.491000,0.999600,0.999600,0.999600,0.999600,0.999600,0.999600,0.999600
0.492000,0.999684,0.999684,0.999684,0.999684,0.999684,0.999684,0.999684
0.493000,0.999758,0.999758,0.999758,0.999758,0.999758,0.999758,0.999758
0.494000,0.999822,0.999822,0.999822,0.999822,0.999822,0.999822,0.999822
0.495000,0.999877,0.999877,0.999877,0.999877,0.999877,0.999877,0.999877
0.496000,0.999921,0.999921,0.999921,0.999921,0.999921,0.999921,0.999921
0.497000,0.999956,0.999956,0.999956,0.999956,0.999956,0.999956,0.999956
0.498000,0.999980,0.999980,0.999980,0.999980,0.999980,0.999980,0.999980
0.499000,0.999995,0.999995,0.999995,0.999995,0.999995,0.999995,0.999995
0.500000,1.000000,1.000000,1.000000,1.000000,1.000000,1.000000,1.000000
0.501000,0.999995,0.999995,0.999995,0.999995,0.999995,0.999995,0.999995
0.502000,0.999980,0.999980,0.999980,0.999980,0.999980,0.999980,0.999980
0.503000,0.999956,0.999956,0.999956,0.999956,0.999956,0.999956,0.999956
0.504000,0.999921,0.999921,0.999921,0.999921,0.999921,0.999921,0.999921
0.505000,0.999877,0.999877,0.999877,0.999877,0.999877,0.999877,0.999877
0.506000,0.999822,0.999822,0.999822,0.999822,0.999822,0.999822,0.999822
0.507000,0.999758,0.999758,0.999758,0.999758,0.999758,0.999758,0.999758
0.508000,0.999684,0.999684,0.999684,0.999684,0.999684,0.999684,0.999684
0.509000,0.999600,0.999600,0.999600,0.999600,0.999600,0.999600,0.999600
0.510000,0.999507,0.999507,0.999507,0.999507,0.999507,0.999507,0.999507
0.511000,0.999403,0.999403,0.999403,0.999403,0.999403,0.999403,0.999403
0.512000,0.999289,0.999289,0.999289,0.999289,0.999289,0.999289,0.999289
0.513000,0.999166,0.999166,0.999166,0.999166,0.999166,0.999166,0.999166
0.514000,0.999033,0.999033,0.999033,0.999033,0.999033,0.999033,0.999033
0.515000,0.998890,0.998890,0.998890,0.998890,0.998890,0.998890,0.998890
0.516000,0.998737,0.998737,0.998737,0.998737,0.998737,0.998737,0.998737
0.517000,0.998574,0.998574,0.998574,0.998574,0.998574,0.998574,0.998574
0.518000,0.998402,0.998402,0.998402,0.998402,0.998402,0.998402,0.998402
0.519000,0.998219,0.998219,0.998219,0.998219,0.998219,0.998219,0.998219
0.520000,0.998027,0.998027,0.998027,0.998027,0.998027,0.998027,0.998027
0.521000,0.997825,0.997825,0.997825,0.997825,0.997825,0.997825,0.997825
0.522000,0.997613,0.997613,0.997613,0.997613,0.997613,0.997613,0.997613
0.523000,0.997391,0.997391,0.997391,0.997391,0.997391,0.997391,0.997391
0.524000,0.997159,0.997159,0.997159,0.997159,0.997159,0.997159,0.997159
0.525000,0.996917,0.996917,0.996917,0.996917,0.996917,0.996917,0.996917
0.526000,0.996666,0.996666,0.996666,0.996666,0.996666,0.996666,0.996666
0.527000,0.996405,0.996405,0.996405,0.996405,0.996405,0.996405,0.996405
0.528000,0.996134,0.996134,0.996134,0.996134,0.996134,0.996134,0.996134
0.529000,0.995853,0.995853,0.995853,0.995853,0.995853,0.995853,0.995853
0.530000,0.995562,0.995562,0.995562,0.995562,0.995562,0.995562,0.995562
0.531000,0.995261,0.995261,0.995261,0.995261,0.995261,0.995261,0.995261
0.532000,0.994951,0.994951,0.994951,0.994951,0.994951,0.994951,0.994951
0.533000,0.994631,0.994631,0.994631,0.994631,0.994631,0.994631,0.994631
0.534000,0.994301,0.994301,0.994301,0.994301,0.994301,0.994301,0.994301
0.535000,0.993961,0.993961,0.993961,0.993961,0.993961,0.993961,0.993961
0.536000,0.993611,0.993611,0.993611,0.993611,0.993611,0.993611,0.993611
0.537000,0.993252,0.993252,0.993252,0.993252,0.993252,0.993252,0.993252
0.538000,0.992883,0.992883,0.992883,0.992883,0.992883,0.992883,0.992883
0.539000,0.992504,0.992504,0.992504,0.992504,0.992504,0.992504,0.992504
0.540000,0.992115,0.992115,0.992115,0.992115,0.992115,0.992115,0.992115
0.541000,0.991716,0.991716,0.991716,0.991716,0.991716,0.991716,0.991716
0.542000,0.991308,0.991308,0.991308,0.991308,0.991308,0.991308,0.991308
0.543000,0.990889,0.990889,0.990889,0.990889,0.990889,0.990889,0.990889
0.544000,0.990461,0.990461,0.990461,0.990461,0.990461,0.990461,0.990461
0.545000,0.990024,0.990024,0.990024,0.990024,0.990024,0.990024,0.990024
0.546000,0.989576,0.989576,0.989576,0.989576,0.989576,0.989576,0.989576
0.547000,0.989119,0.989119,0.989119,0.989119,0.989119,0.989119,0.989119
0.548000,0.988652,0.988652,0.988652,0.988652,0.988652,0.988652,0.988652
0.549000,0.988175,0.988175,0.988175,0.988175,0.988175,0.988175,0.988175
0.550000,0.987688,0.987688,0.987688,0.987688,0.987688,0.987688,0.987688
0.551000,0.987192,0.987192,0.987192,0.987192,0.987192,0.987192,0.987192
0.552000,0.986686,0.986686,0.986686,0.986686,0.986686,0.986686,0.986686
0.553000,0.986170,0.986170,0.986170,0.986170,0.986170,0.986170,0.986170
0.554000,0.985645,0.985645,0.985645,0.985645,0.985645,0.985645,0.985645
0.555000,0.985109,0.985109,0.985109,0.985109,0.985109,0.985109,0.985109
0.556000,0.984564,0.984564,0.984564,0.984564,0.984564,0.984564,0.984564
0.557000,0.984010,0.984010,0.984010,0.984010,0.984010,0.984010,0.984010
0.558000,0.983445,0.983445,0.983445,0.983445,0.983445,0.983445,0.983445
0.559000,0.982871,0.982871,0.982871,0.982871,0.982871,0.982871,0.982871
0.560000,0.982287,0.982287,0.982287,0.982287,0.982287,0.982287,0.982287
0.561000,0.981694,0.981694,0.981694,0.981694,0.981694,0.981694,0.981694
0.562000,0.981091,0.981091,0.981091,0.981091,0.981091,0.981091,0.981091
0.563000,0.980478,0.980478,0.980478,0.980478,0.980478,0.980478,0.980478
0.564000,0.979855,0.979855,0.979855,0.979855,0.979855,0.979855,0.979855
0.565000,0.979223,0.979223,0.979223,0.979223,0.979223,0.979223,0.979223
0.566000,0.978581,0.978581,0.978581,0.978581,0.978581,0.978581,0.978581
0.567000,0.977929,0.977929,0.977929,0.977929,0.977929,0.977929,0.977929
0.568000,0.977268,0.977268,0.977268,0.977268,0.977268,0.977268,0.977268
0.569000,0.976597,0.976597,0.976597,0.976597,0.976597,0.976597,0.976597
0.570000,0.975917,0.975917,0.975917,0.975917,0.975917,0.975917,0.975917
0.571000,0.975227,0.975227,0.975227,0.975227,0.975227,0.975227,0.975227
0.572000,0.974527,0.974527,0.974527,0.974527,0.974527,0.974527,0.974527
0.573000,0.973817,0.973817,0.973817,0.973817,0.973817,0.973817,0.973817
0.574000,0.973099,0.973099,0.973099,0.973099,0.973099,0.973099,0.973099
0.575000,0.972370,0.972370,0.972370,0.972370,0.972370,0.972370,0.972370
0.576000,0.971632,0.971632,0.971632,0.971632,0.971632,0.971632,0.971632
0.577000,0.970884,0.970884,0.970884,0.970884,0.970884,0.970884,0.970884
0.578000,0.970127,0.970127,0.970127,0.970127,0.970127,0.970127,0.970127
0.579000,0.969360,0.969360,0.969360,0.969360,0.969360,0.969360,0.969360
0.580000,0.968583,0.968583,0.968583,0.968583,0.968583,0.968583,0.968583
0.581000,0.967797,0.967797,0.967797,0.967797,0.967797,0.967797,0.967797
0.582000,0.967001,0.967001,0.967001,0.967001,0.967001,0.967001,0.967001
0.583000,0.966196,0.966196,0.966196,0.966196,0.966196,0.966196,0.966196
0.584000,0.965382,0.965382,0.965382,0.965382,0.965382,0.965382,0.965382
0.585000,0.964557,0.964557,0.964557,0.964557,0.964557,0.964557,0.964557
0.586000,0.963724,0.963724,0.963724,0.963724,0.963724,0.963724,0.963724
0.587000,0.962880,0.962880,0.962880,0.962880,0.962880,0.962880,0.962880
0.588000,0.962028,0.962028,0.962028,0.962028,0.962028,0.962028,0.962028
0.589000,0.961165,0.961165,0.961165,0.961165,0.961165,0.961165,0.961165
0.590000,0.960294,0.960294,0.960294,0.960294,0.960294,0.960294,0.960294
0.591000,0.959412,0.959412,0.959412,0.959412,0.959412,0.959412,0.959412
0.592000,0.958522,0.958522,0.958522,0.958522,0.958522,0.958522,0.958522
0.593000,0.957622,0.957622,0.957622,0.957622,0.957622,0.957622,0.957622
0.594000,0.956712,0.956712,0.956712,0.956712,0.956712,0.956712,0.956712
0.595000,0.955793,0.955793,0.955793,0.955793,0.955793,0.955793,0.955793
0.596000,0.954865,0.954865,0.954865,0.954865,0.954865,0.954865,0.954865
0.597000,0.953927,0.953927,0.953927,0.953927,0.953927,0.953927,0.953927
0.598000,0.952979,0.952979,0.952979,0.952979,0.952979,0.952979,0.952979
0.599000,0.952023,0.952023,0.952023,0.952023,0.952023,0.952023,0.952023
0.600000,0.951057,0.951057,0.951057,0.951057,0.951057,0.951057,0.951057
0.601000,0.950081,0.950081,0.950081,0.950081,0.950081,0.950081,0.950081
0.602000,0.949096,0.949096,0.949096,0.949096,0.949096,0.949096,0.949096
0.603000,0.948102,0.948102,0.948102,0.948102,0.948102,0.948102,0.948102
0.604000,0.947098,0.947098,0.947098,0.947098,0.947098,0.947098,0.947098
0.605000,0.946085,0.946085,0.946085,0.946085,0.946085,0.946085,0.946085
0.606000,0.945063,0.945063,0.945063,0.945063,0.945063,0.945063,0.945063
0.607000,0.944031,0.944031,0.944031,0.944031,0.944031,0.944031,0.944031
0.608000,0.942991,0.942991,0.942991,0.942991,0.942991,0.942991,0.942991
0.609000,0.941940,0.941940,0.941940,0.941940,0.941940,0.941940,0.941940
0.610000,0.940881,0.940881,0.940881,0.940881,0.940881,0.940881,0.940881
0.611000,0.939812,0.939812,0.939812,0.939812,0.939812,0.939812,0.939812
0.612000,0.938734,0.938734,0.938734,0.938734,0.938734,0.938734,0.938734
0.613000,0.937646,0.937646,0.937646,0.937646,0.937646,0.937646,0.937646
0.614000,0.936550,0.936550,0.936550,0.936550,0.936550,0.936550,0.936550
0.615000,0.935444,0.935444,0.935444,0.935444,0.935444,0.935444,0.935444
0.616000,0.934329,0.934329,0.934329,0.934329,0.934329,0.934329,0.934329
0.617000,0.933205,0.933205,0.933205,0.933205,0.933205,0.933205,0.933205
0.618000,0.932071,0.932071,0.932071,0.932071,0.932071,0.932071,0.932071
0.619000,0.930928,0.930928,0.930928,0.930928,0.930928,0.930928,0.930928
0.620000,0.929776,0.929776,0.929776,0.929776,0.929776,0.929776,0.929776
0.621000,0.928615,0.928615,0.928615,0.928615,0.928615,0.928615,0.928615
0.622000,0.927445,0.927445,0.927445,0.927445,0.927445,0.927445,0.927445
0.623000,0.926266,0.926266,0.926266,0.926266,0.926266,0.926266,0.926266
0.624000,0.925077,0.925077,0.925077,0.925077,0.925077,0.925077,0.925077
0.625000,0.923880,0.923880,0.923880,0.923880,0.923880,0.923880,0.923880
0.626000,0.922673,0.922673,0.922673,0.922673,0.922673,0.922673,0.922673
0.627000,0.921457,0.921457,0.921457,0.921457,0.921457,0.921457,0.921457
0.628000,0.920232,0.920232,0.920232,0.920232,0.920232,0.920232,0.920232
0.629000,0.918998,0.918998,0.918998,0.918998,0.918998,0.918998,0.918998
0.630000,0.917755,0.917755,0.917755,0.917755,0.917755,0.917755,0.917755
0.631000,0.916502,0.916502,0.916502,0.916502,0.916502,0.916502,0.916502
0.632000,0.915241,0.915241,0.915241,0.915241,0.915241,0.915241,0.915241
0.633000,0.913971,0.913971,0.913971,0.913971,0.913971,0.913971,0.913971
0.634000,0.912692,0.912692,0.912692,0.912692,0.912692,0.912692,0.912692
0.635000,0.911403,0.911403,0.911403,0.911403,0.911403,0.911403,0.911403
0.636000,0.910106,0.910106,0.910106,0.910106,0.910106,0.910106,0.910106
0.637000,0.908800,0.908800,0.908800,0.908800,0.908800,0.908800,0.908800
0.638000,0.907484,0.907484,0.907484,0.907484,0.907484,0.907484,0.907484
0.639000,0.906160,0.906160,0.906160,0.906160,0.906160,0.906160,0.906160
0.640000,0.904827,0.904827,0.904827,0.904827,0.904827,0.904827,0.904827
0.641000,0.903485,0.903485,0.903485,0.903485,0.903485,0.903485,0.903485
0.642000,0.902134,0.902134,0.902134,0.902134,0.902134,0.902134,0.902134
0.643000,0.900774,0.900774,0.900774,0.900774,0.900774,0.900774,0.900774
0.644000,0.899405,0.899405,0.899405,0.899405,0.899405,0.899405,0.899405
0.645000,0.898028,0.898028,0.898028,0.898028,0.898028,0.898028,0.898028
0.646000,0.896641,0.896641,0.896641,0.896641,0.896641,0.896641,0.896641
0.647000,0.895246,0.895246,0.895246,0.895246,0.895246,0.895246,0.895246
0.648000,0.893841,0.893841,0.893841,0.893841,0.893841,0.893841,0.893841
0.649000,0.892428,0.892428,0.892428,0.892428,0.892428,0.892428,0.892428
0.650000,0.891007,0.891007,0.891007,0.891007,0.891007,0.891007,0.891007
0.651000,0.889576,0.889576,0.889576,0.889576,0.889576,0.889576,0.889576
0.652000,0.888136,0.888136,0.888136,0.888136,0.888136,0.888136,0.888136
0.653000,0.886688,0.886688,0.886688,0.886688,0.886688,0.886688,0.886688
0.654000,0.885231,0.885231,0.885231,0.885231,0.885231,0.885231,0.885231
0.655000,0.883766,0.883766,0.883766,0.883766,0.883766,0.883766,0.883766
0.656000,0.882291,0.882291,0.882291,0.882291,0.882291,0.882291,0.882291
0.657000,0.880808,0.880808,0.880808,0.880808,0.880808,0.880808,0.880808
0.658000,0.879316,0.879316,0.879316,0.879316,0.879316,0.879316,0.879316
0.659000,0.877816,0.877816,0.877816,0.877816,0.877816,0.877816,0.877816
0.660000,0.876307,0.876307,0.876307,0.876307,0.876307,0.876307,0.876307
0.661000,0.874789,0.874789,0.874789,0.874789,0.874789,0.874789,0.874789
0.662000,0.873262,0.873262,0.873262,0.873262,0.873262,0.873262,0.873262
0.663000,0.871727,0.871727,0.871727,0.871727,0.871727,0.871727,0.871727
0.664000,0.870184,0.870184,0.870184,0.870184,0.870184,0.870184,0.870184
0.665000,0.868632,0.868632,0.868632,0.868632,0.868632,0.868632,0.868632
0.666000,0.867071,0.867071,0.867071,0.867071,0.867071,0.867071,0.867071
0.667000,0.865501,0.865501,0.865501,0.865501,0.865501,0.865501,0.865501
0.668000,0.863923,0.863923,0.863923,0.863923,0.863923,0.863923,0.863923
0.669000,0.862337,0.862337,0.862337,0.862337,0.862337,0.862337,0.862337
0.670000,0.860742,0.860742,0.860742,0.860742,0.860742,0.860742,0.860742
0.671000,0.859139,0.859139,0.859139,0.859139,0.859139,0.859139,0.859139
0.672000,0.857527,0.857527,0.857527,0.857527,0.857527,0.857527,0.857527
0.673000,0.855906,0.855906,0.855906,0.855906,0.855906,0.855906,0.855906
0.674000,0.854277,0.854277,0.854277,0.854277,0.854277,0.854277,0.854277
0.675000,0.852640,0.852640,0.852640,0.852640,0.852640,0.852640,0.852640
0.676000,0.850994,0.850994,0.850994,0.850994,0.850994,0.850994,0.850994
0.677000,0.849340,0.849340,0.849340,0.849340,0.849340,0.849340,0.849340
0.678000,0.847678,0.847678,0.847678,0.847678,0.847678,0.847678,0.847678
0.679000,0.846007,0.846007,0.846007,0.846007,0.846007,0.846007,0.846007
0.680000,0.844328,0.844328,0.844328,0.844328,0.844328,0.844328,0.844328
0.681000,0.842640,0.842640,0.842640,0.842640,0.842640,0.842640,0.842640
0.682000,0.840945,0.840945,0.840945,0.840945,0.840945,0.840945,0.840945
0.683000,0.839240,0.839240,0.839240,0.839240,0.839240,0.839240,0.839240
0.684000,0.837528,0.837528,0.837528,0.837528,0.837528,0.837528,0.837528
0.685000,0.835807,0.835807,0.835807,0.835807,0.835807,0.835807,0.835807
0.686000,0.834078,0.834078,0.834078,0.834078,0.834078,0.834078,0.834078
0.687000,0.832341,0.832341,0.832341,0.832341,0.832341,0.832341,0.832341
0.688000,0.830596,0.830596,0.830596,0.830596,0.830596,0.830596,0.830596
0.689000,0.828842,0.828842,0.828842,0.828842,0.828842,0.828842,0.828842
0.690000,0.827081,0.827081,0.827081,0.827081,0.827081,0.827081,0.827081
0.691000,0.825311,0.825311,0.825311,0.825311,0.825311,0.825311,0.825311
0.692000,0.823533,0.823533,0.823533,0.823533,0.823533,0.823533,0.823533
0.693000,0.821746,0.821746,0.821746,0.821746,0.821746,0.821746,0.821746
0.694000,0.819952,0.819952,0.819952,0.819952,0.819952,0.819952,0.819952
0.695000,0.818150,0.818150,0.818150,0.818150,0.818150,0.818150,0.818150
0.696000,0.816339,0.816339,0.816339,0.816339,0.816339,0.816339,0.816339
0.697000,0.814521,0.814521,0.814521,0.814521,0.814521,0.814521,0.814521
0.698000,0.812694,0.812694,0.812694,0.812694,0.812694,0.812694,0.812694
0.699000,0.810860,0.810860,0.810860,0.810860,0.810860,0.810860,0.810860
0.700000,0.809017,0.809017,0.809017,0.809017,0.809017,0.809017,0.809017
0.701000,0.807166,0.807166,0.807166,0.807166,0.807166,0.807166,0.807166
0.702000,0.805308,0.805308,0.805308,0.805308,0.805308,0.805308,0.805308
0.703000,0.803441,0.803441,0.803441,0.803441,0.803441,0.803441,0.803441
0.704000,0.801567,0.801567,0.801567,0.801567,0.801567,0.801567,0.801567
0.705000,0.799685,0.799685,0.799685,0.799685,0.799685,0.799685,0.799685
0.706000,0.797794,0.797794,0.797794,0.797794,0.797794,0.797794,0.797794
0.707000,0.795896,0.795896,0.795896,0.795896,0.795896,0.795896,0.795896
0.708000,0.793990,0.793990,0.793990,0.793990,0.793990,0.793990,0.793990
0.709000,0.792077,0.792077,0.792077,0.792077,0.792077,0.792077,0.792077
0.710000,0.790155,0.790155,0.790155,0.790155,0.790155,0.790155,0.790155
0.711000,0.788226,0.788226,0.788226,0.788226,0.788226,0.788226,0.788226
0.712000,0.786288,0.786288,0.786288,0.786288,0.786288,0.786288,0.786288
0.713000,0.784343,0.784343,0.784343,0.784343,0.784343,0.784343,0.784343
0.714000,0.782391,0.782391,0.782391,0.782391,0.782391,0.782391,0.782391
0.715000,0.780430,0.780430,0.780430,0.780430,0.780430,0.780430,0.780430
0.716000,0.778462,0.778462,0.778462,0.778462,0.778462,0.778462,0.778462
0.717000,0.776487,0.776487,0.776487,0.776487,0.776487,0.776487,0.776487
0.718000,0.774503,0.774503,0.774503,0.774503,0.774503,0.774503,0.774503
0.719000,0.772512,0.772512,0.772512,0.772512,0.772512,0.772512,0.772512
0.720000,0.770513,0.770513,0.770513,0.770513,0.770513,0.770513,0.770513
0.721000,0.768507,0.768507,0.768507,0.768507,0.768507,0.768507,0.768507
0.722000,0.766493,0.766493,0.766493,0.766493,0.766493,0.766493,0.766493
0.723000,0.764472,0.764472,0.764472,0.764472,0.764472,0.764472,0.764472
0.724000,0.762443,0.762443,0.762443,0.762443,0.762443,0.762443,0.762443
0.725000,0.760406,0.760406,0.760406,0.760406,0.760406,0.760406,0.760406
0.726000,0.758362,0.758362,0.758362,0.758362,0.758362,0.758362,0.758362
0.727000,0.756310,0.756310,0.756310,0.756310,0.756310,0.756310,0.756310
0.728000,0.754251,0.754251,0.754251,0.754251,0.754251,0.754251,0.754251
0.729000,0.752185,0.752185,0.752185,0.752185,0.752185,0.752185,0.752185
0.730000,0.750111,0.750111,0.750111,0.750111,0.750111,0.750111,0.750111
0.731000,0.748030,0.748030,0.748030,0.748030,0.748030,0.748030,0.748030
0.732000,0.745941,0.745941,0.745941,0.745941,0.745941,0.745941,0.745941
0.733000,0.743845,0.743845,0.743845,0.743845,0.743845,0.743845,0.743845
0.734000,0.741742,0.741742,0.741742,0.741742,0.741742,0.741742,0.741742
0.735000,0.739631,0.739631,0.739631,0.739631,0.739631,0.739631,0.739631
0.736000,0.737513,0.737513,0.737513,0.737513,0.737513,0.737513,0.737513
0.737000,0.735388,0.735388,0.735388,0.735388,0.735388,0.735388,0.735388
0.738000,0.733255,0.733255,0.733255,0.733255,0.733255,0.733255,0.733255
0.739000,0.731116,0.731116,0.731116,0.731116,0.731116,0.731116,0.731116
0.740000,0.728969,0.728969,0.728969,0.728969,0.728969,0.728969,0.728969
0.741000,0.726814,0.726814,0.726814,0.726814,0.726814,0.726814,0.726814
0.742000,0.724653,0.724653,0.724653,0.724653,0.724653,0.724653,0.724653
0.743000,0.722485,0.722485,0.722485,0.722485,0.722485,0.722485,0.722485
0.744000,0.720309,0.720309,0.720309,0.720309,0.720309,0.720309,0.720309
0.745000,0.718126,0.718126,0.718126,0.718126,0.718126,0.718126,0.718126
0.746000,0.715936,0.715936,0.715936,0.715936,0.715936,0.715936,0.715936
0.747000,0.713740,0.713740,0.713740,0.713740,0.713740,0.713740,0.713740
0.748000,0.711536,0.711536,0.711536,0.711536,0.711536,0.711536,0.711536
0.749000,0.709325,0.709325,0.709325,0.709325,0.709325,0.709325,0.709325
0.750000,0.707107,0.707107,0.707107,0.707107,0.707107,0.707107,0.707107
0.751000,0.704882,0.704882,0.704882,0.704882,0.704882,0.704882,0.704882
0.752000,0.702650,0.702650,0.702650,0.702650,0.702650,0.702650,0.702650
0.753000,0.700411,0.700411,0.700411,0.700411,0.700411,0.700411,0.700411
0.754000,0.698165,0.698165,0.698165,0.698165,0.698165,0.698165,0.698165
0.755000,0.695913,0.695913,0.695913,0.695913,0.695913,0.695913,0.695913
0.756000,0.693653,0.693653,0.693653,0.693653,0.693653,0.693653,0.693653
0.757000,0.691387,0.691387,0.691387,0.691387,0.691387,0.691387,0.691387
0.758000,0.689114,0.689114,0.689114,0.689114,0.689114,0.689114,0.689114
0.759000,0.686834,0.686834,0.686834,0.686834,0.686834,0.686834,0.686834
0.760000,0.684547,0.684547,0.684547,0.684547,0.684547,0.684547,0.684547
0.761000,0.682254,0.682254,0.682254,0.682254,0.682254,0.682254,0.682254
0.762000,0.679953,0.679953,0.679953,0.679953,0.679953,0.679953,0.679953
0.763000,0.677646,0.677646,0.677646,0.677646,0.677646,0.677646,0.677646
0.764000,0.675333,0.675333,0.675333,0.675333,0.675333,0.675333,0.675333
0.765000,0.673013,0.673013,0.673013,0.673013,0.673013,0.673013,0.673013
0.766000,0.670686,0.670686,0.670686,0.670686,0.670686,0.670686,0.670686
0.767000,0.668352,0.668352,0.668352,0.668352,0.668352,0.668352,0.668352
0.768000,0.666012,0.666012,0.666012,0.666012,0.666012,0.666012,0.666012
0.769000,0.663665,0.663665,0.663665,0.663665,0.663665,0.663665,0.663665
0.770000,0.661312,0.661312,0.661312,0.661312,0.661312,0.661312,0.661312
0.771000,0.658952,0.658952,0.658952,0.658952,0.658952,0.658952,0.658952
0.772000,0.656586,0.656586,0.656586,0.656586,0.656586,0.656586,0.656586
0.773000,0.654213,0.654213,0.654213,0.654213,0.654213,0.654213,0.654213
0.774000,0.651834,0.651834,0.651834,0.651834,0.651834,0.651834,0.651834
0.775000,0.649448,0.649448,0.649448,0.649448,0.649448,0.649448,0.649448
0.776000,0.647056,0.647056,0.647056,0.647056,0.647056,0.647056,0.647056
0.777000,0.644657,0.644657,0.644657,0.644657,0.644657,0.644657,0.644657
0.778000,0.642253,0.642253,0.642253,0.642253,0.642253,0.642253,0.642253
0.779000,0.639841,0.639841,0.639841,0.639841,0.639841,0.639841,0.639841
0.780000,0.637424,0.637424,0.637424,0.637424,0.637424,0.637424,0.637424
0.781000,0.635000,0.635000,0.635000,0.635000,0.635000,0.635000,0.635000
0.782000,0.632570,0.632570,0.632570,0.632570,0.632570,0.632570,0.632570
0.783000,0.630134,0.630134,0.630134,0.630134,0.630134,0.630134,0.630134
0.784000,0.627691,0.627691,0.627691,0.627691,0.627691,0.627691,0.627691
0.785000,0.625243,0.625243,0.625243,0.625243,0.625243,0.625243,0.625243
0.786000,0.622788,0.622788,0.622788,0.622788,0.622788,0.622788,0.622788
0.787000,0.620327,0.620327,0.620327,0.620327,0.620327,0.620327,0.620327
0.788000,0.617860,0.617860,0.617860,0.617860,0.617860,0.617860,0.617860
0.789000,0.615386,0.615386,0.615386,0.615386,0.615386,0.615386,0.615386
0.790000,0.612907,0.612907,0.612907,0.612907,0.612907,0.612907,0.612907
0.791000,0.610422,0.610422,0.610422,0.610422,0.610422,0.610422,0.610422
0.792000,0.607930,0.607930,0.607930,0.607930,0.607930,0.607930,0.607930
0.793000,0.605433,0.605433,0.605433,0.605433,0.605433,0.605433,0.605433
0.794000,0.602930,0.602930,0.602930,0.602930,0.602930,0.602930,0.602930
0.795000,0.600420,0.600420,0.600420,0.600420,0.600420,0.600420,0.600420
0.796000,0.597905,0.597905,0.597905,0.597905,0.597905,0.597905,0.597905
0.797000,0.595384,0.595384,0.595384,0.595384,0.595384,0.595384,0.595384
0.798000,0.592857,0.592857,0.592857,0.592857,0.592857,0.592857,0.592857
0.799000,0.590324,0.590324,0.590324,0.590324,0.590324,0.590324,0.590324
0.800000,0.587785,0.587785,0.587785,0.587785,0.587785,0.587785,0.587785
0.801000,0.585241,0.585241,0.585241,0.585241,0.585241,0.585241,0.585241
0.802000,0.582690,0.582690,0.582690,0.582690,0.582690,0.582690,0.582690
0.803000,0.580134,0.580134,0.580134,0.580134,0.580134,0.580134,0.580134
0.804000,0.577573,0.577573,0.577573,0.577573,0.577573,0.577573,0.577573
0.805000,0.575005,0.575005,0.575005,0.575005,0.575005,0.575005,0.575005
0.806000,0.572432,0.572432,0.572432,0.572432,0.572432,0.572432,0.572432
0.807000,0.569853,0.569853,0.569853,0.569853,0.569853,0.569853,0.569853
0.808000,0.567269,0.567269,0.567269,0.567269,0.567269,0.567269,0.567269
0.809000,0.564679,0.564679,0.564679,0.564679,0.564679,0.564679,0.564679
0.810000,0.562083,0.562083,0.562083,0.562083,0.562083,0.562083,0.562083
0.811000,0.559482,0.559482,0.559482,0.559482,0.559482,0.559482,0.559482
0.812000,0.556876,0.556876,0.556876,0.556876,0.556876,0.556876,0.556876
0.813000,0.554263,0.554263,0.554263,0.554263,0.554263,0.554263,0.554263
0.814000,0.551646,0.551646,0.551646,0.551646,0.551646,0.551646,0.551646
0.815000,0.549023,0.549023,0.549023,0.549023,0.549023,0.549023,0.549023
0.816000,0.546394,0.546394,0.546394,0.546394,0.546394,0.546394,0.546394
0.817000,0.543760,0.543760,0.543760,0.543760,0.543760,0.543760,0.543760
0.818000,0.541121,0.541121,0.541121,0.541121,0.541121,0.541121,0.541121
0.819000,0.538477,0.538477,0.538477,0.538477,0.538477,0.538477,0.538477
0.820000,0.535827,0.535827,0.535827,0.535827,0.535827,0.535827,0.535827
0.821000,0.533172,0.533172,0.533172,0.533172,0.533172,0.533172,0.533172
0.822000,0.530511,0.530511,0.530511,0.530511,0.530511,0.530511,0.530511
0.823000,0.527846,0.527846,0.527846,0.527846,0.527846,0.527846,0.527846
0.824000,0.525175,0.525175,0.525175,0.525175,0.525175,0.525175,0.525175
0.825000,0.522499,0.522499,0.522499,0.522499,0.522499,0.522499,0.522499
0.826000,0.519817,0.519817,0.519817,0.519817,0.519817,0.519817,0.519817
0.827000,0.517131,0.517131,0.517131,0.517131,0.517131,0.517131,0.517131
0.828000,0.514440,0.514440,0.514440,0.514440,0.514440,0.514440,0.514440
0.829000,0.511743,0.511743,0.511743,0.511743,0.511743,0.511743,0.511743
0.830000,0.509041,0.509041,0.509041,0.509041,0.509041,0.509041,0.509041
0.831000,0.506335,0.506335,0.506335,0.506335,0.506335,0.506335,0.506335
0.832000,0.503623,0.503623,0.503623,0.503623,0.503623,0.503623,0.503623
0.833000,0.500907,0.500907,0.500907,0.500907,0.500907,0.500907,0.500907
0.834000,0.498185,0.498185,0.498185,0.498185,0.498185,0.498185,0.498185
0.835000,0.495459,0.495459,0.495459,0.495459,0.495459,0.495459,0.495459
0.836000,0.492727,0.492727,0.492727,0.492727,0.492727,0.492727,0.492727
0.837000,0.489991,0.489991,0.489991,0.489991,0.489991,0.489991,0.489991
0.838000,0.487250,0.487250,0.487250,0.487250,0.487250,0.487250,0.487250
0.839000,0.484504,0.484504,0.484504,0.484504,0.484504,0.484504,0.484504
0.840000,0.481754,0.481754,0.481754,0.481754,0.481754,0.481754,0.481754
0.841000,0.478998,0.478998,0.478998,0.478998,0.478998,0.478998,0.478998
0.842000,0.476238,0.476238,0.476238,0.476238,0.476238,0.476238,0.476238
0.843000,0.473473,0.473473,0.473473,0.473473,0.473473,0.473473,0.473473
0.844000,0.470704,0.470704,0.470704,0.470704,0.470704,0.470704,0.470704
0.845000,0.467930,0.467930,0.467930,0.467930,0.467930,0.467930,0.467930
0.846000,0.465151,0.465151,0.465151,0.465151,0.465151,0.465151,0.465151
0.847000,0.462368,0.462368,0.462368,0.462368,0.462368,0.462368,0.462368
0.848000,0.459580,0.459580,0.459580,0.459580,0.459580,0.459580,0.459580
0.849000,0.456787,0.456787,0.456787,0.456787,0.456787,0.456787,0.456787
0.850000,0.453990,0.453990,0.453990,0.453990,0.453990,0.453990,0.453990
0.851000,0.451189,0.451189,0.451189,0.451189,0.451189,0.451189,0.451189
0.852000,0.448383,0.448383,0.448383,0.448383,0.448383,0.448383,0.448383
0.853000,0.445573,0.445573,0.445573,0.445573,0.445573,0.445573,0.445573
0.854000,0.442758,0.442758,0.442758,0.442758,0.442758,0.442758,0.442758
0.855000,0.439939,0.439939,0.439939,0.439939,0.439939,0.439939,0.439939
0.856000,0.437116,0.437116,0.437116,0.437116,0.437116,0.437116,0.437116
0.857000,0.434288,0.434288,0.434288,0.434288,0.434288,0.434288,0.434288
0.858000,0.431456,0.431456,0.431456,0.431456,0.431456,0.431456,0.431456
0.859000,0.428620,0.428620,0.428620,0.428620,0.428620,0.428620,0.428620
0.860000,0.425779,0.425779,0.425779,0.425779,0.425779,0.425779,0.425779
0.861000,0.422935,0.422935,0.422935,0.422935,0.422935,0.422935,0.422935
0.862000,0.420086,0.420086,0.420086,0.420086,0.420086,0.420086,0.420086
0.863000,0.417233,0.417233,0.417233,0.417233,0.417233,0.417233,0.417233
0.864000,0.414376,0.414376,0.414376,0.414376,0.414376,0.414376,0.414376
0.865000,0.411514,0.411514,0.411514,0.411514,0.411514,0.411514,0.411514
0.866000,0.408649,0.408649,0.408649,0.408649,0.408649,0.408649,0.408649
0.867000,0.405780,0.405780,0.405780,0.405780,0.405780,0.405780,0.405780
0.868000,0.402906,0.402906,0.402906,0.402906,0.402906,0.402906,0.402906
0.869000,0.400029,0.400029,0.400029,0.400029,0.400029,0.400029,0.400029
0.870000,0.397148,0.397148,0.397148,0.397148,0.397148,0.397148,0.397148
0.871000,0.394263,0.394263,0.394263,0.394263,0.394263,0.394263,0.394263
0.872000,0.391374,0.391374,0.391374,0.391374,0.391374,0.391374,0.391374
0.873000,0.388481,0.388481,0.388481,0.388481,0.388481,0.388481,0.388481
0.874000,0.385584,0.385584,0.385584,0.385584,0.385584,0.385584,0.385584
0.875000,0.382683,0.382683,0.382683,0.382683,0.382683,0.382683,0.382683
0.876000,0.379779,0.379779,0.379779,0.379779,0.379779,0.379779,0.379779
0.877000,0.376871,0.376871,0.376871,0.376871,0.376871,0.376871,0.376871
0.878000,0.373959,0.373959,0.373959,0.373959,0.373959,0.373959,0.373959
0.879000,0.371044,0.371044,0.371044,0.371044,0.371044,0.371044,0.371044
0.880000,0.368125,0.368125,0.368125,0.368125,0.368125,0.368125,0.368125
0.881000,0.365202,0.365202,0.365202,0.365202,0.365202,0.365202,0.365202
0.882000,0.362275,0.362275,0.362275,0.362275,0.362275,0.362275,0.362275
0.883000,0.359345,0.359345,0.359345,0.359345,0.359345,0.359345,0.359345
0.884000,0.356412,0.356412,0.356412,0.356412,0.356412,0.356412,0.356412
0.885000,0.353475,0.353475,0.353475,0.353475,0.353475,0.353475,0.353475
0.886000,0.350534,0.350534,0.350534,0.350534,0.350534,0.350534,0.350534
0.887000,0.347590,0.347590,0.347590,0.347590,0.347590,0.347590,0.347590
0.888000,0.344643,0.344643,0.344643,0.344643,0.344643,0.344643,0.344643
0.889000,0.341692,0.341692,0.341692,0.341692,0.341692,0.341692,0.341692
0.890000,0.338738,0.338738,0.338738,0.338738,0.338738,0.338738,0.338738
0.891000,0.335780,0.335780,0.335780,0.335780,0.335780,0.335780,0.335780
0.892000,0.332820,0.332820,0.332820,0.332820,0.332820,0.332820,0.332820
0.893000,0.329855,0.329855,0.329855,0.329855,0.329855,0.329855,0.329855
0.894000,0.326888,0.326888,0.326888,0.326888,0.326888,0.326888,0.326888
0.895000,0.323917,0.323917,0.323917,0.323917,0.323917,0.323917,0.323917
0.896000,0.320944,0.320944,0.320944,0.320944,0.320944,0.320944,0.320944
0.897000,0.317967,0.317967,0.317967,0.317967,0.317967,0.317967,0.317967
0.898000,0.314987,0.314987,0.314987,0.314987,0.314987,0.314987,0.314987
0.899000,0.312003,0.312003,0.312003,0.312003,0.312003,0.312003,0.312003
0.900000,0.309017,0.309017,0.309017,0.309017,0.309017,0.309017,0.309017
0.901000,0.306028,0.306028,0.306028,0.306028,0.306028,0.306028,0.306028
0.902000,0.303035,0.303035,0.303035,0.303035,0.303035,0.303035,0.303035
0.903000,0.300040,0.300040,0.300040,0.300040,0.300040,0.300040,0.300040
0.904000,0.297042,0.297042,0.297042,0.297042,0.297042,0.297042,0.297042
0.905000,0.294040,0.294040,0.294040,0.294040,0.294040,0.294040,0.294040
0.906000,0.291036,0.291036,0.291036,0.291036,0.291036,0.291036,0.291036
0.907000,0.288029,0.288029,0.288029,0.288029,0.288029,0.288029,0.288029
0.908000,0.285019,0.285019,0.285019,0.285019,0.285019,0.285019,0.285019
0.909000,0.282007,0.282007,0.282007,0.282007,0.282007,0.282007,0.282007
0.910000,0.278991,0.278991,0.278991,0.278991,0.278991,0.278991,0.278991
0.911000,0.275973,0.275973,0.275973,0.275973,0.275973,0.275973,0.275973
0.912000,0.272952,0.272952,0.272952,0.272952,0.272952,0.272952,0.272952
0.913000,0.269928,0.269928,0.269928,0.269928,0.269928,0.269928,0.269928
0.914000,0.266902,0.266902,0.266902,0.266902,0.266902,0.266902,0.266902
0.915000,0.263873,0.263873,0.263873,0.263873,0.263873,0.263873,0.263873
0.916000,0.260842,0.260842,0.260842,0.260842,0.260842,0.260842,0.260842
0.917000,0.257807,0.257807,0.257807,0.257807,0.257807,0.257807,0.257807
0.918000,0.254771,0.254771,0.254771,0.254771,0.254771,0.254771,0.254771
0.919000,0.251732,0.251732,0.251732,0.251732,0.251732,0.251732,0.251732
0.920000,0.248690,0.248690,0.248690,0.248690,0.248690,0.248690,0.248690
0.921000,0.245646,0.245646,0.245646,0.245646,0.245646,0.245646,0.245646
0.922000,0.242599,0.242599,0.242599,0.242599,0.242599,0.242599,0.242599
0.923000,0.239550,0.239550,0.239550,0.239550,0.239550,0.239550,0.239550
0.924000,0.236499,0.236499,0.236499,0.236499,0.236499,0.236499,0.236499
0.925000,0.233445,0.233445,0.233445,0.233445,0.233445,0.233445,0.233445
0.926000,0.230389,0.230389,0.230389,0.230389,0.230389,0.230389,0.230389
0.927000,0.227331,0.227331,0.227331,0.227331,0.227331,0.227331,0.227331
0.928000,0.224271,0.224271,0.224271,0.224271,0.224271,0.224271,0.224271
0.929000,0.221208,0.221208,0.221208,0.221208,0.221208,0.221208,0.221208
0.930000,0.218143,0.218143,0.218143,0.218143,0.218143,0.218143,0.218143
0.931000,0.215076,0.215076,0.215076,0.215076,0.215076,0.215076,0.215076
0.932000,0.212007,0.212007,0.212007,0.212007,0.212007,0.212007,0.212007
0.933000,0.208936,0.208936,0.208936,0.208936,0.208936,0.208936,0.208936
0.934000,0.205863,0.205863,0.205863,0.205863,0.205863,0.205863,0.205863
0.935000,0.202787,0.202787,0.202787,0.202787,0.202787,0.202787,0.202787
0.936000,0.199710,0.199710,0.199710,0.199710,0.199710,0.199710,0.199710
0.937000,0.196631,0.196631,0.196631,0.196631,0.196631,0.196631,0.196631
0.938000,0.193549,0.193549,0.193549,0.193549,0.193549,0.193549,0.193549
0.939000,0.190466,0.190466,0.190466,0.190466,0.190466,0.190466,0.190466
0.940000,0.187381,0.187381,0.187381,0.187381,0.187381,0.187381,0.187381
0.941000,0.184294,0.184294,0.184294,0.184294,0.184294,0.184294,0.184294
0.942000,0.181206,0.181206,0.181206,0.181206,0.181206,0.181206,0.181206
0.943000,0.178115,0.178115,0.178115,0.178115,0.178115,0.178115,0.178115
0.944000,0.175023,0.175023,0.175023,0.175023,0.175023,0.175023,0.175023
0.945000,0.171929,0.171929,0.171929,0.171929,0.171929,0.171929,0.171929
0.946000,0.168833,0.168833,0.168833,0.168833,0.168833,0.168833,0.168833
0.947000,0.165736,0.165736,0.165736,0.165736,0.165736,0.165736,0.165736
0.948000,0.162637,0.162637,0.162637,0.162637,0.162637,0.162637,0.162637
0.949000,0.159537,0.159537,0.159537,0.159537,0.159537,0.159537,0.159537
0.950000,0.156434,0.156434,0.156434,0.156434,0.156434,0.156434,0.156434
0.951000,0.153331,0.153331,0.153331,0.153331,0.153331,0.153331,0.153331
0.952000,0.150226,0.150226,0.150226,0.150226,0.150226,0.150226,0.150226
0.953000,0.147119,0.147119,0.147119,0.147119,0.147119,0.147119,0.147119
0.954000,0.144011,0.144011,0.144011,0.144011,0.144011,0.144011,0.144011
0.955000,0.140901,0.140901,0.140901,0.140901,0.140901,0.140901,0.140901
0.956000,0.137790,0.137790,0.137790,0.137790,0.137790,0.137790,0.137790
0.957000,0.134678,0.134678,0.134678,0.134678,0.134678,0.134678,0.134678
0.958000,0.131564,0.131564,0.131564,0.131564,0.131564,0.131564,0.131564
0.959000,0.128449,0.128449,0.128449,0.128449,0.128449,0.128449,0.128449
0.960000,0.125333,0.125333,0.125333,0.125333,0.125333,0.125333,0.125333
0.961000,0.122216,0.122216,0.122216,0.122216,0.122216,0.122216,0.122216
0.962000,0.119097,0.119097,0.119097,0.119097,0.119097,0.119097,0.119097
0.963000,0.115977,0.115977,0.115977,0.115977,0.115977,0.115977,0.115977
0.964000,0.112856,0.112856,0.112856,0.112856,0.112856,0.112856,0.112856
0.965000,0.109734,0.109734,0.109734,0.109734,0.109734,0.109734,0.109734
0.966000,0.106611,0.106611,0.106611,0.106611,0.106611,0.106611,0.106611
0.967000,0.103487,0.103487,0.103487,0.103487,0.103487,0.103487,0.103487
0.968000,0.100362,0.100362,0.100362,0.100362,0.100362,0.100362,0.100362
0.969000,0.097235,0.097235,0.097235,0.097235,0.097235,0.097235,0.097235
0.970000,0.094108,0.094108,0.094108,0.094108,0.094108,0.094108,0.094108
0.971000,0.090980,0.090980,0.090980,0.090980,0.090980,0.090980,0.090980
0.972000,0.087851,0.087851,0.087851,0.087851,0.087851,0.087851,0.087851
0.973000,0.084721,0.084721,0.084721,0.084721,0.084721,0.084721,0.084721
0.974000,0.081591,0.081591,0.081591,0.081591,0.081591,0.081591,0.081591
0.975000,0.078459,0.078459,0.078459,0.078459,0.078459,0.078459,0.078459
0.976000,0.075327,0.075327,0.075327,0.075327,0.075327,0.075327,0.075327
0.977000,0.072194,0.072194,0.072194,0.072194,0.072194,0.072194,0.072194
0.978000,0.069060,0.069060,0.069060,0.069060,0.069060,0.069060,0.069060
0.979000,0.065926,0.065926,0.065926,0.065926,0.065926,0.065926,0.065926
0.980000,0.062791,0.062791,0.062791,0.062791,0.062791,0.062791,0.062791
0.981000,0.059655,0.059655,0.059655,0.059655,0.059655,0.059655,0.059655
0.982000,0.056519,0.056519,0.056519,0.056519,0.056519,0.056519,0.056519
0.983000,0.053382,0.053382,0.053382,0.053382,0.053382,0.053382,0.053382
0.984000,0.050244,0.050244,0.050244,0.050244,0.050244,0.050244,0.050244
0.985000,0.047106,0.047106,0.047106,0.047106,0.047106,0.047106,0.047106
0.986000,0.043968,0.043968,0.043968,0.043968,0.043968,0.043968,0.043968
0.987000,0.040829,0.040829,0.040829,0.040829,0.040829,0.040829,0.040829
0.988000,0.037690,0.037690,0.037690,0.037690,0.037690,0.037690,0.037690
0.989000,0.034551,0.034551,0.034551,0.034551,0.034551,0.034551,0.034551
0.990000,0.031411,0.031411,0.031411,0.031411,0.031411,0.031411,0.031411
0.991000,0.028271,0.028271,0.028271,0.028271,0.028271,0.028271,0.028271
0.992000,0.025130,0.025130,0.025130,0.025130,0.025130,0.025130,0.025130
0.993000,0.021989,0.021989,0.021989,0.021989,0.021989,0.021989,0.021989
0.994000,0.018848,0.018848,0.018848,0.018848,0.018848,0.018848,0.018848
0.995000,0.015707,0.015707,0.015707,0.015707,0.015707,0.015707,0.015707
0.996000,0.012566,0.012566,0.012566,0.012566,0.012566,0.012566,0.012566
0.997000,0.009425,0.009425,0.009425,0.009425,0.009425,0.009425,0.009425
0.998000,0.006283,0.006283,0.006283,0.006283,0.006283,0.006283,0.006283
0.999000,0.003142,0.003142,0.003142,0.003142,0.003142,0.003142,0.003142
1.000000,-0.000000,-0.000000,-0.000000,-0.000000,-0.000000,-0.000000,-0.000000
1.001000,-0.003142,-0.003142,-0.003142,-0.003142,-0.003142,-0.003142,-0.003142
1.002000,-0.006283,-0.006283,-0.006283,-0.006283,-0.006283,-0.006283,-0.006283
1.003000,-0.009425,-0.009425,-0.009425,-0.009425,-0.009425,-0.009425,-0.009425
1.004000,-0.012566,-0.012566,-0.012566,-0.012566,-0.012566,-0.012566,-0.012566
1.005000,-0.015707,-0.015707,-0.015707,-0.015707,-0.015707,-0.015707,-0.015707
1.006000,-0.018848,-0.018848,-0.018848,-0.018848,-0.018848,-0.018848,-0.018848
1.007000,-0.021989,-0.021989,-0.021989,-0.021989,-0.021989,-0.021989,-0.021989
1.008000,-0.025130,-0.025130,-0.025130,-0.025130,-0.025130,-0.025130,-0.025130
1.009000,-0.028271,-0.028271,-0.028271,-0.028271,-0.028271,-0.028271,-0.028271
1.010000,-0.031411,-0.031411,-0.031411,-0.031411,-0.031411,-0.031411,-0.031411
1.011000,-0.034551,-0.034551,-0.034551,-0.034551,-0.034551,-0.034551,-0.034551
1.012000,-0.037690,-0.037690,-0.037690,-0.037690,-0.037690,-0.037690,-0.037690
1.013000,-0.040829,-0.040829,-0.040829,-0.040829,-0.040829,-0.040829,-0.040829
1.014000,-0.043968,-0.043968,-0.043968,-0.043968,-0.043968,-0.043968,-0.043968
1.015000,-0.047106,-0.047106,-0.047106,-0.047106,-0.047106,-0.047106,-0.047106
1.016000,-0.050244,-0.050244,-0.050244,-0.050244,-0.050244,-0.050244,-0.050244
1.017000,-0.053382,-0.053382,-0.053382,-0.053382,-0.053382,-0.053382,-0.053382
1.018000,-0.056519,-0.056519,-0.056519,-0.056519,-0.056519,-0.056519,-0.056519
1.019000,-0.059655,-0.059655,-0.059655,-0.059655,-0.059655,-0.059655,-0.059655
1.020000,-0.062791,-0.062791,-0.062791,-0.062791,-0.062791,-0.062791,-0.062791
1.021000,-0.065926,-0.065926,-0.065926,-0.065926,-0.065926,-0.065926,-0.065926
1.022000,-0.069060,-0.069060,-0.069060,-0.069060,-0.069060,-0.069060,-0.069060
1.023000,-0.072194,-0.072194,-0.072194,-0.072194,-0.072194,-0.072194,-0.072194
1.024000,-0.075327,-0.075327,-0.075327,-0.075327,-0.075327,-0.075327,-0.075327
1.025000,-0.078459,-0.078459,-0.078459,-0.078459,-0.078459,-0.078459,-0.078459
1.026000,-0.081591,-0.081591,-0.081591,-0.081591,-0.081591,-0.081591,-0.081591
1.027000,-0.084721,-0.084721,-0.084721,-0.084721,-0.084721,-0.084721,-0.084721
1.028000,-0.087851,-0.087851,-0.087851,-0.087851,-0.087851,-0.087851,-0.087851
1.029000,-0.090980,-0.090980,-0.090980,-0.090980,-0.090980,-0.090980,-0.090980
1.030000,-0.094108,-0.094108,-0.094108,-0.094108,-0.094108,-0.094108,-0.094108
1.031000,-0.097235,-0.097235,-0.097235,-0.097235,-0.097235,-0.097235,-0.097235
1.032000,-0.100362,-0.100362,-0.100362,-0.100362,-0.100362,-0.100362,-0.100362
1.033000,-0.103487,-0.103487,-0.103487,-0.103487,-0.103487,-0.103487,-0.103487
1.034000,-0.106611,-0.106611,-0.106611,-0.106611,-0.106611,-0.106611,-0.106611
1.035000,-0.109734,-0.109734,-0.109734,-0.109734,-0.109734,-0.109734,-0.109734
1.036000,-0.112856,-0.112856,-0.112856,-0.112856,-0.112856,-0.112856,-0.112856
1.037000,-0.115977,-0.115977,-0.115977,-0.115977,-0.115977,-0.115977,-0.115977
1.038000,-0.119097,-0.119097,-0.119097,-0.119097,-0.119097,-0.119097,-0.119097
1.039000,-0.122216,-0.122216,-0.122216,-0.122216,-0.122216,-0.122216,-0.122216
1.040000,-0.125333,-0.125333,-0.125333,-0.125333,-0.125333,-0.125333,-0.125333
1.041000,-0.128449,-0.128449,-0.128449,-0.128449,-0.128449,-0.128449,-0.128449
1.042000,-0.131564,-0.131564,-0.131564,-0.131564,-0.131564,-0.131564,-0.131564
1.043000,-0.134678,-0.134678,-0.134678,-0.134678,-0.134678,-0.134678,-0.134678
1.044000,-0.137790,-0.137790,-0.137790,-0.137790,-0.137790,-0.137790,-0.137790
1.045000,-0.140901,-0.140901,-0.140901,-0.140901,-0.140901,-0.140901,-0.140901
1.046000,-0.144011,-0.144011,-0.144011,-0.144011,-0.144011,-0.144011,-0.144011
1.047000,-0.147119,-0.147119,-0.147119,-0.147119,-0.147119,-0.147119,-0.147119
1.048000,-0.150226,-0.150226,-0.150226,-0.150226,-0.150226,-0.150226,-0.150226
1.049000,-0.153331,-0.153331,-0.153331,-0.153331,-0.153331,-0.153331,-0.153331
1.050000,-0.156434,-0.156434,-0.156434,-0.156434,-0.156434,-0.156434,-0.156434
1.051000,-0.159537,-0.159537,-0.159537,-0.159537,-0.159537,-0.159537,-0.159537
1.052000,-0.162637,-0.162637,-0.162637,-0.162637,-0.162637,-0.162637,-0.162637
1.053000,-0.165736,-0.165736,-0.165736,-0.165736,-0.165736,-0.165736,-0.165736
1.054000,-0.168833,-0.168833,-0.168833,-0.168833,-0.168833,-0.168833,-0.168833
1.055000,-0.171929,-0.171929,-0.171929,-0.171929,-0.171929,-0.171929,-0.171929
1.056000,-0.175023,-0.175023,-0.175023,-0.175023,-0.175023,-0.175023,-0.175023
1.057000,-0.178115,-0.178115,-0.178115,-0.178115,-0.178115,-0.178115,-0.178115
1.058000,-0.181206,-0.181206,-0.181206,-0.181206,-0.181206,-0.181206,-0.181206
1.059000,-0.184294,-0.184294,-0.184294,-0.184294,-0.184294,-0.184294,-0.184294
1.060000,-0.187381,-0.187381,-0.187381,-0.187381,-0.187381,-0.187381,-0.187381
1.061000,-0.190466,-0.190466,-0.190466,-0.190466,-0.190466,-0.190466,-0.190466
1.062000,-0.193549,-0.193549,-0.193549,-0.193549,-0.193549,-0.193549,-0.193549
1.063000,-0.196631,-0.196631,-0.196631,-0.196631,-0.196631,-0.196631,-0.196631
1.064000,-0.199710,-0.199710,-0.199710,-0.199710,-0.199710,-0.199710,-0.199710
1.065000,-0.202787,-0.202787,-0.202787,-0.202787,-0.202787,-0.202787,-0.202787
1.066000,-0.205863,-0.205863,-0.205863,-0.205863,-0.205863,-0.205863,-0.205863
1.067000,-0.208936,-0.208936,-0.208936,-0.208936,-0.208936,-0.208936,-0.208936
1.068000,-0.212007,-0.212007,-0.212007,-0.212007,-0.212007,-0.212007,-0.212007
1.069000,-0.215076,-0.215076,-0.215076,-0.215076,-0.215076,-0.215076,-0.215076
1.070000,-0.218143,-0.218143,-0.218143,-0.218143,-0.218143,-0.218143,-0.218143
1.071000,-0.221208,-0.221208,-0.221208,-0.221208,-0.221208,-0.221208,-0.221208
1.072000,-0.224271,-0.224271,-0.224271,-0.224271,-0.224271,-0.224271,-0.224271
1.073000,-0.227331,-0.227331,-0.227331,-0.227331,-0.227331,-0.227331,-0.227331
1.074000,-0.230389,-0.230389,-0.230389,-0.230389,-0.230389,-0.230389,-0.230389
1.075000,-0.233445,-0.233445,-0.233445,-0.233445,-0.233445,-0.233445,-0.233445
1.076000,-0.236499,-0.236499,-0.236499,-0.236499,-0.236499,-0.236499,-0.236499
1.077000,-0.239550,-0.239550,-0.239550,-0.239550,-0.239550,-0.239550,-0.239550
1.078000,-0.242599,-0.242599,-0.242599,-0.242599,-0.242599,-0.242599,-0.242599
1.079000,-0.245646,-0.245646,-0.245646,-0.245646,-0.245646,-0.245646,-0.245646
1.080000,-0.248690,-0.248690,-0.248690,-0.248690,-0.248690,-0.248690,-0.248690
1.081000,-0.251732,-0.251732,-0.251732,-0.251732,-0.251732,-0.251732,-0.251732
1.082000,-0.254771,-0.254771,-0.254771,-0.254771,-0.254771,-0.254771,-0.254771
1.083000,-0.257807,-0.257807,-0.257807,-0.257807,-0.257807,-0.257807,-0.257807
1.084000,-0.260842,-0.260842,-0.260842,-0.260842,-0.260842,-0.260842,-0.260842
1.085000,-0.263873,-0.263873,-0.263873,-0.263873,-0.263873,-0.263873,-0.263873
1.086000,-0.266902,-0.266902,-0.266902,-0.266902,-0.266902,-0.266902,-0.266902
1.087000,-0.269928,-0.269928,-0.269928,-0.269928,-0.269928,-0.269928,-0.269928
1.088000,-0.272952,-0.272952,-0.272952,-0.272952,-0.272952,-0.272952,-0.272952
1.089000,-0.275973,-0.275973,-0.275973,-0.275973,-0.275973,-0.275973,-0.275973
1.090000,-0.278991,-0.278991,-0.278991,-0.278991,-0.278991,-0.278991,-0.278991
1.091000,-0.282007,-0.282007,-0.282007,-0.282007,-0.282007,-0.282007,-0.282007
1.092000,-0.285019,-0.285019,-0.285019,-0.285019,-0.285019,-0.285019,-0.285019
1.093000,-0.288029,-0.288029,-0.288029,-0.288029,-0.288029,-0.288029,-0.288029
1.094000,-0.291036,-0.291036,-0.291036,-0.291036,-0.291036,-0.291036,-0.291036
1.095000,-0.294040,-0.294040,-0.294040,-0.294040,-0.294040,-0.294040,-0.294040
1.096000,-0.297042,-0.297042,-0.297042,-0.297042,-0.297042,-0.297042,-0.297042
1.097000,-0.300040,-0.300040,-0.300040,-0.300040,-0.300040,-0.300040,-0.300040
1.098000,-0.303035,-0.303035,-0.303035,-0.303035,-0.303035,-0.303035,-0.303035
1.099000,-0.306028,-0.306028,-0.306028,-0.306028,-0.306028,-0.306028,-0.306028
1.100000,-0.309017,-0.309017,-0.309017,-0.309017,-0.309017,-0.309017,-0.309017
1.101000,-0.312003,-0.312003,-0.312003,-0.312003,-0.312003,-0.312003,-0.312003
1.102000,-0.314987,-0.314987,-0.314987,-0.314987,-0.314987,-0.314987,-0.314987
1.103000,-0.317967,-0.317967,-0.317967,-0.317967,-0.317967,-0.317967,-0.317967
1.104000,-0.320944,-0.320944,-0.320944,-0.320944,-0.320944,-0.320944,-0.320944
1.105000,-0.323917,-0.323917,-0.323917,-0.323917,-0.323917,-0.323917,-0.323917
1.106000,-0.326888,-0.326888,-0.326888,-0.326888,-0.326888,-0.326888,-0.326888
1.107000,-0.329855,-0.329855,-0.329855,-0.329855,-0.329855,-0.329855,-0.329855
1.108000,-0.332820,-0.332820,-0.332820,-0.332820,-0.332820,-0.332820,-0.332820
1.109000,-0.335780,-0.335780,-0.335780,-0.335780,-0.335780,-0.335780,-0.335780
1.110000,-0.338738,-0.338738,-0.338738,-0.338738,-0.338738,-0.338738,-0.338738
1.111000,-0.341692,-0.341692,-0.341692,-0.341692,-0.341692,-0.341692,-0.341692
1.112000,-0.344643,-0.344643,-0.344643,-0.344643,-0.344643,-0.344643,-0.344643
1.113000,-0.347590,-0.347590,-0.347590,-0.347590,-0.347590,-0.347590,-0.347590
1.114000,-0.350534,-0.350534,-0.350534,-0.350534,-0.350534,-0.350534,-0.350534
1.115000,-0.353475,-0.353475,-0.353475,-0.353475,-0.353475,-0.353475,-0.353475
1.116000,-0.356412,-0.356412,-0.356412,-0.356412,-0.356412,-0.356412,-0.356412
1.117000,-0.359345,-0.359345,-0.359345,-0.359345,-0.359345,-0.359345,-0.359345
1.118000,-0.362275,-0.362275,-0.362275,-0.362275,-0.362275,-0.362275,-0.362275
1.119000,-0.365202,-0.365202,-0.365202,-0.365202,-0.365202,-0.365202,-0.365202
1.120000,-0.368125,-0.368125,-0.368125,-0.368125,-0.368125,-0.368125,-0.368125
1.121000,-0.371044,-0.371044,-0.371044,-0.371044,-0.371044,-0.371044,-0.371044
1.122000,-0.373959,-0.373959,-0.373959,-0.373959,-0.373959,-0.373959,-0.373959
1.123000,-0.376871,-0.376871,-0.376871,-0.376871,-0.376871,-0.376871,-0.376871
1.124000,-0.379779,-0.379779,-0.379779,-0.379779,-0.379779,-0.379779,-0.379779
1.125000,-0.382683,-0.382683,-0.382683,-0.382683,-0.382683,-0.382683,-0.382683
1.126000,-0.385584,-0.385584,-0.385584,-0.385584,-0.385584,-0.385584,-0.385584
1.127000,-0.388481,-0.388481,-0.388481,-0.388481,-0.388481,-0.388481,-0.388481
1.128000,-0.391374,-0.391374,-0.391374,-0.391374,-0.391374,-0.391374,-0.391374
1.129000,-0.394263,-0.394263,-0.394263,-0.394263,-0.394263,-0.394263,-0.394263
1.130000,-0.397148,-0.397148,-0.397148,-0.397148,-0.397148,-0.397148,-0.397148
1.131000,-0.400029,-0.400029,-0.400029,-0.400029,-0.400029,-0.400029,-0.400029
1.132000,-0.402906,-0.402906,-0.402906,-0.402906,-0.402906,-0.402906,-0.402906
1.133000,-0.405780,-0.405780,-0.405780,-0.405780,-0.405780,-0.405780,-0.405780
1.134000,-0.408649,-0.408649,-0.408649,-0.408649,-0.408649,-0.408649,-0.408649
1.135000,-0.411514,-0.411514,-0.411514,-0.411514,-0.411514,-0.411514,-0.411514
1.136000,-0.414376,-0.414376,-0.414376,-0.414376,-0.414376,-0.414376,-0.414376
1.137000,-0.417233,-0.417233,-0.417233,-0.417233,-0.417233,-0.417233,-0.417233
1.138000,-0.420086,-0.420086,-0.420086,-0.420086,-0.420086,-0.420086,-0.420086
1.139000,-0.422935,-0.422935,-0.422935,-0.422935,-0.422935,-0.422935,-0.422935
1.140000,-0.425779,-0.425779,-0.425779,-0.425779,-0.425779,-0.425779,-0.425779
1.141000,-0.428620,-0.428620,-0.428620,-0.428620,-0.428620,-0.428620,-0.428620
1.142000,-0.431456,-0.431456,-0.431456,-0.431456,-0.431456,-0.431456,-0.431456
1.143000,-0.434288,-0.434288,-0.434288,-0.434288,-0.434288,-0.434288,-0.434288
1.144000,-0.437116,-0.437116,-0.437116,-0.437116,-0.437116,-0.437116,-0.437116
1.145000,-0.439939,-0.439939,-0.439939,-0.439939,-0.439939,-0.439939,-0.439939
1.146000,-0.442758,-0.442758,-0.442758,-0.442758,-0.442758,-0.442758,-0.442758
1.147000,-0.445573,-0.445573,-0.445573,-0.445573,-0.445573,-0.445573,-0.445573
1.148000,-0.448383,-0.448383,-0.448383,-0.448383,-0.448383,-0.448383,-0.448383
1.149000,-0.451189,-0.451189,-0.451189,-0.451189,-0.451189,-0.451189,-0.451189
1.150000,-0.453990,-0.453990,-0.453990,-0.453990,-0.453990,-0.453990,-0.453990
1.151000,-0.456787,-0.456787,-0.456787,-0.456787,-0.456787,-0.456787,-0.456787
1.152000,-0.459580,-0.459580,-0.459580,-0.459580,-0.459580,-0.459580,-0.459580
1.153000,-0.462368,-0.462368,-0.462368,-0.462368,-0.462368,-0.462368,-0.462368
1.154000,-0.465151,-0.465151,-0.465151,-0.465151,-0.465151,-0.465151,-0.465151
1.155000,-0.467930,-0.467930,-0.467930,-0.467930,-0.467930,-0.467930,-0.467930
1.156000,-0.470704,-0.470704,-0.470704,-0.470704,-0.470704,-0.470704,-0.470704
1.157000,-0.473473,-0.473473,-0.473473,-0.473473,-0.473473,-0.473473,-0.473473
1.158000,-0.476238,-0.476238,-0.476238,-0.476238,-0.476238,-0.476238,-0.476238
1.159000,-0.478998,-0.478998,-0.478998,-0.478998,-0.478998,-0.478998,-0.478998
1.160000,-0.481754,-0.481754,-0.481754,-0.481754,-0.481754,-0.481754,-0.481754
1.161000,-0.484504,-0.484504,-0.484504,-0.484504,-0.484504,-0.484504,-0.484504
1.162000,-0.487250,-0.487250,-0.487250,-0.487250,-0.487250,-0.487250,-0.487250
1.163000,-0.489991,-0.489991,-0.489991,-0.489991,-0.489991,-0.489991,-0.489991
1.164000,-0.492727,-0.492727,-0.492727,-0.492727,-0.492727,-0.492727,-0.492727
1.165000,-0.495459,-0.495459,-0.495459,-0.495459,-0.495459,-0.495459,-0.495459
1.166000,-0.498185,-0.498185,-0.498185,-0.498185,-0.498185,-0.498185,-0.498185
1.167000,-0.500907,-0.500907,-0.500907,-0.500907,-0.500907,-0.500907,-0.500907
1.168000,-0.503623,-0.503623,-0.503623,-0.503623,-0.503623,-0.503623,-0.503623
1.169000,-0.506335,-0.506335,-0.506335,-0.506335,-0.506335,-0.506335,-0.506335
1.170000,-0.509041,-0.509041,-0.509041,-0.509041,-0.509041,-0.509041,-0.509041
1.171000,-0.511743,-0.511743,-0.511743,-0.511743,-0.511743,-0.511743,-0.511743
1.172000,-0.514440,-0.514440,-0.514440,-0.514440,-0.514440,-0.514440,-0.514440
1.173000,-0.517131,-0.517131,-0.517131,-0.517131,-0.517131,-0.517131,-0.517131
1.174000,-0.519817,-0.519817,-0.519817,-0.519817,-0.519817,-0.519817,-0.519817
1.175000,-0.522499,-0.522499,-0.522499,-0.522499,-0.522499,-0.522499,-0.522499
1.176000,-0.525175,-0.525175,-0.525175,-0.525175,-0.525175,-0.525175,-0.525175
1.177000,-0.527846,-0.527846,-0.527846,-0.527846,-0.527846,-0.527846,-0.527846
1.178000,-0.530511,-0.530511,-0.530511,-0.530511,-0.530511,-0.530511,-0.530511
1.179000,-0.533172,-0.533172,-0.533172,-0.533172,-0.533172,-0.533172,-0.533172
1.180000,-0.535827,-0.535827,-0.535827,-0.535827,-0.535827,-0.535827,-0.535827
1.181000,-0.538477,-0.538477,-0.538477,-0.538477,-0.538477,-0.538477,-0.538477
1.182000,-0.541121,-0.541121,-0.541121,-0.541121,-0.541121,-0.541121,-0.541121
1.183000,-0.543760,-0.543760,-0.543760,-0.543760,-0.543760,-0.543760,-0.543760
1.184000,-0.546394,-0.546394,-0.546394,-0.546394,-0.546394,-0.546394,-0.546394
1.185000,-0.549023,-0.549023,-0.549023,-0.549023,-0.549023,-0.549023,-0.549023
1.186000,-0.551646,-0.551646,-0.551646,-0.551646,-0.551646,-0.551646,-0.551646
1.187000,-0.554263,-0.554263,-0.554263,-0.554263,-0.554263,-0.554263,-0.554263
1.188000,-0.556876,-0.556876,-0.556876,-0.556876,-0.556876,-0.556876,-0.556876
1.189000,-0.559482,-0.559482,-0.559482,-0.559482,-0.559482,-0.559482,-0.559482
1.190000,-0.562083,-0.562083,-0.562083,-0.562083,-0.562083,-0.562083,-0.562083
1.191000,-0.564679,-0.564679,-0.564679,-0.564679,-0.564679,-0.564679,-0.564679
1.192000,-0.567269,-0.567269,-0.567269,-0.567269,-0.567269,-0.567269,-0.567269
1.193000,-0.569853,-0.569853,-0.569853,-0.569853,-0.569853,-0.569853,-0.569853
1.194000,-0.572432,-0.572432,-0.572432,-0.572432,-0.572432,-0.572432,-0.572432
1.195000,-0.575005,-0.575005,-0.575005,-0.575005,-0.575005,-0.575005,-0.575005
1.196000,-0.577573,-0.577573,-0.577573,-0.577573,-0.577573,-0.577573,-0.577573
1.197000,-0.580134,-0.580134,-0.580134,-0.580134,-0.580134,-0.580134,-0.580134
1.198000,-0.582690,-0.582690,-0.582690,-0.582690,-0.582690,-0.582690,-0.582690
1.199000,-0.585241,-0.585241,-0.585241,-0.585241,-0.585241,-0.585241,-0.585241
1.200000,-0.587785,-0.587785,-0.587785,-0.587785,-0.587785,-0.587785,-0.587785
1.201000,-0.590324,-0.590324,-0.590324,-0.590324,-0.590324,-0.590324,-0.590324
1.202000,-0.592857,-0.592857,-0.592857,-0.592857,-0.592857,-0.592857,-0.592857
1.203000,-0.595384,-0.595384,-0.595384,-0.595384,-0.595384,-0.595384,-0.595384
1.204000,-0.597905,-0.597905,-0.597905,-0.597905,-0.597905,-0.597905,-0.597905
1.205000,-0.600420,-0.600420,-0.600420,-0.600420,-0.600420,-0.600420,-0.600420
1.206000,-0.602930,-0.602930,-0.602930,-0.602930,-0.602930,-0.602930,-0.602930
1.207000,-0.605433,-0.605433,-0.605433,-0.605433,-0.605433,-0.605433,-0.605433
1.208000,-0.607930,-0.607930,-0.607930,-0.607930,-0.607930,-0.607930,-0.607930
1.209000,-0.610422,-0.610422,-0.610422,-0.610422,-0.610422,-0.610422,-0.610422
1.210000,-0.612907,-0.612907,-0.612907,-0.612907,-0.612907,-0.612907,-0.612907
1.211000,-0.615386,-0.615386,-0.615386,-0.615386,-0.615386,-0.615386,-0.615386
1.212000,-0.617860,-0.617860,-0.617860,-0.617860,-0.617860,-0.617860,-0.617860
1.213000,-0.620327,-0.620327,-0.620327,-0.620327,-0.620327,-0.620327,-0.620327
1.214000,-0.622788,-0.622788,-0.622788,-0.622788,-0.622788,-0.622788,-0.622788
1.215000,-0.625243,-0.625243,-0.625243,-0.625243,-0.625243,-0.625243,-0.625243
1.216000,-0.627691,-0.627691,-0.627691,-0.627691,-0.627691,-0.627691,-0.627691
1.217000,-0.630134,-0.630134,-0.630134,-0.630134,-0.630134,-0.630134,-0.630134
1.218000,-0.632570,-0.632570,-0.632570,-0.632570,-0.632570,-0.632570,-0.632570
1.219000,-0.635000,-0.635000,-0.635000,-0.635000,-0.635000,-0.635000,-0.635000
1.220000,-0.637424,-0.637424,-0.637424,-0.637424,-0.637424,-0.637424,-0.637424
1.221000,-0.639841,-0.639841,-0.639841,-0.639841,-0.639841,-0.639841,-0.639841
1.222000,-0.642253,-0.642253,-0.642253,-0.642253,-0.642253,-0.642253,-0.642253
1.223000,-0.644657,-0.644657,-0.644657,-0.644657,-0.644657,-0.644657,-0.644657
1.224000,-0.647056,-0.647056,-0.647056,-0.647056,-0.647056,-0.647056,-0.647056
1.225000,-0.649448,-0.649448,-0.649448,-0.649448,-0.649448,-0.649448,-0.649448
1.226000,-0.651834,-0.651834,-0.651834,-0.651834,-0.651834,-0.651834,-0.651834
1.227000,-0.654213,-0.654213,-0.654213,-0.654213,-0.654213,-0.654213,-0.654213
1.228000,-0.656586,-0.656586,-0.656586,-0.656586,-0.656586,-0.656586,-0.656586
1.229000,-0.658952,-0.658952,-0.658952,-0.658952,-0.658952,-0.658952,-0.658952
1.230000,-0.661312,-0.661312,-0.661312,-0.661312,-0.661312,-0.661312,-0.661312
1.231000,-0.663665,-0.663665,-0.663665,-0.663665,-0.663665,-0.663665,-0.663665
1.232000,-0.666012,-0.666012,-0.666012,-0.666012,-0.666012,-0.666012,-0.666012
1.233000,-0.668352,-0.668352,-0.668352,-0.668352,-0.668352,-0.668352,-0.668352
1.234000,-0.670686,-0.670686,-0.670686,-0.670686,-0.670686,-0.670686,-0.670686
1.235000,-0.673013,-0.673013,-0.673013,-0.673013,-0.673013,-0.673013,-0.673013
1.236000,-0.675333,-0.675333,-0.675333,-0.675333,-0.675333,-0.675333,-0.675333
1.237000,-0.677646,-0.677646,-0.677646,-0.677646,-0.677646,-0.677646,-0.677646
1.238000,-0.679953,-0.679953,-0.679953,-0.679953,-0.679953,-0.679953,-0.679953
1.239000,-0.682254,-0.682254,-0.682254,-0.682254,-0.682254,-0.682254,-0.682254
1.240000,-0.684547,-0.684547,-0.684547,-0.684547,-0.684547,-0.684547,-0.684547
1.241000,-0.686834,-0.686834,-0.686834,-0.686834,-0.686834,-0.686834,-0.686834
1.242000,-0.689114,-0.689114,-0.689114,-0.689114,-0.689114,-0.689114,-0.689114
1.243000,-0.691387,-0.691387,-0.691387,-0.691387,-0.691387,-0.691387,-0.691387
1.244000,-0.693653,-0.693653,-0.693653,-0.693653,-0.693653,-0.693653,-0.693653
1.245000,-0.695913,-0.695913,-0.695913,-0.695913,-0.695913,-0.695913,-0.695913
1.246000,-0.698165,-0.698165,-0.698165,-0.698165,-0.698165,-0.698165,-0.698165
1.247000,-0.700411,-0.700411,-0.700411,-0.700411,-0.700411,-0.700411,-0.700411
1.248000,-0.702650,-0.702650,-0.702650,-0.702650,-0.702650,-0.702650,-0.702650
1.249000,-0.704882,-0.704882,-0.704882,-0.704882,-0.704882,-0.704882,-0.704882
1.250000,-0.707107,-0.707107,-0.707107,-0.707107,-0.707107,-0.707107,-0.707107
1.251000,-0.709325,-0.709325,-0.709325,-0.709325,-0.709325,-0.709325,-0.709325
1.252000,-0.711536,-0.711536,-0.711536,-0.711536,-0.711536,-0.711536,-0.711536
1.253000,-0.713740,-0.713740,-0.713740,-0.713740,-0.713740,-0.713740,-0.713740
1.254000,-0.715936,-0.715936,-0.715936,-0.715936,-0.715936,-0.715936,-0.715936
1.255000,-0.718126,-0.718126,-0.718126,-0.718126,-0.718126,-0.718126,-0.718126
1.256000,-0.720309,-0.720309,-0.720309,-0.720309,-0.720309,-0.720309,-0.720309
1.257000,-0.722485,-0.722485,-0.722485,-0.722485,-0.722485,-0.722485,-0.722485
1.258000,-0.724653,-0.724653,-0.724653,-0.724653,-0.724653,-0.724653,-0.724653
1.259000,-0.726814,-0.726814,-0.726814,-0.726814,-0.726814,-0.726814,-0.726814
1.260000,-0.728969,-0.728969,-0.728969,-0.728969,-0.728969,-0.728969,-0.728969
1.261000,-0.731116,-0.731116,-0.731116,-0.731116,-0.731116,-0.731116,-0.731116
1.262000,-0.733255,-0.733255,-0.733255,-0.733255,-0.733255,-0.733255,-0.733255
1.263000,-0.735388,-0.735388,-0.735388,-0.735388,-0.735388,-0.735388,-0.735388
1.264000,-0.737513,-0.737513,-0.737513,-0.737513,-0.737513,-0.737513,-0.737513
1.265000,-0.739631,-0.739631,-0.739631,-0.739631,-0.739631,-0.739631,-0.739631
1.266000,-0.741742,-0.741742,-0.741742,-0.741742,-0.741742,-0.741742,-0.741742
1.267000,-0.743845,-0.743845,-0.743845,-0.743845,-0.743845,-0.743845,-0.743845
1.268000,-0.745941,-0.745941,-0.745941,-0.745941,-0.745941,-0.745941,-0.745941
1.269000,-0.748030,-0.748030,-0.748030,-0.748030,-0.748030,-0.748030,-0.748030
1.270000,-0.750111,-0.750111,-0.750111,-0.750111,-0.750111,-0.750111,-0.750111
1.271000,-0.752185,-0.752185,-0.752185,-0.752185,-0.752185,-0.752185,-0.752185
1.272000,-0.754251,-0.754251,-0.754251,-0.754251,-0.754251,-0.754251,-0.754251
1.273000,-0.756310,-0.756310,-0.756310,-0.756310,-0.756310,-0.756310,-0.756310
1.274000,-0.758362,-0.758362,-0.758362,-0.758362,-0.758362,-0.758362,-0.758362
1.275000,-0.760406,-0.760406,-0.760406,-0.760406,-0.760406,-0.760406,-0.760406
1.276000,-0.762443,-0.762443,-0.762443,-0.762443,-0.762443,-0.762443,-0.762443
1.277000,-0.764472,-0.764472,-0.764472,-0.764472,-0.764472,-0.764472,-0.764472
1.278000,-0.766493,-0.766493,-0.766493,-0.766493,-0.766493,-0.766493,-0.766493
1.279000,-0.768507,-0.768507,-0.768507,-0.768507,-0.768507,-0.768507,-0.768507
1.280000,-0.770513,-0.770513,-0.770513,-0.770513,-0.770513,-0.770513,-0.770513
1.281000,-0.772512,-0.772512,-0.772512,-0.772512,-0.772512,-0.772512,-0.772512
1.282000,-0.774503,-0.774503,-0.774503,-0.774503,-0.774503,-0.774503,-0.774503
1.283000,-0.776487,-0.776487,-0.776487,-0.776487,-0.776487,-0.776487,-0.776487
1.284000,-0.778462,-0.778462,-0.778462,-0.778462,-0.778462,-0.778462,-0.778462
1.285000,-0.780430,-0.780430,-0.780430,-0.780430,-0.780430,-0.780430,-0.780430
1.286000,-0.782391,-0.782391,-0.782391,-0.782391,-0.782391,-0.782391,-0.782391
1.287000,-0.784343,-0.784343,-0.784343,-0.784343,-0.784343,-0.784343,-0.784343
1.288000,-0.786288,-0.786288,-0.786288,-0.786288,-0.786288,-0.786288,-0.786288
1.289000,-0.788226,-0.788226,-0.788226,-0.788226,-0.788226,-0.788226,-0.788226
1.290000,-0.790155,-0.790155,-0.790155,-0.790155,-0.790155,-0.790155,-0.790155
1.291000,-0.792077,-0.792077,-0.792077,-0.792077,-0.792077,-0.792077,-0.792077
1.292000,-0.793990,-0.793990,-0.793990,-0.793990,-0.793990,-0.793990,-0.793990
1.293000,-0.795896,-0.795896,-0.795896,-0.795896,-0.795896,-0.795896,-0.795896
1.294000,-0.797794,-0.797794,-0.797794,-0.797794,-0.797794,-0.797794,-0.797794
1.295000,-0.799685,-0.799685,-0.799685,-0.799685,-0.799685,-0.799685,-0.799685
1.296000,-0.801567,-0.801567,-0.801567,-0.801567,-0.801567,-0.801567,-0.801567
1.297000,-0.803441,-0.803441,-0.803441,-0.803441,-0.803441,-0.803441,-0.803441
1.298000,-0.805308,-0.805308,-0.805308,-0.805308,-0.805308,-0.805308,-0.805308
1.299000,-0.807166,-0.807166,-0.807166,-0.807166,-0.807166,-0.807166,-0.807166
1.300000,-0.809017,-0.809017,-0.809017,-0.809017,-0.809017,-0.809017,-0.809017
1.301000,-0.810860,-0.810860,-0.810860,-0.810860,-0.810860,-0.810860,-0.810860
1.302000,-0.812694,-0.812694,-0.812694,-0.812694,-0.812694,-0.812694,-0.812694
1.303000,-0.814521,-0.814521,-0.814521,-0.814521,-0.814521,-0.814521,-0.814521
1.304000,-0.816339,-0.816339,-0.816339,-0.816339,-0.816339,-0.816339,-0.816339
1.305000,-0.818150,-0.818150,-0.818150,-0.818150,-0.818150,-0.818150,-0.818150
1.306000,-0.819952,-0.819952,-0.819952,-0.819952,-0.819952,-0.819952,-0.819952
1.307000,-0.821746,-0.821746,-0.821746,-0.821746,-0.821746,-0.821746,-0.821746
1.308000,-0.823533,-0.823533,-0.823533,-0.823533,-0.823533,-0.823533,-0.823533
1.309000,-0.825311,-0.825311,-0.825311,-0.825311,-0.825311,-0.825311,-0.825311
1.310000,-0.827081,-0.827081,-0.827081,-0.827081,-0.827081,-0.827081,-0.827081
1.311000,-0.828842,-0.828842,-0.828842,-0.828842,-0.828842,-0.828842,-0.828842
1.312000,-0.830596,-0.830596,-0.830596,-0.830596,-0.830596,-0.830596,-0.830596
1.313000,-0.832341,-0.832341,-0.832341,-0.832341,-0.832341,-0.832341,-0.832341
1.314000,-0.834078,-0.834078,-0.834078,-0.834078,-0.834078,-0.834078,-0.834078
1.315000,-0.835807,-0.835807,-0.835807,-0.835807,-0.835807,-0.835807,-0.835807
1.316000,-0.837528,-0.837528,-0.837528,-0.837528,-0.837528,-0.837528,-0.837528
1.317000,-0.839240,-0.839240,-0.839240,-0.839240,-0.839240,-0.839240,-0.839240
1.318000,-0.840945,-0.840945,-0.840945,-0.840945,-0.840945,-0.840945,-0.840945
1.319000,-0.842640,-0.842640,-0.842640,-0.842640,-0.842640,-0.842640,-0.842640
1.320000,-0.844328,-0.844328,-0.844328,-0.844328,-0.844328,-0.844328,-0.844328
1.321000,-0.846007,-0.846007,-0.846007,-0.846007,-0.846007,-0.846007,-0.846007
1.322000,-0.847678,-0.847678,-0.847678,-0.847678,-0.847678,-0.847678,-0.847678
1.323000,-0.849340,-0.849340,-0.849340,-0.849340,-0.849340,-0.849340,-0.849340
1.324000,-0.850994,-0.850994,-0.850994,-0.850994,-0.850994,-0.850994,-0.850994
1.325000,-0.852640,-0.852640,-0.852640,-0.852640,-0.852640,-0.852640,-0.852640
1.326000,-0.854277,-0.854277,-0.854277,-0.854277,-0.854277,-0.854277,-0.854277
1.327000,-0.855906,-0.855906,-0.855906,-0.855906,-0.855906,-0.855906,-0.855906
1.328000,-0.857527,-0.857527,-0.857527,-0.857527,-0.857527,-0.857527,-0.857527
1.329000,-0.859139,-0.859139,-0.859139,-0.859139,-0.859139,-0.859139,-0.859139
1.330000,-0.860742,-0.860742,-0.860742,-0.860742,-0.860742,-0.860742,-0.860742
1.331000,-0.862337,-0.862337,-0.862337,-0.862337,-0.862337,-0.862337,-0.862337
1.332000,-0.863923,-0.863923,-0.863923,-0.863923,-0.863923,-0.863923,-0.863923
1.333000,-0.865501,-0.865501,-0.865501,-0.865501,-0.865501,-0.865501,-0.865501
1.334000,-0.867071,-0.867071,-0.867071,-0.867071,-0.867071,-0.867071,-0.867071
1.335000,-0.868632,-0.868632,-0.868632,-0.868632,-0.868632,-0.868632,-0.868632
1.336000,-0.870184,-0.870184,-0.870184,-0.870184,-0.870184,-0.870184,-0.870184
1.337000,-0.871727,-0.871727,-0.871727,-0.871727,-0.871727,-0.871727,-0.871727
1.338000,-0.873262,-0.873262,-0.873262,-0.873262,-0.873262,-0.873262,-0.873262
1.339000,-0.874789,-0.874789,-0.874789,-0.874789,-0.874789,-0.874789,-0.874789
1.340000,-0.876307,-0.876307,-0.876307,-0.876307,-0.876307,-0.876307,-0.876307
1.341000,-0.877816,-0.877816,-0.877816,-0.877816,-0.877816,-0.877816,-0.877816
1.342000,-0.879316,-0.879316,-0.879316,-0.879316,-0.879316,-0.879316,-0.879316
1.343000,-0.880808,-0.880808,-0.880808,-0.880808,-0.880808,-0.880808,-0.880808
1.344000,-0.882291,-0.882291,-0.882291,-0.882291,-0.882291,-0.882291,-0.882291
1.345000,-0.883766,-0.883766,-0.883766,-0.883766,-0.883766,-0.883766,-0.883766
1.346000,-0.885231,-0.885231,-0.885231,-0.885231,-0.885231,-0.885231,-0.885231
1.347000,-0.886688,-0.886688,-0.886688,-0.886688,-0.886688,-0.886688,-0.886688
1.348000,-0.888136,-0.888136,-0.888136,-0.888136,-0.888136,-0.888136,-0.888136
1.349000,-0.889576,-0.889576,-0.889576,-0.889576,-0.889576,-0.889576,-0.889576
1.350000,-0.891007,-0.891007,-0.891007,-0.891007,-0.891007,-0.891007,-0.891007
1.351000,-0.892428,-0.892428,-0.892428,-0.892428,-0.892428,-0.892428,-0.892428
1.352000,-0.893841,-0.893841,-0.893841,-0.893841,-0.893841,-0.893841,-0.893841
1.353000,-0.895246,-0.895246,-0.895246,-0.895246,-0.895246,-0.895246,-0.895246
1.354000,-0.896641,-0.896641,-0.896641,-0.896641,-0.896641,-0.896641,-0.896641
1.355000,-0.898028,-0.898028,-0.898028,-0.898028,-0.898028,-0.898028,-0.898028
1.356000,-0.899405,-0.899405,-0.899405,-0.899405,-0.899405,-0.899405,-0.899405
1.357000,-0.900774,-0.900774,-0.900774,-0.900774,-0.900774,-0.900774,-0.900774
1.358000,-0.902134,-0.902134,-0.902134,-0.902134,-0.902134,-0.902134,-0.902134
1.359000,-0.903485,-0.903485,-0.903485,-0.903485,-0.903485,-0.903485,-0.903485
1.360000,-0.904827,-0.904827,-0.904827,-0.904827,-0.904827,-0.904827,-0.904827
1.361000,-0.906160,-0.906160,-0.906160,-0.906160,-0.906160,-0.906160,-0.906160
1.362000,-0.907484,-0.907484,-0.907484,-0.907484,-0.907484,-0.907484,-0.907484
1.363000,-0.908800,-0.908800,-0.908800,-0.908800,-0.908800,-0.908800,-0.908800
1.364000,-0.910106,-0.910106,-0.910106,-0.910106,-0.910106,-0.910106,-0.910106
1.365000,-0.911403,-0.911403,-0.911403,-0.911403,-0.911403,-0.911403,-0.911403
1.366000,-0.912692,-0.912692,-0.912692,-0.912692,-0.912692,-0.912692,-0.912692
1.367000,-0.913971,-0.913971,-0.913971,-0.913971,-0.913971,-0.913971,-0.913971
1.368000,-0.915241,-0.915241,-0.915241,-0.915241,-0.915241,-0.915241,-0.915241
1.369000,-0.916502,-0.916502,-0.916502,-0.916502,-0.916502,-0.916502,-0.916502
1.370000,-0.917755,-0.917755,-0.917755,-0.917755,-0.917755,-0.917755,-0.917755
1.371000,-0.918998,-0.918998,-0.918998,-0.918998,-0.918998,-0.918998,-0.918998
1.372000,-0.920232,-0.920232,-0.920232,-0.920232,-0.920232,-0.920232,-0.920232
1.373000,-0.921457,-0.921457,-0.921457,-0.921457,-0.921457,-0.921457,-0.921457
1.374000,-0.922673,-0.922673,-0.922673,-0.922673,-0.922673,-0.922673,-0.922673
1.375000,-0.923880,-0.923880,-0.923880,-0.923880,-0.923880,-0.923880,-0.923880
1.376000,-0.925077,-0.925077,-0.925077,-0.925077,-0.925077,-0.925077,-0.925077
1.377000,-0.926266,-0.926266,-0.926266,-0.926266,-0.926266,-0.926266,-0.926266
1.378000,-0.927445,-0.927445,-0.927445,-0.927445,-0.927445,-0.927445,-0.927445
1.379000,-0.928615,-0.928615,-0.928615,-0.928615,-0.928615,-0.928615,-0.928615
1.380000,-0.929776,-0.929776,-0.929776,-0.929776,-0.929776,-0.929776,-0.929776
1.381000,-0.930928,-0.930928,-0.930928,-0.930928,-0.930928,-0.930928,-0.930928
1.382000,-0.932071,-0.932071,-0.932071,-0.932071,-0.932071,-0.932071,-0.932071
1.383000,-0.933205,-0.933205,-0.933205,-0.933205,-0.933205,-0.933205,-0.933205
1.384000,-0.934329,-0.934329,-0.934329,-0.934329,-0.934329,-0.934329,-0.934329
1.385000,-0.935444,-0.935444,-0.935444,-0.935444,-0.935444,-0.935444,-0.935444
1.386000,-0.936550,-0.936550,-0.936550,-0.936550,-0.936550,-0.936550,-0.936550
1.387000,-0.937646,-0.937646,-0.937646,-0.937646,-0.937646,-0.937646,-0.937646
1.388000,-0.938734,-0.938734,-0.938734,-0.938734,-0.938734,-0.938734,-0.938734
1.389000,-0.939812,-0.939812,-0.939812,-0.939812,-0.939812,-0.939812,-0.939812
1.390000,-0.940881,-0.940881,-0.940881,-0.940881,-0.940881,-0.940881,-0.940881
1.391000,-0.941940,-0.941940,-0.941940,-0.941940,-0.941940,-0.941940,-0.941940
1.392000,-0.942991,-0.942991,-0.942991,-0.942991,-0.942991,-0.942991,-0.942991
1.393000,-0.944031,-0.944031,-0.944031,-0.944031,-0.944031,-0.944031,-0.944031
1.394000,-0.945063,-0.945063,-0.945063,-0.945063,-0.945063,-0.945063,-0.945063
1.395000,-0.946085,-0.946085,-0.946085,-0.946085,-0.946085,-0.946085,-0.946085
1.396000,-0.947098,-0.947098,-0.947098,-0.947098,-0.947098,-0.947098,-0.947098
1.397000,-0.948102,-0.948102,-0.948102,-0.948102,-0.948102,-0.948102,-0.948102
1.398000,-0.949096,-0.949096,-0.949096,-0.949096,-0.949096,-0.949096,-0.949096
1.399000,-0.950081,-0.950081,-0.950081,-0.950081,-0.950081,-0.950081,-0.950081
1.400000,-0.951057,-0.951057,-0.951057,-0.951057,-0.951057,-0.951057,-0.951057
1.401000,-0.952023,-0.952023,-0.952023,-0.952023,-0.952023,-0.952023,-0.952023
1.402000,-0.952979,-0.952979,-0.952979,-0.952979,-0.952979,-0.952979,-0.952979
1.403000,-0.953927,-0.953927,-0.953927,-0.953927,-0.953927,-0.953927,-0.953927
1.404000,-0.954865,-0.954865,-0.954865,-0.954865,-0.954865,-0.954865,-0.954865
1.405000,-0.955793,-0.955793,-0.955793,-0.955793,-0.955793,-0.955793,-0.955793
1.406000,-0.956712,-0.956712,-0.956712,-0.956712,-0.956712,-0.956712,-0.956712
1.407000,-0.957622,-0.957622,-0.957622,-0.957622,-0.957622,-0.957622,-0.957622
1.408000,-0.958522,-0.958522,-0.958522,-0.958522,-0.958522,-0.958522,-0.958522
1.409000,-0.959412,-0.959412,-0.959412,-0.959412,-0.959412,-0.959412,-0.959412
1.410000,-0.960294,-0.960294,-0.960294,-0.960294,-0.960294,-0.960294,-0.960294
1.411000,-0.961165,-0.961165,-0.961165,-0.961165,-0.961165,-0.961165,-0.961165
1.412000,-0.962028,-0.962028,-0.962028,-0.962028,-0.962028,-0.962028,-0.962028
1.413000,-0.962880,-0.962880,-0.962880,-0.962880,-0.962880,-0.962880,-0.962880
1.414000,-0.963724,-0.963724,-0.963724,-0.963724,-0.963724,-0.963724,-0.963724
1.415000,-0.964557,-0.964557,-0.964557,-0.964557,-0.964557,-0.964557,-0.964557
1.416000,-0.965382,-0.965382,-0.965382,-0.965382,-0.965382,-0.965382,-0.965382
1.417000,-0.966196,-0.966196,-0.966196,-0.966196,-0.966196,-0.966196,-0.966196
1.418000,-0.967001,-0.967001,-0.967001,-0.967001,-0.967001,-0.967001,-0.967001
1.419000,-0.967797,-0.967797,-0.967797,-0.967797,-0.967797,-0.967797,-0.967797
1.420000,-0.968583,-0.968583,-0.968583,-0.968583,-0.968583,-0.968583,-0.968583
1.421000,-0.969360,-0.969360,-0.969360,-0.969360,-0.969360,-0.969360,-0.969360
1.422000,-0.970127,-0.970127,-0.970127,-0.970127,-0.970127,-0.970127,-0.970127
1.423000,-0.970884,-0.970884,-0.970884,-0.970884,-0.970884,-0.970884,-0.970884
1.424000,-0.971632,-0.971632,-0.971632,-0.971632,-0.971632,-0.971632,-0.971632
1.425000,-0.972370,-0.972370,-0.972370,-0.972370,-0.972370,-0.972370,-0.972370
1.426000,-0.973099,-0.973099,-0.973099,-0.973099,-0.973099,-0.973099,-0.973099
1.427000,-0.973817,-0.973817,-0.973817,-0.973817,-0.973817,-0.973817,-0.973817
1.428000,-0.974527,-0.974527,-0.974527,-0.974527,-0.974527,-0.974527,-0.974527
1.429000,-0.975227,-0.975227,-0.975227,-0.975227,-0.975227,-0.975227,-0.975227
1.430000,-0.975917,-0.975917,-0.975917,-0.975917,-0.975917,-0.975917,-0.975917
1.431000,-0.976597,-0.976597,-0.976597,-0.976597,-0.976597,-0.976597,-0.976597
1.432000,-0.977268,-0.977268,-0.977268,-0.977268,-0.977268,-0.977268,-0.977268
1.433000,-0.977929,-0.977929,-0.977929,-0.977929,-0.977929,-0.977929,-0.977929
1.434000,-0.978581,-0.978581,-0.978581,-0.978581,-0.978581,-0.978581,-0.978581
1.435000,-0.979223,-0.979223,-0.979223,-0.979223,-0.979223,-0.979223,-0.979223
1.436000,-0.979855,-0.979855,-0.979855,-0.979855,-0.979855,-0.979855,-0.979855
1.437000,-0.980478,-0.980478,-0.980478,-0.980478,-0.980478,-0.980478,-0.980478
1.438000,-0.981091,-0.981091,-0.981091,-0.981091,-0.981091,-0.981091,-0.981091
1.439000,-0.981694,-0.981694,-0.981694,-0.981694,-0.981694,-0.981694,-0.981694
1.440000,-0.982287,-0.982287,-0.982287,-0.982287,-0.982287,-0.982287,-0.982287
1.441000,-0.982871,-0.982871,-0.982871,-0.982871,-0.982871,-0.982871,-0.982871
1.442000,-0.983445,-0.983445,-0.983445,-0.983445,-0.983445,-0.983445,-0.983445
1.443000,-0.984010,-0.984010,-0.984010,-0.984010,-0.984010,-0.984010,-0.984010
1.444000,-0.984564,-0.984564,-0.984564,-0.984564,-0.984564,-0.984564,-0.984564
1.445000,-0.985109,-0.985109,-0.985109,-0.985109,-0.985109,-0.985109,-0.985109
1.446000,-0.985645,-0.985645,-0.985645,-0.985645,-0.985645,-0.985645,-0.985645
1.447000,-0.986170,-0.986170,-0.986170,-0.986170,-0.986170,-0.986170,-0.986170
1.448000,-0.986686,-0.986686,-0.986686,-0.986686,-0.986686,-0.986686,-0.986686
1.449000,-0.987192,-0.987192,-0.987192,-0.987192,-0.987192,-0.987192,-0.987192
1.450000,-0.987688,-0.987688,-0.987688,-0.987688,-0.987688,-0.987688,-0.987688
1.451000,-0.988175,-0.988175,-0.988175,-0.988175,-0.988175,-0.988175,-0.988175
1.452000,-0.988652,-0.988652,-0.988652,-0.988652,-0.988652,-0.988652,-0.988652
1.453000,-0.989119,-0.989119,-0.989119,-0.989119,-0.989119,-0.989119,-0.989119
1.454000,-0.989576,-0.989576,-0.989576,-0.989576,-0.989576,-0.989576,-0.989576
1.455000,-0.990024,-0.990024,-0.990024,-0.990024,-0.990024,-0.990024,-0.990024
1.456000,-0.990461,-0.990461,-0.990461,-0.990461,-0.990461,-0.990461,-0.990461
1.457000,-0.990889,-0.990889,-0.990889,-0.990889,-0.990889,-0.990889,-0.990889
1.458000,-0.991308,-0.991308,-0.991308,-0.991308,-0.991308,-0.991308,-0.991308
1.459000,-0.991716,-0.991716,-0.991716,-0.991716,-0.991716,-0.991716,-0.991716
1.460000,-0.992115,-0.992115,-0.992115,-0.992115,-0.992115,-0.992115,-0.992115
1.461000,-0.992504,-0.992504,-0.992504,-0.992504,-0.992504,-0.992504,-0.992504
1.462000,-0.992883,-0.992883,-0.992883,-0.992883,-0.992883,-0.992883,-0.992883
1.463000,-0.993252,-0.993252,-0.993252,-0.993252,-0.993252,-0.993252,-0.993252
1.464000,-0.993611,-0.993611,-0.993611,-0.993611,-0.993611,-0.993611,-0.993611
1.465000,-0.993961,-0.993961,-0.993961,-0.993961,-0.993961,-0.993961,-0.993961
1.466000,-0.994301,-0.994301,-0.994301,-0.994301,-0.994301,-0.994301,-0.994301
1.467000,-0.994631,-0.994631,-0.994631,-0.994631,-0.994631,-0.994631,-0.994631
1.468000,-0.994951,-0.994951,-0.994951,-0.994951,-0.994951,-0.994951,-0.994951
1.469000,-0.995261,-0.995261,-0.995261,-0.995261,-0.995261,-0.995261,-0.995261
1.470000,-0.995562,-0.995562,-0.995562,-0.995562,-0.995562,-0.995562,-0.995562
1.471000,-0.995853,-0.995853,-0.995853,-0.995853,-0.995853,-0.995853,-0.995853
1.472000,-0.996134,-0.996134,-0.996134,-0.996134,-0.996134,-0.996134,-0.996134
1.473000,-0.996405,-0.996405,-0.996405,-0.996405,-0.996405,-0.996405,-0.996405
1.474000,-0.996666,-0.996666,-0.996666,-0.996666,-0.996666,-0.996666,-0.996666
1.475000,-0.996917,-0.996917,-0.996917,-0.996917,-0.996917,-0.996917,-0.996917
1.476000,-0.997159,-0.997159,-0.997159,-0.997159,-0.997159,-0.997159,-0.997159
1.477000,-0.997391,-0.997391,-0.997391,-0.997391,-0.997391,-0.997391,-0.997391
1.478000,-0.997613,-0.997613,-0.997613,-0.997613,-0.997613,-0.997613,-0.997613
1.479000,-0.997825,-0.997825,-0.997825,-0.997825,-0.997825,-0.997825,-0.997825
1.480000,-0.998027,-0.998027,-0.998027,-0.998027,-0.998027,-0.998027,-0.998027
1.481000,-0.998219,-0.998219,-0.998219,-0.998219,-0.998219,-0.998219,-0.998219
1.482000,-0.998402,-0.998402,-0.998402,-0.998402,-0.998402,-0.998402,-0.998402
1.483000,-0.998574,-0.998574,-0.998574,-0.998574,-0.998574,-0.998574,-0.998574
1.484000,-0.998737,-0.998737,-0.998737,-0.998737,-0.998737,-0.998737,-0.998737
1.485000,-0.998890,-0.998890,-0.998890,-0.998890,-0.998890,-0.998890,-0.998890
1.486000,-0.999033,-0.999033,-0.999033,-0.999033,-0.999033,-0.999033,-0.999033
1.487000,-0.999166,-0.999166,-0.999166,-0.999166,-0.999166,-0.999166,-0.999166
1.488000,-0.999289,-0.999289,-0.999289,-0.999289,-0.999289,-0.999289,-0.999289
1.489000,-0.999403,-0.999403,-0.999403,-0.999403,-0.999403,-0.999403,-0.999403
1.490000,-0.999507,-0.999507,-0.999507,-0.999507,-0.999507,-0.999507,-0.999507
1.491000,-0.999600,-0.999600,-0.999600,-0.999600,-0.999600,-0.999600,-0.999600
1.492000,-0.999684,-0.999684,-0.999684,-0.999684,-0.999684,-0.999684,-0.999684
1.493000,-0.999758,-0.999758,-0.999758,-0.999758,-0.999758,-0.999758,-0.999758
1.494000,-0.999822,-0.999822,-0.999822,-0.999822,-0.999822,-0.999822,-0.999822
1.495000,-0.999877,-0.999877,-0.999877,-0.999877,-0.999877,-0.999877,-0.999877
1.496000,-0.999921,-0.999921,-0.999921,-0.999921,-0.999921,-0.999921,-0.999921
1.497000,-0.999956,-0.999956,-0.999956,-0.999956,-0.999956,-0.999956,-0.999956
1.498000,-0.999980,-0.999980,-0.999980,-0.999980,-0.999980,-0.999980,-0.999980
1.499000,-0.999995,-0.999995,-0.999995,-0.999995,-0.999995,-0.999995,-0.999995
1.500000,-1.000000,-1.000000,-1.000000,-1.000000,-1.000000,-1.000000,-1.000000
1.501000,-0.999995,-0.999995,-0.999995,-0.999995,-0.999995,-0.999995,-0.999995
1.502000,-0.999980,-0.999980,-0.999980,-0.999980,-0.999980,-0.999980,-0.999980
1.503000,-0.999956,-0.999956,-0.999956,-0.999956,-0.999956,-0.999956,-0.999956
1.504000,-0.999921,-0.999921,-0.999921,-0.999921,-0.999921,-0.999921,-0.999921
1.505000,-0.999877,-0.999877,-0.999877,-0.999877,-0.999877,-0.999877,-0.999877
1.506000,-0.999822,-0.999822,-0.999822,-0.999822,-0.999822,-0.999822,-0.999822
1.507000,-0.999758,-0.999758,-0.999758,-0.999758,-0.999758,-0.999758,-0.999758
1.508000,-0.999684,-0.999684,-0.999684,-0.999684,-0.999684,-0.999684,-0.999684
1.509000,-0.999600,-0.999600,-0.999600,-0.999600,-0.999600,-0.999600,-0.999600
1.510000,-0.999507,-0.999507,-0.999507,-0.999507,-0.999507,-0.999507,-0.999507
1.511000,-0.999403,-0.999403,-0.999403,-0.999403,-0.999403,-0.999403,-0.999403
1.512000,-0.999289,-0.999289,-0.999289,-0.999289,-0.999289,-0.999289,-0.999289
1.513000,-0.999166,-0.999166,-0.999166,-0.999166,-0.999166,-0.999166,-0.999166
1.514000,-0.999033,-0.999033,-0.999033,-0.999033,-0.999033,-0.999033,-0.999033
1.515000,-0.998890,-0.998890,-0.998890,-0.998890,-0.998890,-0.998890,-0.998890
1.516000,-0.998737,-0.998737,-0.998737,-0.998737,-0.998737,-0.998737,-0.998737
1.517000,-0.998574,-0.998574,-0.998574,-0.998574,-0.998574,-0.998574,-0.998574
1.518000,-0.998402,-0.998402,-0.998402,-0.998402,-0.998402,-0.998402,-0.998402
1.519000,-0.998219,-0.998219,-0.998219,-0.998219,-0.998219,-0.998219,-0.998219
1.520000,-0.998027,-0.998027,-0.998027,-0.998027,-0.998027,-0.998027,-0.998027
1.521000,-0.997825,-0.997825,-0.997825,-0.997825,-0.997825,-0.997825,-0.997825
1.522000,-0.997613,-0.997613,-0.997613,-0.997613,-0.997613,-0.997613,-0.997613
1.523000,-0.997391,-0.997391,-0.997391,-0.997391,-0.997391,-0.997391,-0.997391
1.524000,-0.997159,-0.997159,-0.997159,-0.997159,-0.997159,-0.997159,-0.997159
1.525000,-0.996917,-0.996917,-0.996917,-0.996917,-0.996917,-0.996917,-0.996917
1.526000,-0.996666,-0.996666,-0.996666,-0.996666,-0.996666,-0.996666,-0.996666
1.527000,-0.996405,-0.996405,-0.996405,-0.996405,-0.996405,-0.996405,-0.996405
1.528000,-0.996134,-0.996134,-0.996134,-0.996134,-0.996134,-0.996134,-0.996134
1.529000,-0.995853,-0.995853,-0.995853,-0.995853,-0.995853,-0.995853,-0.995853
1.530000,-0.995562,-0.995562,-0.995562,-0.995562,-0.995562,-0.995562,-0.995562
1.531000,-0.995261,-0.995261,-0.995261,-0.995261,-0.995261,-0.995261,-0.995261
1.532000,-0.994951,-0.994951,-0.994951,-0.994951,-0.994951,-0.994951,-0.994951
1.533000,-0.994631,-0.994631,-0.994631,-0.994631,-0.994631,-0.994631,-0.994631
1.534000,-0.994301,-0.994301,-0.994301,-0.994301,-0.994301,-0.994301,-0.994301
1.535000,-0.993961,-0.993961,-0.993961,-0.993961,-0.993961,-0.993961,-0.993961
1.536000,-0.993611,-0.993611,-0.993611,-0.993611,-0.993611,-0.993611,-0.993611
1.537000,-0.993252,-0.993252,-0.993252,-0.993252,-0.993252,-0.993252,-0.993252
1.538000,-0.992883,-0.992883,-0.992883,-0.992883,-0.992883,-0.992883,-0.992883
1.539000,-0.992504,-0.992504,-0.992504,-0.992504,-0.992504,-0.992504,-0.992504
1.540000,-0.992115,-0.992115,-0.992115,-0.992115,-0.992115,-0.992115,-0.992115
1.541000,-0.991716,-0.991716,-0.991716,-0.991716,-0.991716,-0.991716,-0.991716
1.542000,-0.991308,-0.991308,-0.991308,-0.991308,-0.991308,-0.991308,-0.991308
1.543000,-0.990889,-0.990889,-0.990889,-0.990889,-0.990889,-0.990889,-0.990889
1.544000,-0.990461,-0.990461,-0.990461,-0.990461,-0.990461,-0.990461,-0.990461
1.545000,-0.990024,-0.990024,-0.990024,-0.990024,-0.990024,-0.990024,-0.990024
1.546000,-0.989576,-0.989576,-0.989576,-0.989576,-0.989576,-0.989576,-0.989576
1.547000,-0.989119,-0.989119,-0.989119,-0.989119,-0.989119,-0.989119,-0.989119
1.548000,-0.988652,-0.988652,-0.988652,-0.988652,-0.988652,-0.988652,-0.988652
1.549000,-0.988175,-0.988175,-0.988175,-0.988175,-0.988175,-0.988175,-0.988175
1.550000,-0.987688,-0.987688,-0.987688,-0.987688,-0.987688,-0.987688,-0.987688
1.551000,-0.987192,-0.987192,-0.987192,-0.987192,-0.987192,-0.987192,-0.987192
1.552000,-0.986686,-0.986686,-0.986686,-0.986686,-0.986686,-0.986686,-0.986686
1.553000,-0.986170,-0.986170,-0.986170,-0.986170,-0.986170,-0.986170,-0.986170
1.554000,-0.985645,-0.985645,-0.985645,-0.985645,-0.985645,-0.985645,-0.985645
1.555000,-0.985109,-0.985109,-0.985109,-0.985109,-0.985109,-0.985109,-0.985109
1.556000,-0.984564,-0.984564,-0.984564,-0.984564,-0.984564,-0.984564,-0.984564
1.557000,-0.984010,-0.984010,-0.984010,-0.984010,-0.984010,-0.984010,-0.984010
1.558000,-0.983445,-0.983445,-0.983445,-0.983445,-0.983445,-0.983445,-0.983445
1.559000,-0.982871,-0.982871,-0.982871,-0.982871,-0.982871,-0.982871,-0.982871
1.560000,-0.982287,-0.982287,-0.982287,-0.982287,-0.982287,-0.982287,-0.982287
1.561000,-0.981694,-0.981694,-0.981694,-0.981694,-0.981694,-0.981694,-0.981694
1.562000,-0.981091,-0.981091,-0.981091,-0.981091,-0.981091,-0.981091,-0.981091
1.563000,-0.980478,-0.980478,-0.980478,-0.980478,-0.980478,-0.980478,-0.980478
1.564000,-0.979855,-0.979855,-0.979855,-0.979855,-0.979855,-0.979855,-0.979855
1.565000,-0.979223,-0.979223,-0.979223,-0.979223,-0.979223,-0.979223,-0.979223
1.566000,-0.978581,-0.978581,-0.978581,-0.978581,-0.978581,-0.978581,-0.978581
1.567000,-0.977929,-0.977929,-0.977929,-0.977929,-0.977929,-0.977929,-0.977929
1.568000,-0.977268,-0.977268,-0.977268,-0.977268,-0.977268,-0.977268,-0.977268
1.569000,-0.976597,-0.976597,-0.976597,-0.976597,-0.976597,-0.976597,-0.976597
1.570000,-0.975917,-0.975917,-0.975917,-0.975917,-0.975917,-0.975917,-0.975917
1.571000,-0.975227,-0.975227,-0.975227,-0.975227,-0.975227,-0.975227,-0.975227
1.572000,-0.974527,-0.974527,-0.974527,-0.974527,-0.974527,-0.974527,-0.974527
1.573000,-0.973817,-0.973817,-0.973817,-0.973817,-0.973817,-0.973817,-0.973817
1.574000,-0.973099,-0.973099,-0.973099,-0.973099,-0.973099,-0.973099,-0.973099
1.575000,-0.972370,-0.972370,-0.972370,-0.972370,-0.972370,-0.972370,-0.972370
1.576000,-0.971632,-0.971632,-0.971632,-0.971632,-0.971632,-0.971632,-0.971632
1.577000,-0.970884,-0.970884,-0.970884,-0.970884,-0.970884,-0.970884,-0.970884
1.578000,-0.970127,-0.970127,-0.970127,-0.970127,-0.970127,-0.970127,-0.970127
1.579000,-0.969360,-0.969360,-0.969360,-0.969360,-0.969360,-0.969360,-0.969360
1.580000,-0.968583,-0.968583,-0.968583,-0.968583,-0.968583,-0.968583,-0.968583
1.581000,-0.967797,-0.967797,-0.967797,-0.967797,-0.967797,-0.967797,-0.967797
1.582000,-0.967001,-0.967001,-0.967001,-0.967001,-0.967001,-0.967001,-0.967001
1.583000,-0.966196,-0.966196,-0.966196,-0.966196,-0.966196,-0.966196,-0.966196
1.584000,-0.965382,-0.965382,-0.965382,-0.965382,-0.965382,-0.965382,-0.965382
1.585000,-0.964557,-0.964557,-0.964557,-0.964557,-0.964557,-0.964557,-0.964557
1.586000,-0.963724,-0.963724,-0.963724,-0.963724,-0.963724,-0.963724,-0.963724
1.587000,-0.962880,-0.962880,-0.962880,-0.962880,-0.962880,-0.962880,-0.962880
1.588000,-0.962028,-0.962028,-0.962028,-0.962028,-0.962028,-0.962028,-0.962028
1.589000,-0.961165,-0.961165,-0.961165,-0.961165,-0.961165,-0.961165,-0.961165
1.590000,-0.960294,-0.960294,-0.960294,-0.960294,-0.960294,-0.960294,-0.960294
1.591000,-0.959412,-0.959412,-0.959412,-0.959412,-0.959412,-0.959412,-0.959412
1.592000,-0.958522,-0.958522,-0.958522,-0.958522,-0.958522,-0.958522,-0.958522
1.593000,-0.957622,-0.957622,-0.957622,-0.957622,-0.957622,-0.957622,-0.957622
1.594000,-0.956712,-0.956712,-0.956712,-0.956712,-0.956712,-0.956712,-0.956712
1.595000,-0.955793,-0.955793,-0.955793,-0.955793,-0.955793,-0.955793,-0.955793
1.596000,-0.954865,-0.954865,-0.954865,-0.954865,-0.954865,-0.954865,-0.954865
1.597000,-0.953927,-0.953927,-0.953927,-0.953927,-0.953927,-0.953927,-0.953927
1.598000,-0.952979,-0.952979,-0.952979,-0.952979,-0.952979,-0.952979,-0.952979
1.599000,-0.952023,-0.952023,-0.952023,-0.952023,-0.952023,-0.952023,-0.952023
1.600000,-0.951057,-0.951057,-0.951057,-0.951057,-0.951057,-0.951057,-0.951057
1.601000,-0.950081,-0.950081,-0.950081,-0.950081,-0.950081,-0.950081,-0.950081
1.602000,-0.949096,-0.949096,-0.949096,-0.949096,-0.949096,-0.949096,-0.949096
1.603000,-0.948102,-0.948102,-0.948102,-0.948102,-0.948102,-0.948102,-0.948102
1.604000,-0.947098,-0.947098,-0.947098,-0.947098,-0.947098,-0.947098,-0.947098
1.605000,-0.946085,-0.946085,-0.946085,-0.946085,-0.946085,-0.946085,-0.946085
1.606000,-0.945063,-0.945063,-0.945063,-0.945063,-0.945063,-0.945063,-0.945063
1.607000,-0.944031,-0.944031,-0.944031,-0.944031,-0.944031,-0.944031,-0.944031
1.608000,-0.942991,-0.942991,-0.942991,-0.942991,-0.942991,-0.942991,-0.942991
1.609000,-0.941940,-0.941940,-0.941940,-0.941940,-0.941940,-0.941940,-0.941940
1.610000,-0.940881,-0.940881,-0.940881,-0.940881,-0.940881,-0.940881,-0.940881
1.611000,-0.939812,-0.939812,-0.939812,-0.939812,-0.939812,-0.939812,-0.939812
1.612000,-0.938734,-0.938734,-0.938734,-0.938734,-0.938734,-0.938734,-0.938734
1.613000,-0.937646,-0.937646,-0.937646,-0.937646,-0.937646,-0.937646,-0.937646
1.614000,-0.936550,-0.936550,-0.936550,-0.936550,-0.936550,-0.936550,-0.936550
1.615000,-0.935444,-0.935444,-0.935444,-0.935444,-0.935444,-0.935444,-0.935444
1.616000,-0.934329,-0.934329,-0.934329,-0.934329,-0.934329,-0.934329,-0.934329
1.617000,-0.933205,-0.933205,-0.933205,-0.933205,-0.933205,-0.933205,-0.933205
1.618000,-0.932071,-0.932071,-0.932071,-0.932071,-0.932071,-0.932071,-0.932071
1.619000,-0.930928,-0.930928,-0.930928,-0.930928,-0.930928,-0.930928,-0.930928
1.620000,-0.929776,-0.929776,-0.929776,-0.929776,-0.929776,-0.929776,-0.929776
1.621000,-0.928615,-0.928615,-0.928615,-0.928615,-0.928615,-0.928615,-0.928615
1.622000,-0.927445,-0.927445,-0.927445,-0.927445,-0.927445,-0.927445,-0.927445
1.623000,-0.926266,-0.926266,-0.926266,-0.926266,-0.926266,-0.926266,-0.926266
1.624000,-0.925077,-0.925077,-0.925077,-0.925077,-0.925077,-0.925077,-0.925077
1.625000,-0.923880,-0.923880,-0.923880,-0.923880,-0.923880,-0.923880,-0.923880
1.626000,-0.922673,-0.922673,-0.922673,-0.922673,-0.922673,-0.922673,-0.922673
1.627000,-0.921457,-0.921457,-0.921457,-0.921457,-0.921457,-0.921457,-0.921457
1.628000,-0.920232,-0.920232,-0.920232,-0.920232,-0.920232,-0.920232,-0.920232
1.629000,-0.918998,-0.918998,-0.918998,-0.918998,-0.918998,-0.918998,-0.918998
1.630000,-0.917755,-0.917755,-0.917755,-0.917755,-0.917755,-0.917755,-0.917755
1.631000,-0.916502,-0.916502,-0.916502,-0.916502,-0.916502,-0.916502,-0.916502
1.632000,-0.915241,-0.915241,-0.915241,-0.915241,-0.915241,-0.915241,-0.915241
1.633000,-0.913971,-0.913971,-0.913971,-0.913971,-0.913971,-0.913971,-0.913971
1.634000,-0.912692,-0.912692,-0.912692,-0.912692,-0.912692,-0.912692,-0.912692
1.635000,-0.911403,-0.911403,-0.911403,-0.911403,-0.911403,-0.911403,-0.911403
1.636000,-0.910106,-0.910106,-0.910106,-0.910106,-0.910106,-0.910106,-0.910106
1.637000,-0.908800,-0.908800,-0.908800,-0.908800,-0.908800,-0.908800,-0.908800
1.638000,-0.907484,-0.907484,-0.907484,-0.907484,-0.907484,-0.907484,-0.907484
1.639000,-0.906160,-0.906160,-0.906160,-0.906160,-0.906160,-0.906160,-0.906160
1.640000,-0.904827,-0.904827,-0.904827,-0.904827,-0.904827,-0.904827,-0.904827
1.641000,-0.903485,-0.903485,-0.903485,-0.903485,-0.903485,-0.903485,-0.903485
1.642000,-0.902134,-0.902134,-0.902134,-0.902134,-0.902134,-0.902134,-0.902134
1.643000,-0.900774,-0.900774,-0.900774,-0.900774,-0.900774,-0.900774,-0.900774
1.644000,-0.899405,-0.899405,-0.899405,-0.899405,-0.899405,-0.899405,-0.899405
1.645000,-0.898028,-0.898028,-0.898028,-0.898028,-0.898028,-0.898028,-0.898028
1.646000,-0.896641,-0.896641,-0.896641,-0.896641,-0.896641,-0.896641,-0.896641
1.647000,-0.895246,-0.895246,-0.895246,-0.895246,-0.895246,-0.895246,-0.895246
1.648000,-0.893841,-0.893841,-0.893841,-0.893841,-0.893841,-0.893841,-0.893841
1.649000,-0.892428,-0.892428,-0.892428,-0.892428,-0.892428,-0.892428,-0.892428
1.650000,-0.891007,-0.891007,-0.891007,-0.891007,-0.891007,-0.891007,-0.891007
1.651000,-0.889576,-0.889576,-0.889576,-0.889576,-0.889576,-0.889576,-0.889576
1.652000,-0.888136,-0.888136,-0.888136,-0.888136,-0.888136,-0.888136,-0.888136
1.653000,-0.886688,-0.886688,-0.886688,-0.886688,-0.886688,-0.886688,-0.886688
1.654000,-0.885231,-0.885231,-0.885231,-0.885231,-0.885231,-0.885231,-0.885231
1.655000,-0.883766,-0.883766,-0.883766,-0.883766,-0.883766,-0.883766,-0.883766
1.656000,-0.882291,-0.882291,-0.882291,-0.882291,-0.882291,-0.882291,-0.882291
1.657000,-0.880808,-0.880808,-0.880808,-0.880808,-0.880808,-0.880808,-0.880808
1.658000,-0.879316,-0.879316,-0.879316,-0.879316,-0.879316,-0.879316,-0.879316
1.659000,-0.877816,-0.877816,-0.877816,-0.877816,-0.877816,-0.877816,-0.877816
1.660000,-0.876307,-0.876307,-0.876307,-0.876307,-0.876307,-0.876307,-0.876307
1.661000,-0.874789,-0.874789,-0.874789,-0.874789,-0.874789,-0.874789,-0.874789
1.662000,-0.873262,-0.873262,-0.873262,-0.873262,-0.873262,-0.873262,-0.873262
1.663000,-0.871727,-0.871727,-0.871727,-0.871727,-0.871727,-0.871727,-0.871727
1.664000,-0.870184,-0.870184,-0.870184,-0.870184,-0.870184,-0.870184,-0.870184
1.665000,-0.868632,-0.868632,-0.868632,-0.868632,-0.868632,-0.868632,-0.868632
1.666000,-0.867071,-0.867071,-0.867071,-0.867071,-0.867071,-0.867071,-0.867071
1.667000,-0.865501,-0.865501,-0.865501,-0.865501,-0.865501,-0.865501,-0.865501
1.668000,-0.863923,-0.863923,-0.863923,-0.863923,-0.863923,-0.863923,-0.863923
1.669000,-0.862337,-0.862337,-0.862337,-0.862337,-0.862337,-0.862337,-0.862337
1.670000,-0.860742,-0.860742,-0.860742,-0.860742,-0.860742,-0.860742,-0.860742
1.671000,-0.859139,-0.859139,-0.859139,-0.859139,-0.859139,-0.859139,-0.859139
1.672000,-0.857527,-0.857527,-0.857527,-0.857527,-0.857527,-0.857527,-0.857527
1.673000,-0.855906,-0.855906,-0.855906,-0.855906,-0.855906,-0.855906,-0.855906
1.674000,-0.854277,-0.854277,-0.854277,-0.854277,-0.854277,-0.854277,-0.854277
1.675000,-0.852640,-0.852640,-0.852640,-0.852640,-0.852640,-0.852640,-0.852640
1.676000,-0.850994,-0.850994,-0.850994,-0.850994,-0.850994,-0.850994,-0.850994
1.677000,-0.849340,-0.849340,-0.849340,-0.849340,-0.849340,-0.849340,-0.849340
1.678000,-0.847678,-0.847678,-0.847678,-0.847678,-0.847678,-0.847678,-0.847678
1.679000,-0.846007,-0.846007,-0.846007,-0.846007,-0.846007,-0.846007,-0.846007
1.680000,-0.844328,-0.844328,-0.844328,-0.844328,-0.844328,-0.844328,-0.844328
1.681000,-0.842640,-0.842640,-0.842640,-0.842640,-0.842640,-0.842640,-0.842640
1.682000,-0.840945,-0.840945,-0.840945,-0.840945,-0.840945,-0.840945,-0.840945
1.683000,-0.839240,-0.839240,-0.839240,-0.839240,-0.839240,-0.839240,-0.839240
1.684000,-0.837528,-0.837528,-0.837528,-0.837528,-0.837528,-0.837528,-0.837528
1.685000,-0.835807,-0.835807,-0.835807,-0.835807,-0.835807,-0.835807,-0.835807
1.686000,-0.834078,-0.834078,-0.834078,-0.834078,-0.834078,-0.834078,-0.834078
1.687000,-0.832341,-0.832341,-0.832341,-0.832341,-0.832341,-0.832341,-0.832341
1.688000,-0.830596,-0.830596,-0.830596,-0.830596,-0.830596,-0.830596,-0.830596
1.689000,-0.828842,-0.828842,-0.828842,-0.828842,-0.828842,-0.828842,-0.828842
1.690000,-0.827081,-0.827081,-0.827081,-0.827081,-0.827081,-0.827081,-0.827081
1.691000,-0.825311,-0.825311,-0.825311,-0.825311,-0.825311,-0.825311,-0.825311
1.692000,-0.823533,-0.823533,-0.823533,-0.823533,-0.823533,-0.823533,-0.823533
1.693000,-0.821746,-0.821746,-0.821746,-0.821746,-0.821746,-0.821746,-0.821746
1.694000,-0.819952,-0.819952,-0.819952,-0.819952,-0.819952,-0.819952,-0.819952
1.695000,-0.818150,-0.818150,-0.818150,-0.818150,-0.818150,-0.818150,-0.818150
1.696000,-0.816339,-0.816339,-0.816339,-0.816339,-0.816339,-0.816339,-0.816339
1.697000,-0.814521,-0.814521,-0.814521,-0.814521,-0.814521,-0.814521,-0.814521
1.698000,-0.812694,-0.812694,-0.812694,-0.812694,-0.812694,-0.812694,-0.812694
1.699000,-0.810860,-0.810860,-0.810860,-0.810860,-0.810860,-0.810860,-0.810860
1.700000,-0.809017,-0.809017,-0.809017,-0.809017,-0.809017,-0.809017,-0.809017
1.701000,-0.807166,-0.807166,-0.807166,-0.807166,-0.807166,-0.807166,-0.807166
1.702000,-0.805308,-0.805308,-0.805308,-0.805308,-0.805308,-0.805308,-0.805308
1.703000,-0.803441,-0.803441,-0.803441,-0.803441,-0.803441,-0.803441,-0.803441
1.704000,-0.801567,-0.801567,-0.801567,-0.801567,-0.801567,-0.801567,-0.801567
1.705000,-0.799685,-0.799685,-0.799685,-0.799685,-0.799685,-0.799685,-0.799685
1.706000,-0.797794,-0.797794,-0.797794,-0.797794,-0.797794,-0.797794,-0.797794
1.707000,-0.795896,-0.795896,-0.795896,-0.795896,-0.795896,-0.795896,-0.795896
1.708000,-0.793990,-0.793990,-0.793990,-0.793990,-0.793990,-0.793990,-0.793990
1.709000,-0.792077,-0.792077,-0.792077,-0.792077,-0.792077,-0.792077,-0.792077
1.710000,-0.790155,-0.790155,-0.790155,-0.790155,-0.790155,-0.790155,-0.790155
1.711000,-0.788226,-0.788226,-0.788226,-0.788226,-0.788226,-0.788226,-0.788226
1.712000,-0.786288,-0.786288,-0.786288,-0.786288,-0.786288,-0.786288,-0.786288
1.713000,-0.784343,-0.784343,-0.784343,-0.784343,-0.784343,-0.784343,-0.784343
1.714000,-0.782391,-0.782391,-0.782391,-0.782391,-0.782391,-0.782391,-0.782391
1.715000,-0.780430,-0.780430,-0.780430,-0.780430,-0.780430,-0.780430,-0.780430
1.716000,-0.778462,-0.778462,-0.778462,-0.778462,-0.778462,-0.778462,-0.778462
1.717000,-0.776487,-0.776487,-0.776487,-0.776487,-0.776487,-0.776487,-0.776487
1.718000,-0.774503,-0.774503,-0.774503,-0.774503,-0.774503,-0.774503,-0.774503
1.719000,-0.772512,-0.772512,-0.772512,-0.772512,-0.772512,-0.772512,-0.772512
1.720000,-0.770513,-0.770513,-0.770513,-0.770513,-0.770513,-0.770513,-0.770513
1.721000,-0.768507,-0.768507,-0.768507,-0.768507,-0.768507,-0.768507,-0.768507
1.722000,-0.766493,-0.766493,-0.766493,-0.766493,-0.766493,-0.766493,-0.766493
1.723000,-0.764472,-0.764472,-0.764472,-0.764472,-0.764472,-0.764472,-0.764472
1.724000,-0.762443,-0.762443,-0.762443,-0.762443,-0.762443,-0.762443,-0.762443
1.725000,-0.760406,-0.760406,-0.760406,-0.760406,-0.760406,-0.760406,-0.760406
1.726000,-0.758362,-0.758362,-0.758362,-0.758362,-0.758362,-0.758362,-0.758362
1.727000,-0.756310,-0.756310,-0.756310,-0.756310,-0.756310,-0.756310,-0.756310
1.728000,-0.754251,-0.754251,-0.754251,-0.754251,-0.754251,-0.754251,-0.754251
1.729000,-0.752185,-0.752185,-0.752185,-0.752185,-0.752185,-0.752185,-0.752185
1.730000,-0.750111,-0.750111,-0.750111,-0.750111,-0.750111,-0.750111,-0.750111
1.731000,-0.748030,-0.748030,-0.748030,-0.748030,-0.748030,-0.748030,-0.748030
1.732000,-0.745941,-0.745941,-0.745941,-0.745941,-0.745941,-0.745941,-0.745941
1.733000,-0.743845,-0.743845,-0.743845,-0.743845,-0.743845,-0.743845,-0.743845
1.734000,-0.741742,-0.741742,-0.741742,-0.741742,-0.741742,-0.741742,-0.741742
1.735000,-0.739631,-0.739631,-0.739631,-0.739631,-0.739631,-0.739631,-0.739631
1.736000,-0.737513,-0.737513,-0.737513,-0.737513,-0.737513,-0.737513,-0.737513
1.737000,-0.735388,-0.735388,-0.735388,-0.735388,-0.735388,-0.735388,-0.735388
1.738000,-0.733255,-0.733255,-0.733255,-0.733255,-0.733255,-0.733255,-0.733255
1.739000,-0.731116,-0.731116,-0.731116,-0.731116,-0.731116,-0.731116,-0.731116
1.740000,-0.728969,-0.728969,-0.728969,-0.728969,-0.728969,-0.728969,-0.728969
1.741000,-0.726814,-0.726814,-0.726814,-0.726814,-0.726814,-0.726814,-0.726814
1.742000,-0.724653,-0.724653,-0.724653,-0.724653,-0.724653,-0.724653,-0.724653
1.743000,-0.722485,-0.722485,-0.722485,-0.722485,-0.722485,-0.722485,-0.722485
1.744000,-0.720309,-0.720309,-0.720309,-0.720309,-0.720309,-0.720309,-0.720309
1.745000,-0.718126,-0.718126,-0.718126,-0.718126,-0.718126,-0.718126,-0.718126
1.746000,-0.715936,-0.715936,-0.715936,-0.715936,-0.715936,-0.715936,-0.715936
1.747000,-0.713740,-0.713740,-0.713740,-0.713740,-0.713740,-0.713740,-0.713740
1.748000,-0.711536,-0.711536,-0.711536,-0.711536,-0.711536,-0.711536,-0.711536
1.749000,-0.709325,-0.709325,-0.709325,-0.709325,-0.709325,-0.709325,-0.709325
1.750000,-0.707107,-0.707107,-0.707107,-0.707107,-0.707107,-0.707107,-0.707107
1.751000,-0.704882,-0.704882,-0.704882,-0.704882,-0.704882,-0.704882,-0.704882
1.752000,-0.702650,-0.702650,-0.702650,-0.702650,-0.702650,-0.702650,-0.702650
1.753000,-0.700411,-0.700411,-0.700411,-0.700411,-0.700411,-0.700411,-0.700411
1.754000,-0.698165,-0.698165,-0.698165,-0.698165,-0.698165,-0.698165,-0.698165
1.755000,-0.695913,-0.695913,-0.695913,-0.695913,-0.695913,-0.695913,-0.695913
1.756000,-0.693653,-0.693653,-0.693653,-0.693653,-0.693653,-0.693653,-0.693653
1.757000,-0.691387,-0.691387,-0.691387,-0.691387,-0.691387,-0.691387,-0.691387
1.758000,-0.689114,-0.689114,-0.689114,-0.689114,-0.689114,-0.689114,-0.689114
1.759000,-0.686834,-0.686834,-0.686834,-0.686834,-0.686834,-0.686834,-0.686834
1.760000,-0.684547,-0.684547,-0.684547,-0.684547,-0.684547,-0.684547,-0.684547
1.761000,-0.682254,-0.682254,-0.682254,-0.682254,-0.682254,-0.682254,-0.682254
1.762000,-0.679953,-0.679953,-0.679953,-0.679953,-0.679953,-0.679953,-0.679953
1.763000,-0.677646,-0.677646,-0.677646,-0.677646,-0.677646,-0.677646,-0.677646
1.764000,-0.675333,-0.675333,-0.675333,-0.675333,-0.675333,-0.675333,-0.675333
1.765000,-0.673013,-0.673013,-0.673013,-0.673013,-0.673013,-0.673013,-0.673013
1.766000,-0.670686,-0.670686,-0.670686,-0.670686,-0.670686,-0.670686,-0.670686
1.767000,-0.668352,-0.668352,-0.668352,-0.668352,-0.668352,-0.668352,-0.668352
1.768000,-0.666012,-0.666012,-0.666012,-0.666012,-0.666012,-0.666012,-0.666012
1.769000,-0.663665,-0.663665,-0.663665,-0.663665,-0.663665,-0.663665,-0.663665
1.770000,-0.661312,-0.661312,-0.661312,-0.661312,-0.661312,-0.661312,-0.661312
1.771000,-0.658952,-0.658952,-0.658952,-0.658952,-0.658952,-0.658952,-0.658952
1.772000,-0.656586,-0.656586,-0.656586,-0.656586,-0.656586,-0.656586,-0.656586
1.773000,-0.654213,-0.654213,-0.654213,-0.654213,-0.654213,-0.654213,-0.654213
1.774000,-0.651834,-0.651834,-0.651834,-0.651834,-0.651834,-0.651834,-0.651834
1.775000,-0.649448,-0.649448,-0.649448,-0.649448,-0.649448,-0.649448,-0.649448
1.776000,-0.647056,-0.647056,-0.647056,-0.647056,-0.647056,-0.647056,-0.647056
1.777000,-0.644657,-0.644657,-0.644657,-0.644657,-0.644657,-0.644657,-0.644657
1.778000,-0.642253,-0.642253,-0.642253,-0.642253,-0.642253,-0.642253,-0.642253
1.779000,-0.639841,-0.639841,-0.639841,-0.639841,-0.639841,-0.639841,-0.639841
1.780000,-0.637424,-0.637424,-0.637424,-0.637424,-0.637424,-0.637424,-0.637424
1.781000,-0.635000,-0.635000,-0.635000,-0.635000,-0.635000,-0.635000,-0.635000
1.782000,-0.632570,-0.632570,-0.632570,-0.632570,-0.632570,-0.632570,-0.632570
1.783000,-0.630134,-0.630134,-0.630134,-0.630134,-0.630134,-0.630134,-0.630134
1.784000,-0.627691,-0.627691,-0.627691,-0.627691,-0.627691,-0.627691,-0.627691
1.785000,-0.625243,-0.625243,-0.625243,-0.625243,-0.625243,-0.625243,-0.625243
1.786000,-0.622788,-0.622788,-0.622788,-0.622788,-0.622788,-0.622788,-0.622788
1.787000,-0.620327,-0.620327,-0.620327,-0.620327,-0.620327,-0.620327,-0.620327
1.788000,-0.617860,-0.617860,-0.617860,-0.617860,-0.617860,-0.617860,-0.617860
1.789000,-0.615386,-0.615386,-0.615386,-0.615386,-0.615386,-0.615386,-0.615386
1.790000,-0.612907,-0.612907,-0.612907,-0.612907,-0.612907,-0.612907,-0.612907
1.791000,-0.610422,-0.610422,-0.610422,-0.610422,-0.610422,-0.610422,-0.610422
1.792000,-0.607930,-0.607930,-0.607930,-0.607930,-0.607930,-0.607930,-0.607930
1.793000,-0.605433,-0.605433,-0.605433,-0.605433,-0.605433,-0.605433,-0.605433
1.794000,-0.602930,-0.602930,-0.602930,-0.602930,-0.602930,-0.602930,-0.602930
1.795000,-0.600420,-0.600420,-0.600420,-0.600420,-0.600420,-0.600420,-0.600420
1.796000,-0.597905,-0.597905,-0.597905,-0.597905,-0.597905,-0.597905,-0.597905
1.797000,-0.595384,-0.595384,-0.595384,-0.595384,-0.595384,-0.595384,-0.595384
1.798000,-0.592857,-0.592857,-0.592857,-0.592857,-0.592857,-0.592857,-0.592857
1.799000,-0.590324,-0.590324,-0.590324,-0.590324,-0.590324,-0.590324,-0.590324
1.800000,-0.587785,-0.587785,-0.587785,-0.587785,-0.587785,-0.587785,-0.587785
1.801000,-0.585241,-0.585241,-0.585241,-0.585241,-0.585241,-0.585241,-0.585241
1.802000,-0.582690,-0.582690,-0.582690,-0.582690,-0.582690,-0.582690,-0.582690
1.803000,-0.580134,-0.580134,-0.580134,-0.580134,-0.580134,-0.580134,-0.580134
1.804000,-0.577573,-0.577573,-0.577573,-0.577573,-0.577573,-0.577573,-0.577573
1.805000,-0.575005,-0.575005,-0.575005,-0.575005,-0.575005,-0.575005,-0.575005
1.806000,-0.572432,-0.572432,-0.572432,-0.572432,-0.572432,-0.572432,-0.572432
1.807000,-0.569853,-0.569853,-0.569853,-0.569853,-0.569853,-0.569853,-0.569853
1.808000,-0.567269,-0.567269,-0.567269,-0.567269,-0.567269,-0.567269,-0.567269
1.809000,-0.564679,-0.564679,-0.564679,-0.564679,-0.564679,-0.564679,-0.564679
1.810000,-0.562083,-0.562083,-0.562083,-0.562083,-0.562083,-0.562083,-0.562083
1.811000,-0.559482,-0.559482,-0.559482,-0.559482,-0.559482,-0.559482,-0.559482
1.812000,-0.556876,-0.556876,-0.556876,-0.556876,-0.556876,-0.556876,-0.556876
1.813000,-0.554263,-0.554263,-0.554263,-0.554263,-0.554263,-0.554263,-0.554263
1.814000,-0.551646,-0.551646,-0.551646,-0.551646,-0.551646,-0.551646,-0.551646
1.815000,-0.549023,-0.549023,-0.549023,-0.549023,-0.549023,-0.549023,-0.549023
1.816000,-0.546394,-0.546394,-0.546394,-0.546394,-0.546394,-0.546394,-0.546394
1.817000,-0.543760,-0.543760,-0.543760,-0.543760,-0.543760,-0.543760,-0.543760
1.818000,-0.541121,-0.541121,-0.541121,-0.541121,-0.541121,-0.541121,-0.541121
1.819000,-0.538477,-0.538477,-0.538477,-0.538477,-0.538477,-0.538477,-0.538477
1.820000,-0.535827,-0.535827,-0.535827,-0.535827,-0.535827,-0.535827,-0.535827
1.821000,-0.533172,-0.533172,-0.533172,-0.533172,-0.533172,-0.533172,-0.533172
1.822000,-0.530511,-0.530511,-0.530511,-0.530511,-0.530511,-0.530511,-0.530511
1.823000,-0.527846,-0.527846,-0.527846,-0.527846,-0.527846,-0.527846,-0.527846
1.824000,-0.525175,-0.525175,-0.525175,-0.525175,-0.525175,-0.525175,-0.525175
1.825000,-0.522499,-0.522499,-0.522499,-0.522499,-0.522499,-0.522499,-0.522499
1.826000,-0.519817,-0.519817,-0.519817,-0.519817,-0.519817,-0.519817,-0.519817
1.827000,-0.517131,-0.517131,-0.517131,-0.517131,-0.517131,-0.517131,-0.517131
1.828000,-0.514440,-0.514440,-0.514440,-0.514440,-0.514440,-0.514440,-0.514440
1.829000,-0.511743,-0.511743,-0.511743,-0.511743,-0.511743,-0.511743,-0.511743
1.830000,-0.509041,-0.509041,-0.509041,-0.509041,-0.509041,-0.509041,-0.509041
1.831000,-0.506335,-0.506335,-0.506335,-0.506335,-0.506335,-0.506335,-0.506335
1.832000,-0.503623,-0.503623,-0.503623,-0.503623,-0.503623,-0.503623,-0.503623
1.833000,-0.500907,-0.500907,-0.500907,-0.500907,-0.500907,-0.500907,-0.500907
1.834000,-0.498185,-0.498185,-0.498185,-0.498185,-0.498185,-0.498185,-0.498185
1.835000,-0.495459,-0.495459,-0.495459,-0.495459,-0.495459,-0.495459,-0.495459
1.836000,-0.492727,-0.492727,-0.492727,-0.492727,-0.492727,-0.492727,-0.492727
1.837000,-0.489991,-0.489991,-0.489991,-0.489991,-0.489991,-0.489991,-0.489991
1.838000,-0.487250,-0.487250,-0.487250,-0.487250,-0.487250,-0.487250,-0.487250
1.839000,-0.484504,-0.484504,-0.484504,-0.484504,-0.484504,-0.484504,-0.484504
1.840000,-0.481754,-0.481754,-0.481754,-0.481754,-0.481754,-0.481754,-0.481754
1.841000,-0.478998,-0.478998,-0.478998,-0.478998,-0.478998,-0.478998,-0.478998
1.842000,-0.476238,-0.476238,-0.476238,-0.476238,-0.476238,-0.476238,-0.476238
1.843000,-0.473473,-0.473473,-0.473473,-0.473473,-0.473473,-0.473473,-0.473473
1.844000,-0.470704,-0.470704,-0.470704,-0.470704,-0.470704,-0.470704,-0.470704
1.845000,-0.467930,-0.467930,-0.467930,-0.467930,-0.467930,-0.467930,-0.467930
1.846000,-0.465151,-0.465151,-0.465151,-0.465151,-0.465151,-0.465151,-0.465151
1.847000,-0.462368,-0.462368,-0.462368,-0.462368,-0.462368,-0.462368,-0.462368
1.848000,-0.459580,-0.459580,-0.459580,-0.459580,-0.459580,-0.459580,-0.459580
1.849000,-0.456787,-0.456787,-0.456787,-0.456787,-0.456787,-0.456787,-0.456787
1.850000,-0.453990,-0.453990,-0.453990,-0.453990,-0.453990,-0.453990,-0.453990
1.851000,-0.451189,-0.451189,-0.451189,-0.451189,-0.451189,-0.451189,-0.451189
1.852000,-0.448383,-0.448383,-0.448383,-0.448383,-0.448383,-0.448383,-0.448383
1.853000,-0.445573,-0.445573,-0.445573,-0.445573,-0.445573,-0.445573,-0.445573
1.854000,-0.442758,-0.442758,-0.442758,-0.442758,-0.442758,-0.442758,-0.442758
1.855000,-0.439939,-0.439939,-0.439939,-0.439939,-0.439939,-0.439939,-0.439939
1.856000,-0.437116,-0.437116,-0.437116,-0.437116,-0.437116,-0.437116,-0.437116
1.857000,-0.434288,-0.434288,-0.434288,-0.434288,-0.434288,-0.434288,-0.434288
1.858000,-0.431456,-0.431456,-0.431456,-0.431456,-0.431456,-0.431456,-0.431456
1.859000,-0.428620,-0.428620,-0.428620,-0.428620,-0.428620,-0.428620,-0.428620
1.860000,-0.425779,-0.425779,-0.425779,-0.425779,-0.425779,-0.425779,-0.425779
1.861000,-0.422935,-0.422935,-0.422935,-0.422935,-0.422935,-0.422935,-0.422935
1.862000,-0.420086,-0.420086,-0.420086,-0.420086,-0.420086,-0.420086,-0.420086
1.863000,-0.417233,-0.417233,-0.417233,-0.417233,-0.417233,-0.417233,-0.417233
1.864000,-0.414376,-0.414376,-0.414376,-0.414376,-0.414376,-0.414376,-0.414376
1.865000,-0.411514,-0.411514,-0.411514,-0.411514,-0.411514,-0.411514,-0.411514
1.866000,-0.408649,-0.408649,-0.408649,-0.408649,-0.408649,-0.408649,-0.408649
1.867000,-0.405780,-0.405780,-0.405780,-0.405780,-0.405780,-0.405780,-0.405780
1.868000,-0.402906,-0.402906,-0.402906,-0.402906,-0.402906,-0.402906,-0.402906
1.869000,-0.400029,-0.400029,-0.400029,-0.400029,-0.400029,-0.400029,-0.400029
1.870000,-0.397148,-0.397148,-0.397148,-0.397148,-0.397148,-0.397148,-0.397148
1.871000,-0.394263,-0.394263,-0.394263,-0.394263,-0.394263,-0.394263,-0.394263
1.872000,-0.391374,-0.391374,-0.391374,-0.391374,-0.391374,-0.391374,-0.391374
1.873000,-0.388481,-0.388481,-0.388481,-0.388481,-0.388481,-0.388481,-0.388481
1.874000,-0.385584,-0.385584,-0.385584,-0.385584,-0.385584,-0.385584,-0.385584
1.875000,-0.382683,-0.382683,-0.382683,-0.382683,-0.382683,-0.382683,-0.382683
1.876000,-0.379779,-0.379779,-0.379779,-0.379779,-0.379779,-0.379779,-0.379779
1.877000,-0.376871,-0.376871,-0.376871,-0.376871,-0.376871,-0.376871,-0.376871
1.878000,-0.373959,-0.373959,-0.373959,-0.373959,-0.373959,-0.373959,-0.373959
1.879000,-0.371044,-0.371044,-0.371044,-0.371044,-0.371044,-0.371044,-0.371044
1.880000,-0.368125,-0.368125,-0.368125,-0.368125,-0.368125,-0.368125,-0.368125
1.881000,-0.365202,-0.365202,-0.365202,-0.365202,-0.365202,-0.365202,-0.365202
1.882000,-0.362275,-0.362275,-0.362275,-0.362275,-0.362275,-0.362275,-0.362275
1.883000,-0.359345,-0.359345,-0.359345,-0.359345,-0.359345,-0.359345,-0.359345
1.884000,-0.356412,-0.356412,-0.356412,-0.356412,-0.356412,-0.356412,-0.356412
1.885000,-0.353475,-0.353475,-0.353475,-0.353475,-0.353475,-0.353475,-0.353475
1.886000,-0.350534,-0.350534,-0.350534,-0.350534,-0.350534,-0.350534,-0.350534
1.887000,-0.347590,-0.347590,-0.347590,-0.347590,-0.347590,-0.347590,-0.347590
1.888000,-0.344643,-0.344643,-0.344643,-0.344643,-0.344643,-0.344643,-0.344643
1.889000,-0.341692,-0.341692,-0.341692,-0.341692,-0.341692,-0.341692,-0.341692
1.890000,-0.338738,-0.338738,-0.338738,-0.338738,-0.338738,-0.338738,-0.338738
1.891000,-0.335780,-0.335780,-0.335780,-0.335780,-0.335780,-0.335780,-0.335780
1.892000,-0.332820,-0.332820,-0.332820,-0.332820,-0.332820,-0.332820,-0.332820
1.893000,-0.329855,-0.329855,-0.329855,-0.329855,-0.329855,-0.329855,-0.329855
1.894000,-0.326888,-0.326888,-0.326888,-0.326888,-0.326888,-0.326888,-0.326888
1.895000,-0.323917,-0.323917,-0.323917,-0.323917,-0.323917,-0.323917,-0.323917
1.896000,-0.320944,-0.320944,-0.320944,-0.320944,-0.320944,-0.320944,-0.320944
1.897000,-0.317967,-0.317967,-0.317967,-0.317967,-0.317967,-0.317967,-0.317967
1.898000,-0.314987,-0.314987,-0.314987,-0.314987,-0.314987,-0.314987,-0.314987
1.899000,-0.312003,-0.312003,-0.312003,-0.312003,-0.312003,-0.312003,-0.312003
1.900000,-0.309017,-0.309017,-0.309017,-0.309017,-0.309017,-0.309017,-0.309017
1.901000,-0.306028,-0.306028,-0.306028,-0.306028,-0.306028,-0.306028,-0.306028
1.902000,-0.303035,-0.303035,-0.303035,-0.303035,-0.303035,-0.303035,-0.303035
1.903000,-0.300040,-0.300040,-0.300040,-0.300040,-0.300040,-0.300040,-0.300040
1.904000,-0.297042,-0.297042,-0.297042,-0.297042,-0.297042,-0.297042,-0.297042
1.905000,-0.294040,-0.294040,-0.294040,-0.294040,-0.294040,-0.294040,-0.294040
1.906000,-0.291036,-0.291036,-0.291036,-0.291036,-0.291036,-0.291036,-0.291036
1.907000,-0.288029,-0.288029,-0.288029,-0.288029,-0.288029,-0.288029,-0.288029
1.908000,-0.285019,-0.285019,-0.285019,-0.285019,-0.285019,-0.285019,-0.285019
1.909000,-0.282007,-0.282007,-0.282007,-0.282007,-0.282007,-0.282007,-0.282007
1.910000,-0.278991,-0.278991,-0.278991,-0.278991,-0.278991,-0.278991,-0.278991
1.911000,-0.275973,-0.275973,-0.275973,-0.275973,-0.275973,-0.275973,-0.275973
1.912000,-0.272952,-0.272952,-0.272952,-0.272952,-0.272952,-0.272952,-0.272952
1.913000,-0.269928,-0.269928,-0.269928,-0.269928,-0.269928,-0.269928,-0.269928
1.914000,-0.266902,-0.266902,-0.266902,-0.266902,-0.266902,-0.266902,-0.266902
1.915000,-0.263873,-0.263873,-0.263873,-0.263873,-0.263873,-0.263873,-0.263873
1.916000,-0.260842,-0.260842,-0.260842,-0.260842,-0.260842,-0.260842,-0.260842
1.917000,-0.257807,-0.257807,-0.257807,-0.257807,-0.257807,-0.257807,-0.257807
1.918000,-0.254771,-0.254771,-0.254771,-0.254771,-0.254771,-0.254771,-0.254771
1.919000,-0.251732,-0.251732,-0.251732,-0.251732,-0.251732,-0.251732,-0.251732
1.920000,-0.248690,-0.248690,-0.248690,-0.248690,-0.248690,-0.248690,-0.248690
1.921000,-0.245646,-0.245646,-0.245646,-0.245646,-0.245646,-0.245646,-0.245646
1.922000,-0.242599,-0.242599,-0.242599,-0.242599,-0.242599,-0.242599,-0.242599
1.923000,-0.239550,-0.239550,-0.239550,-0.239550,-0.239550,-0.239550,-0.239550
1.924000,-0.236499,-0.236499,-0.236499,-0.236499,-0.236499,-0.236499,-0.236499
1.925000,-0.233445,-0.233445,-0.233445,-0.233445,-0.233445,-0.233445,-0.233445
1.926000,-0.230389,-0.230389,-0.230389,-0.230389,-0.230389,-0.230389,-0.230389
1.927000,-0.227331,-0.227331,-0.227331,-0.227331,-0.227331,-0.227331,-0.227331
1.928000,-0.224271,-0.224271,-0.224271,-0.224271,-0.224271,-0.224271,-0.224271
1.929000,-0.221208,-0.221208,-0.221208,-0.221208,-0.221208,-0.221208,-0.221208
1.930000,-0.218143,-0.218143,-0.218143,-0.218143,-0.218143,-0.218143,-0.218143
1.931000,-0.215076,-0.215076,-0.215076,-0.215076,-0.215076,-0.215076,-0.215076
1.932000,-0.212007,-0.212007,-0.212007,-0.212007,-0.212007,-0.212007,-0.212007
1.933000,-0.208936,-0.208936,-0.208936,-0.208936,-0.208936,-0.208936,-0.208936
1.934000,-0.205863,-0.205863,-0.205863,-0.205863,-0.205863,-0.205863,-0.205863
1.935000,-0.202787,-0.202787,-0.202787,-0.202787,-0.202787,-0.202787,-0.202787
1.936000,-0.199710,-0.199710,-0.199710,-0.199710,-0.199710,-0.199710,-0.199710
1.937000,-0.196631,-0.196631,-0.196631,-0.196631,-0.196631,-0.196631,-0.196631
1.938000,-0.193549,-0.193549,-0.193549,-0.193549,-0.193549,-0.193549,-0.193549
1.939000,-0.190466,-0.190466,-0.190466,-0.190466,-0.190466,-0.190466,-0.190466
1.940000,-0.187381,-0.187381,-0.187381,-0.187381,-0.187381,-0.187381,-0.187381
1.941000,-0.184294,-0.184294,-0.184294,-0.184294,-0.184294,-0.184294,-0.184294
1.942000,-0.181206,-0.181206,-0.181206,-0.181206,-0.181206,-0.181206,-0.181206
1.943000,-0.178115,-0.178115,-0.178115,-0.178115,-0.178115,-0.178115,-0.178115
1.944000,-0.175023,-0.175023,-0.175023,-0.175023,-0.175023,-0.175023,-0.175023
1.945000,-0.171929,-0.171929,-0.171929,-0.171929,-0.171929,-0.171929,-0.171929
1.946000,-0.168833,-0.168833,-0.168833,-0.168833,-0.168833,-0.168833,-0.168833
1.947000,-0.165736,-0.165736,-0.165736,-0.165736,-0.165736,-0.165736,-0.165736
1.948000,-0.162637,-0.162637,-0.162637,-0.162637,-0.162637,-0.162637,-0.162637
1.949000,-0.159537,-0.159537,-0.159537,-0.159537,-0.159537,-0.159537,-0.159537
1.950000,-0.156434,-0.156434,-0.156434,-0.156434,-0.156434,-0.156434,-0.156434
1.951000,-0.153331,-0.153331,-0.153331,-0.153331,-0.153331,-0.153331,-0.153331
1.952000,-0.150226,-0.150226,-0.150226,-0.150226,-0.150226,-0.150226,-0.150226
1.953000,-0.147119,-0.147119,-0.147119,-0.147119,-0.147119,-0.147119,-0.147119
1.954000,-0.144011,-0.144011,-0.144011,-0.144011,-0.144011,-0.144011,-0.144011
1.955000,-0.140901,-0.140901,-0.140901,-0.140901,-0.140901,-0.140901,-0.140901
1.956000,-0.137790,-0.137790,-0.137790,-0.137790,-0.137790,-0.137790,-0.137790
1.957000,-0.134678,-0.134678,-0.134678,-0.134678,-0.134678,-0.134678,-0.134678
1.958000,-0.131564,-0.131564,-0.131564,-0.131564,-0.131564,-0.131564,-0.131564
1.959000,-0.128449,-0.128449,-0.128449,-0.128449,-0.128449,-0.128449,-0.128449
1.960000,-0.125333,-0.125333,-0.125333,-0.125333,-0.125333,-0.125333,-0.125333
1.961000,-0.122216,-0.122216,-0.122216,-0.122216,-0.122216,-0.122216,-0.122216
1.962000,-0.119097,-0.119097,-0.119097,-0.119097,-0.119097,-0.119097,-0.119097
1.963000,-0.115977,-0.115977,-0.115977,-0.115977,-0.115977,-0.115977,-0.115977
1.964000,-0.112856,-0.112856,-0.112856,-0.112856,-0.112856,-0.112856,-0.112856
1.965000,-0.109734,-0.109734,-0.109734,-0.109734,-0.109734,-0.109734,-0.109734
1.966000,-0.106611,-0.106611,-0.106611,-0.106611,-0.106611,-0.106611,-0.106611
1.967000,-0.103487,-0.103487,-0.103487,-0.103487,-0.103487,-0.103487,-0.103487
1.968000,-0.100362,-0.100362,-0.100362,-0.100362,-0.100362,-0.100362,-0.100362
1.969000,-0.097235,-0.097235,-0.097235,-0.097235,-0.097235,-0.097235,-0.097235
1.970000,-0.094108,-0.094108,-0.094108,-0.094108,-0.094108,-0.094108,-0.094108
1.971000,-0.090980,-0.090980,-0.090980,-0.090980,-0.090980,-0.090980,-0.090980
1.972000,-0.087851,-0.087851,-0.087851,-0.087851,-0.087851,-0.087851,-0.087851
1.973000,-0.084721,-0.084721,-0.084721,-0.084721,-0.084721,-0.084721,-0.084721
1.974000,-0.081591,-0.081591,-0.081591,-0.081591,-0.081591,-0.081591,-0.081591
1.975000,-0.078459,-0.078459,-0.078459,-0.078459,-0.078459,-0.078459,-0.078459
1.976000,-0.075327,-0.075327,-0.075327,-0.075327,-0.075327,-0.075327,-0.075327
1.977000,-0.072194,-0.072194,-0.072194,-0.072194,-0.072194,-0.072194,-0.072194
1.978000,-0.069060,-0.069060,-0.069060,-0.069060,-0.069060,-0.069060,-0.069060
1.979000,-0.065926,-0.065926,-0.065926,-0.065926,-0.065926,-0.065926,-0.065926
1.980000,-0.062791,-0.062791,-0.062791,-0.062791,-0.062791,-0.062791,-0.062791
1.981000,-0.059655,-0.059655,-0.059655,-0.059655,-0.059655,-0.059655,-0.059655
1.982000,-0.056519,-0.056519,-0.056519,-0.056519,-0.056519,-0.056519,-0.056519
1.983000,-0.053382,-0.053382,-0.053382,-0.053382,-0.053382,-0.053382,-0.053382
1.984000,-0.050244,-0.050244,-0.050244,-0.050244,-0.050244,-0.050244,-0.050244
1.985000,-0.047106,-0.047106,-0.047106,-0.047106,-0.047106,-0.047106,-0.047106
1.986000,-0.043968,-0.043968,-0.043968,-0.043968,-0.043968,-0.043968,-0.043968
1.987000,-0.040829,-0.040829,-0.040829,-0.040829,-0.040829,-0.040829,-0.040829
1.988000,-0.037690,-0.037690,-0.037690,-0.037690,-0.037690,-0.037690,-0.037690
1.989000,-0.034551,-0.034551,-0.034551,-0.034551,-0.034551,-0.034551,-0.034551
1.990000,-0.031411,-0.031411,-0.031411,-0.031411,-0.031411,-0.031411,-0.031411
1.991000,-0.028271,-0.028271,-0.028271,-0.028271,-0.028271,-0.028271,-0.028271
1.992000,-0.025130,-0.025130,-0.025130,-0.025130,-0.025130,-0.025130,-0.025130
1.993000,-0.021989,-0.021989,-0.021989,-0.021989,-0.021989,-0.021989,-0.021989
1.994000,-0.018848,-0.018848,-0.018848,-0.018848,-0.018848,-0.018848,-0.018848
1.995000,-0.015707,-0.015707,-0.015707,-0.015707,-0.015707,-0.015707,-0.015707
1.996000,-0.012566,-0.012566,-0.012566,-0.012566,-0.012566,-0.012566,-0.012566
1.997000,-0.009425,-0.009425,-0.009425,-0.009425,-0.009425,-0.009425,-0.009425
1.998000,-0.006283,-0.006283,-0.006283,-0.006283,-0.006283,-0.006283,-0.006283
1.999000,-0.003142,-0.003142,-0.003142,-0.003142,-0.003142,-0.003142,-0.003142
2.000000,-0.000000,-0.000000,-0.000000,-0.000000,-0.000000,-0.000000,-0.000000
2.001000,0.003142,0.003142,0.003142,0.003142,0.003142,0.003142,0.003142
2.002000,0.006283,0.006283,0.006283,0.006283,0.006283,0.006283,0.006283
2.003000,0.009425,0.009425,0.009425,0.009425,0.009425,0.009425,0.009425
2.004000,0.012566,0.012566,0.012566,0.012566,0.012566,0.012566,0.012566
2.005000,0.015707,0.015707,0.015707,0.015707,0.015707,0.015707,0.015707
2.006000,0.018848,0.018848,0.018848,0.018848,0.018848,0.018848,0.018848
2.007000,0.021989,0.021989,0.021989,0.021989,0.021989,0.021989,0.021989
2.008000,0.025130,0.025130,0.025130,0.025130,0.025130,0.025130,0.025130
2.009000,0.028271,0.028271,0.028271,0.028271,0.028271,0.028271,0.028271
2.010000,0.031411,0.031411,0.031411,0.031411,0.031411,0.031411,0.031411
2.011000,0.034551,0.034551,0.034551,0.034551,0.034551,0.034551,0.034551
2.012000,0.037690,0.037690,0.037690,0.037690,0.037690,0.037690,0.037690
2.013000,0.040829,0.040829,0.040829,0.040829,0.040829,0.040829,0.040829
2.014000,0.043968,0.043968,0.043968,0.043968,0.043968,0.043968,0.043968
2.015000,0.047106,0.047106,0.047106,0.047106,0.047106,0.047106,0.047106
2.016000,0.050244,0.050244,0.050244,0.050244,0.050244,0.050244,0.050244
2.017000,0.053382,0.053382,0.053382,0.053382,0.053382,0.053382,0.053382
2.018000,0.056519,0.056519,0.056519,0.056519,0.056519,0.056519,0.056519
2.019000,0.059655,0.059655,0.059655,0.059655,0.059655,0.059655,0.059655
2.020000,0.062791,0.062791,0.062791,0.062791,0.062791,0.062791,0.062791
2.021000,0.065926,0.065926,0.065926,0.065926,0.065926,0.065926,0.065926
2.022000,0.069060,0.069060,0.069060,0.069060,0.069060,0.069060,0.069060
2.023000,0.072194,0.072194,0.072194,0.072194,0.072194,0.072194,0.072194
2.024000,0.075327,0.075327,0.075327,0.075327,0.075327,0.075327,0.075327
2.025000,0.078459,0.078459,0.078459,0.078459,0.078459,0.078459,0.078459
2.026000,0.081591,0.081591,0.081591,0.081591,0.081591,0.081591,0.081591
2.027000,0.084721,0.084721,0.084721,0.084721,0.084721,0.084721,0.084721
2.028000,0.087851,0.087851,0.087851,0.087851,0.087851,0.087851,0.087851
2.029000,0.090980,0.090980,0.090980,0.090980,0.090980,0.090980,0.090980
2.030000,0.094108,0.094108,0.094108,0.094108,0.094108,0.094108,0.094108
2.031000,0.097235,0.097235,0.097235,0.097235,0.097235,0.097235,0.097235
2.032000,0.100362,0.100362,0.100362,0.100362,0.100362,0.100362,0.100362
2.033000,0.103487,0.103487,0.103487,0.103487,0.103487,0.103487,0.103487
2.034000,0.106611,0.106611,0.106611,0.106611,0.106611,0.106611,0.106611
2.035000,0.109734,0.109734,0.109734,0.109734,0.109734,0.109734,0.109734
2.036000,0.112856,0.112856,0.112856,0.112856,0.112856,0.112856,0.112856
2.037000,0.115977,0.115977,0.115977,0.115977,0.115977,0.115977,0.115977
2.038000,0.119097,0.119097,0.119097,0.119097,0.119097,0.119097,0.119097
2.039000,0.122216,0.122216,0.122216,0.122216,0.122216,0.122216,0.122216
2.040000,0.125333,0.125333,0.125333,0.125333,0.125333,0.125333,0.125333
2.041000,0.128449,0.128449,0.128449,0.128449,0.128449,0.128449,0.128449
2.042000,0.131564,0.131564,0.131564,0.131564,0.131564,0.131564,0.131564
2.043000,0.134678,0.134678,0.134678,0.134678,0.134678,0.134678,0.134678
2.044000,0.137790,0.137790,0.137790,0.137790,0.137790,0.137790,0.137790
2.045000,0.140901,0.140901,0.140901,0.140901,0.140901,0.140901,0.140901
2.046000,0.144011,0.144011,0.144011,0.144011,0.144011,0.144011,0.144011
2.047000,0.147119,0.147119,0.147119,0.147119,0.147119,0.147119,0.147119
2.048000,0.150226,0.150226,0.150226,0.150226,0.150226,0.150226,0.150226
2.049000,0.153331,0.153331,0.153331,0.153331,0.153331,0.153331,0.153331
2.050000,0.156434,0.156434,0.156434,0.156434,0.156434,0.156434,0.156434
2.051000,0.159537,0.159537,0.159537,0.159537,0.159537,0.159537,0.159537
2.052000,0.162637,0.162637,0.162637,0.162637,0.162637,0.162637,0.162637
2.053000,0.165736,0.165736,0.165736,0.165736,0.165736,0.165736,0.165736
2.054000,0.168833,0.168833,0.168833,0.168833,0.168833,0.168833,0.168833
2.055000,0.171929,0.171929,0.171929,0.171929,0.171929,0.171929,0.171929
2.056000,0.175023,0.175023,0.175023,0.175023,0.175023,0.175023,0.175023
2.057000,0.178115,0.178115,0.178115,0.178115,0.178115,0.178115,0.178115
2.058000,0.181206,0.181206,0.181206,0.181206,0.181206,0.181206,0.181206
2.059000,0.184294,0.184294,0.184294,0.184294,0.184294,0.184294,0.184294
2.060000,0.187381,0.187381,0.187381,0.187381,0.187381,0.187381,0.187381
2.061000,0.190466,0.190466,0.190466,0.190466,0.190466,0.190466,0.190466
2.062000,0.193549,0.193549,0.193549,0.193549,0.193549,0.193549,0.193549
2.063000,0.196631,0.196631,0.196631,0.196631,0.196631,0.196631,0.196631
2.064000,0.199710,0.199710,0.199710,0.199710,0.199710,0.199710,0.199710
2.065000,0.202787,0.202787,0.202787,0.202787,0.202787,0.202787,0.202787
2.066000,0.205863,0.205863,0.205863,0.205863,0.205863,0.205863,0.205863
2.067000,0.208936,0.208936,0.208936,0.208936,0.208936,0.208936,0.208936
2.068000,0.212007,0.212007,0.212007,0.212007,0.212007,0.212007,0.212007
2.069000,0.215076,0.215076,0.215076,0.215076,0.215076,0.215076,0.215076
2.070000,0.218143,0.218143,0.218143,0.218143,0.218143,0.218143,0.218143
2.071000,0.221208,0.221208,0.221208,0.221208,0.221208,0.221208,0.221208
2.072000,0.224271,0.224271,0.224271,0.224271,0.224271,0.224271,0.224271
2.073000,0.227331,0.227331,0.227331,0.227331,0.227331,0.227331,0.227331
2.074000,0.230389,0.230389,0.230389,0.230389,0.230389,0.230389,0.230389
2.075000,0.233445,0.233445,0.233445,0.233445,0.233445,0.233445,0.233445
2.076000,0.236499,0.236499,0.236499,0.236499,0.236499,0.236499,0.236499
2.077000,0.239550,0.239550,0.239550,0.239550,0.239550,0.239550,0.239550
2.078000,0.242599,0.242599,0.242599,0.242599,0.242599,0.242599,0.242599
2.079000,0.245646,0.245646,0.245646,0.245646,0.245646,0.245646,0.245646
2.080000,0.248690,0.248690,0.248690,0.248690,0.248690,0.248690,0.248690
2.081000,0.251732,0.251732,0.251732,0.251732,0.251732,0.251732,0.251732
2.082000,0.254771,0.254771,0.254771,0.254771,0.254771,0.254771,0.254771
2.083000,0.257807,0.257807,0.257807,0.257807,0.257807,0.257807,0.257807
2.084000,0.260842,0.260842,0.260842,0.260842,0.260842,0.260842,0.260842
2.085000,0.263873,0.263873,0.263873,0.263873,0.263873,0.263873,0.263873
2.086000,0.266902,0.266902,0.266902,0.266902,0.266902,0.266902,0.266902
2.087000,0.269928,0.269928,0.269928,0.269928,0.269928,0.269928,0.269928
2.088000,0.272952,0.272952,0.272952,0.272952,0.272952,0.272952,0.272952
2.089000,0.275973,0.275973,0.275973,0.275973,0.275973,0.275973,0.275973
2.090000,0.278991,0.278991,0.278991,0.278991,0.278991,0.278991,0.278991
2.091000,0.282007,0.282007,0.282007,0.282007,0.282007,0.282007,0.282007
2.092000,0.285019,0.285019,0.285019,0.285019,0.285019,0.285019,0.285019
2.093000,0.288029,0.288029,0.288029,0.288029,0.288029,0.288029,0.288029
2.094000,0.291036,0.291036,0.291036,0.291036,0.291036,0.291036,0.291036
2.095000,0.294040,0.294040,0.294040,0.294040,0.294040,0.294040,0.294040
2.096000,0.297042,0.297042,0.297042,0.297042,0.297042,0.297042,0.297042
2.097000,0.300040,0.300040,0.300040,0.300040,0.300040,0.300040,0.300040
2.098000,0.303035,0.303035,0.303035,0.303035,0.303035,0.303035,0.303035
2.099000,0.306028,0.306028,0.306028,0.306028,0.306028,0.306028,0.306028
2.100000,0.309017,0.309017,0.309017,0.309017,0.309017,0.309017,0.309017
2.101000,0.312003,0.312003,0.312003,0.312003,0.312003,0.312003,0.312003
2.102000,0.314987,0.314987,0.314987,0.314987,0.314987,0.314987,0.314987
2.103000,0.317967,0.317967,0.317967,0.317967,0.317967,0.317967,0.317967
2.104000,0.320944,0.320944,0.320944,0.320944,0.320944,0.320944,0.320944
2.105000,0.323917,0.323917,0.323917,0.323917,0.323917,0.323917,0.323917
2.106000,0.326888,0.326888,0.326888,0.326888,0.326888,0.326888,0.326888
2.107000,0.329855,0.329855,0.329855,0.329855,0.329855,0.329855,0.329855
2.108000,0.332820,0.332820,0.332820,0.332820,0.332820,0.332820,0.332820
2.109000,0.335780,0.335780,0.335780,0.335780,0.335780,0.335780,0.335780
2.110000,0.338738,0.338738,0.338738,0.338738,0.338738,0.338738,0.338738
2.111000,0.341692,0.341692,0.341692,0.341692,0.341692,0.341692,0.341692
2.112000,0.344643,0.344643,0.344643,0.344643,0.344643,0.344643,0.344643
2.113000,0.347590,0.347590,0.347590,0.347590,0.347590,0.347590,0.347590
2.114000,0.350534,0.350534,0.350534,0.350534,0.350534,0.350534,0.350534
2.115000,0.353475,0.353475,0.353475,0.353475,0.353475,0.353475,0.353475
2.116000,0.356412,0.356412,0.356412,0.356412,0.356412,0.356412,0.356412
2.117000,0.359345,0.359345,0.359345,0.359345,0.359345,0.359345,0.359345
2.118000,0.362275,0.362275,0.362275,0.362275,0.362275,0.362275,0.362275
2.119000,0.365202,0.365202,0.365202,0.365202,0.365202,0.365202,0.365202
2.120000,0.368125,0.368125,0.368125,0.368125,0.368125,0.368125,0.368125
2.121000,0.371044,0.371044,0.371044,0.371044,0.371044,0.371044,0.371044
2.122000,0.373959,0.373959,0.373959,0.373959,0.373959,0.373959,0.373959
2.123000,0.376871,0.376871,0.376871,0.376871,0.376871,0.376871,0.376871
2.124000,0.379779,0.379779,0.379779,0.379779,0.379779,0.379779,0.379779
2.125000,0.382683,0.382683,0.382683,0.382683,0.382683,0.382683,0.382683
2.126000,0.385584,0.385584,0.385584,0.385584,0.385584,0.385584,0.385584
2.127000,0.388481,0.388481,0.388481,0.388481,0.388481,0.388481,0.388481
2.128000,0.391374,0.391374,0.391374,0.391374,0.391374,0.391374,0.391374
2.129000,0.394263,0.394263,0.394263,0.394263,0.394263,0.394263,0.394263
2.130000,0.397148,0.397148,0.397148,0.397148,0.397148,0.397148,0.397148
2.131000,0.400029,0.400029,0.400029,0.400029,0.400029,0.400029,0.400029
2.132000,0.402906,0.402906,0.402906,0.402906,0.402906,0.402906,0.402906
2.133000,0.405780,0.405780,0.405780,0.405780,0.405780,0.405780,0.405780
2.134000,0.408649,0.408649,0.408649,0.408649,0.408649,0.408649,0.408649
2.135000,0.411514,0.411514,0.411514,0.411514,0.411514,0.411514,0.411514
2.136000,0.414376,0.414376,0.414376,0.414376,0.414376,0.414376,0.414376
2.137000,0.417233,0.417233,0.417233,0.417233,0.417233,0.417233,0.417233
2.138000,0.420086,0.420086,0.420086,0.420086,0.420086,0.420086,0.420086
2.139000,0.422935,0.422935,0.422935,0.422935,0.422935,0.422935,0.422935
2.140000,0.425779,0.425779,0.425779,0.425779,0.425779,0.425779,0.425779
2.141000,0.428620,0.428620,0.428620,0.428620,0.428620,0.428620,0.428620
2.142000,0.431456,0.431456,0.431456,0.431456,0.431456,0.431456,0.431456
2.143000,0.434288,0.434288,0.434288,0.434288,0.434288,0.434288,0.434288
2.144000,0.437116,0.437116,0.437116,0.437116,0.437116,0.437116,0.437116
2.145000,0.439939,0.439939,0.439939,0.439939,0.439939,0.439939,0.439939
2.146000,0.442758,0.442758,0.442758,0.442758,0.442758,0.442758,0.442758
2.147000,0.445573,0.445573,0.445573,0.445573,0.445573,0.445573,0.445573
2.148000,0.448383,0.448383,0.448383,0.448383,0.448383,0.448383,0.448383
2.149000,0.451189,0.451189,0.451189,0.451189,0.451189,0.451189,0.451189
2.150000,0.453990,0.453990,0.453990,0.453990,0.453990,0.453990,0.453990
2.151000,0.456787,0.456787,0.456787,0.456787,0.456787,0.456787,0.456787
2.152000,0.459580,0.459580,0.459580,0.459580,0.459580,0.459580,0.459580
2.153000,0.462368,0.462368,0.462368,0.462368,0.462368,0.462368,0.462368
2.154000,0.465151,0.465151,0.465151,0.465151,0.465151,0.465151,0.465151
2.155000,0.467930,0.467930,0.467930,0.467930,0.467930,0.467930,0.467930
2.156000,0.470704,0.470704,0.470704,0.470704,0.470704,0.470704,0.470704
2.157000,0.473473,0.473473,0.473473,0.473473,0.473473,0.473473,0.473473
2.158000,0.476238,0.476238,0.476238,0.476238,0.476238,0.476238,0.476238
2.159000,0.478998,0.478998,0.478998,0.478998,0.478998,0.478998,0.478998
2.160000,0.481754,0.481754,0.481754,0.481754,0.481754,0.481754,0.481754
2.161000,0.484504,0.484504,0.484504,0.484504,0.484504,0.484504,0.484504
2.162000,0.487250,0.487250,0.487250,0.487250,0.487250,0.487250,0.487250
2.163000,0.489991,0.489991,0.489991,0.489991,0.489991,0.489991,0.489991
2.164000,0.492727,0.492727,0.492727,0.492727,0.492727,0.492727,0.492727
2.165000,0.495459,0.495459,0.495459,0.495459,0.495459,0.495459,0.495459
2.166000,0.498185,0.498185,0.498185,0.498185,0.498185,0.498185,0.498185
2.167000,0.500907,0.500907,0.500907,0.500907,0.500907,0.500907,0.500907
2.168000,0.503623,0.503623,0.503623,0.503623,0.503623,0.503623,0.503623
2.169000,0.506335,0.506335,0.506335,0.506335,0.506335,0.506335,0.506335
2.170000,0.509041,0.509041,0.509041,0.509041,0.509041,0.509041,0.509041
2.171000,0.511743,0.511743,0.511743,0.511743,0.511743,0.511743,0.511743
2.172000,0.514440,0.514440,0.514440,0.514440,0.514440,0.514440,0.514440
2.173000,0.517131,0.517131,0.517131,0.517131,0.517131,0.517131,0.517131
2.174000,0.519817,0.519817,0.519817,0.519817,0.519817,0.519817,0.519817
2.175000,0.522499,0.522499,0.522499,0.522499,0.522499,0.522499,0.522499
2.176000,0.525175,0.525175,0.525175,0.525175,0.525175,0.525175,0.525175
2.177000,0.527846,0.527846,0.527846,0.527846,0.527846,0.527846,0.527846
2.178000,0.530511,0.530511,0.530511,0.530511,0.530511,0.530511,0.530511
2.179000,0.533172,0.533172,0.533172,0.533172,0.533172,0.533172,0.533172
2.180000,0.535827,0.535827,0.535827,0.535827,0.535827,0.535827,0.535827
2.181000,0.538477,0.538477,0.538477,0.538477,0.538477,0.538477,0.538477
2.182000,0.541121,0.541121,0.541121,0.541121,0.541121,0.541121,0.541121
2.183000,0.543760,0.543760,0.543760,0.543760,0.543760,0.543760,0.543760
2.184000,0.546394,0.546394,0.546394,0.546394,0.546394,0.546394,0.546394
2.185000,0.549023,0.549023,0.549023,0.549023,0.549023,0.549023,0.549023
2.186000,0.551646,0.551646,0.551646,0.551646,0.551646,0.551646,0.551646
2.187000,0.554263,0.554263,0.554263,0.554263,0.554263,0.554263,0.554263
2.188000,0.556876,0.556876,0.556876,0.556876,0.556876,0.556876,0.556876
2.189000,0.559482,0.559482,0.559482,0.559482,0.559482,0.559482,0.559482
2.190000,0.562083,0.562083,0.562083,0.562083,0.562083,0.562083,0.562083
2.191000,0.564679,0.564679,0.564679,0.564679,0.564679,0.564679,0.564679
2.192000,0.567269,0.567269,0.567269,0.567269,0.567269,0.567269,0.567269
2.193000,0.569853,0.569853,0.569853,0.569853,0.569853,0.569853,0.569853
2.194000,0.572432,0.572432,0.572432,0.572432,0.572432,0.572432,0.572432
2.195000,0.575005,0.575005,0.575005,0.575005,0.575005,0.575005,0.575005
2.196000,0.577573,0.577573,0.577573,0.577573,0.577573,0.577573,0.577573
2.197000,0.580134,0.580134,0.580134,0.580134,0.580134,0.580134,0.580134
2.198000,0.582690,0.582690,0.582690,0.582690,0.582690,0.582690,0.582690
2.199000,0.585241,0.585241,0.585241,0.585241,0.585241,0.585241,0.585241
2.200000,0.587785,0.587785,0.587785,0.587785,0.587785,0.587785,0.587785
2.201000,0.590324,0.590324,0.590324,0.590324,0.590324,0.590324,0.590324
2.202000,0.592857,0.592857,0.592857,0.592857,0.592857,0.592857,0.592857
2.203000,0.595384,0.595384,0.595384,0.595384,0.595384,0.595384,0.595384
2.204000,0.597905,0.597905,0.597905,0.597905,0.597905,0.597905,0.597905
2.205000,0.600420,0.600420,0.600420,0.600420,0.600420,0.600420,0.600420
2.206000,0.602930,0.602930,0.602930,0.602930,0.602930,0.602930,0.602930
2.207000,0.605433,0.605433,0.605433,0.605433,0.605433,0.605433,0.605433
2.208000,0.607930,0.607930,0.607930,0.607930,0.607930,0.607930,0.607930
2.209000,0.610422,0.610422,0.610422,0.610422,0.610422,0.610422,0.610422
2.210000,0.612907,0.612907,0.612907,0.612907,0.612907,0.612907,0.612907
2.211000,0.615386,0.615386,0.615386,0.615386,0.615386,0.615386,0.615386
2.212000,0.617860,0.617860,0.617860,0.617860,0.617860,0.617860,0.617860
2.213000,0.620327,0.620327,0.620327,0.620327,0.620327,0.620327,0.620327
2.214000,0.622788,0.622788,0.622788,0.622788,0.622788,0.622788,0.622788
2.215000,0.625243,0.625243,0.625243,0.625243,0.625243,0.625243,0.625243
2.216000,0.627691,0.627691,0.627691,0.627691,0.627691,0.627691,0.627691
2.217000,0.630134,0.630134,0.630134,0.630134,0.630134,0.630134,0.630134
2.218000,0.632570,0.632570,0.632570,0.632570,0.632570,0.632570,0.632570
2.219000,0.635000,0.635000,0.635000,0.635000,0.635000,0.635000,0.635000
2.220000,0.637424,0.637424,0.637424,0.637424,0.637424,0.637424,0.637424
2.221000,0.639841,0.639841,0.639841,0.639841,0.639841,0.639841,0.639841
2.222000,0.642253,0.642253,0.642253,0.642253,0.642253,0.642253,0.642253
2.223000,0.644657,0.644657,0.644657,0.644657,0.644657,0.644657,0.644657
2.224000,0.647056,0.647056,0.647056,0.647056,0.647056,0.647056,0.647056
2.225000,0.649448,0.649448,0.649448,0.649448,0.649448,0.649448,0.649448
2.226000,0.651834,0.651834,0.651834,0.651834,0.651834,0.651834,0.651834
2.227000,0.654213,0.654213,0.654213,0.654213,0.654213,0.654213,0.654213
2.228000,0.656586,0.656586,0.656586,0.656586,0.656586,0.656586,0.656586
2.229000,0.658952,0.658952,0.658952,0.658952,0.658952,0.658952,0.658952
2.230000,0.661312,0.661312,0.661312,0.661312,0.661312,0.661312,0.661312
2.231000,0.663665,0.663665,0.663665,0.663665,0.663665,0.663665,0.663665
2.232000,0.666012,0.666012,0.666012,0.666012,0.666012,0.666012,0.666012
2.233000,0.668352,0.668352,0.668352,0.668352,0.668352,0.668352,0.668352
2.234000,0.670686,0.670686,0.670686,0.670686,0.670686,0.670686,0.670686
2.235000,0.673013,0.673013,0.673013,0.673013,0.673013,0.673013,0.673013
2.236000,0.675333,0.675333,0.675333,0.675333,0.675333,0.675333,0.675333
2.237000,0.677646,0.677646,0.677646,0.677646,0.677646,0.677646,0.677646
2.238000,0.679953,0.679953,0.679953,0.679953,0.679953,0.679953,0.679953
2.239000,0.682254,0.682254,0.682254,0.682254,0.682254,0.682254,0.682254
2.240000,0.684547,0.684547,0.684547,0.684547,0.684547,0.684547,0.684547
2.241000,0.686834,0.686834,0.686834,0.686834,0.686834,0.686834,0.686834
2.242000,0.689114,0.689114,0.689114,0.689114,0.689114,0.689114,0.689114
2.243000,0.691387,0.691387,0.691387,0.691387,0.691387,0.691387,0.691387
2.244000,0.693653,0.693653,0.693653,0.693653,0.693653,0.693653,0.693653
2.245000,0.695913,0.695913,0.695913,0.695913,0.695913,0.695913,0.695913
2.246000,0.698165,0.698165,0.698165,0.698165,0.698165,0.698165,0.698165
2.247000,0.700411,0.700411,0.700411,0.700411,0.700411,0.700411,0.700411
2.248000,0.702650,0.702650,0.702650,0.702650,0.702650,0.702650,0.702650
2.249000,0.704882,0.704882,0.704882,0.704882,0.704882,0.704882,0.704882
2.250000,0.707107,0.707107,0.707107,0.707107,0.707107,0.707107,0.707107
2.251000,0.709325,0.709325,0.709325,0.709325,0.709325,0.709325,0.709325
2.252000,0.711536,0.711536,0.711536,0.711536,0.711536,0.711536,0.711536
2.253000,0.713740,0.713740,0.713740,0.713740,0.713740,0.713740,0.713740
2.254000,0.715936,0.715936,0.715936,0.715936,0.715936,0.715936,0.715936
2.255000,0.718126,0.718126,0.718126,0.718126,0.718126,0.718126,0.718126
2.256000,0.720309,0.720309,0.720309,0.720309,0.720309,0.720309,0.720309
2.257000,0.722485,0.722485,0.722485,0.722485,0.722485,0.722485,0.722485
2.258000,0.724653,0.724653,0.724653,0.724653,0.724653,0.724653,0.724653
2.259000,0.726814,0.726814,0.726814,0.726814,0.726814,0.726814,0.726814
2.260000,0.728969,0.728969,0.728969,0.728969,0.728969,0.728969,0.728969
2.261000,0.731116,0.731116,0.731116,0.731116,0.731116,0.731116,0.731116
2.262000,0.733255,0.733255,0.733255,0.733255,0.733255,0.733255,0.733255
2.263000,0.735388,0.735388,0.735388,0.735388,0.735388,0.735388,0.735388
2.264000,0.737513,0.737513,0.737513,0.737513,0.737513,0.737513,0.737513
2.265000,0.739631,0.739631,0.739631,0.739631,0.739631,0.739631,0.739631
2.266000,0.741742,0.741742,0.741742,0.741742,0.741742,0.741742,0.741742
2.267000,0.743845,0.743845,0.743845,0.743845,0.743845,0.743845,0.743845
2.268000,0.745941,0.745941,0.745941,0.745941,0.745941,0.745941,0.745941
2.269000,0.748030,0.748030,0.748030,0.748030,0.748030,0.748030,0.748030
2.270000,0.750111,0.750111,0.750111,0.750111,0.750111,0.750111,0.750111
2.271000,0.752185,0.752185,0.752185,0.752185,0.752185,0.752185,0.752185
2.272000,0.754251,0.754251,0.754251,0.754251,0.754251,0.754251,0.754251
2.273000,0.756310,0.756310,0.756310,0.756310,0.756310,0.756310,0.756310
2.274000,0.758362,0.758362,0.758362,0.758362,0.758362,0.758362,0.758362
2.275000,0.760406,0.760406,0.760406,0.760406,0.760406,0.760406,0.760406
2.276000,0.762443,0.762443,0.762443,0.762443,0.762443,0.762443,0.762443
2.277000,0.764472,0.764472,0.764472,0.764472,0.764472,0.764472,0.764472
2.278000,0.766493,0.766493,0.766493,0.766493,0.766493,0.766493,0.766493
2.279000,0.768507,0.768507,0.768507,0.768507,0.768507,0.768507,0.768507
2.280000,0.770513,0.770513,0.770513,0.770513,0.770513,0.770513,0.770513
2.281000,0.772512,0.772512,0.772512,0.772512,0.772512,0.772512,0.772512
2.282000,0.774503,0.774503,0.774503,0.774503,0.774503,0.774503,0.774503
2.283000,0.776487,0.776487,0.776487,0.776487,0.776487,0.776487,0.776487
2.284000,0.778462,0.778462,0.778462,0.778462,0.778462,0.778462,0.778462
2.285000,0.780430,0.780430,0.780430,0.780430,0.780430,0.780430,0.780430
2.286000,0.782391,0.782391,0.782391,0.782391,0.782391,0.782391,0.782391
2.287000,0.784343,0.784343,0.784343,0.784343,0.784343,0.784343,0.784343
2.288000,0.786288,0.786288,0.786288,0.786288,0.786288,0.786288,0.786288
2.289000,0.788226,0.788226,0.788226,0.788226,0.788226,0.788226,0.788226
2.290000,0.790155,0.790155,0.790155,0.790155,0.790155,0.790155,0.790155
2.291000,0.792077,0.792077,0.792077,0.792077,0.792077,0.792077,0.792077
2.292000,0.793990,0.793990,0.793990,0.793990,0.793990,0.793990,0.793990
2.293000,0.795896,0.795896,0.795896,0.795896,0.795896,0.795896,0.795896
2.294000,0.797794,0.797794,0.797794,0.797794,0.797794,0.797794,0.797794
2.295000,0.799685,0.799685,0.799685,0.799685,0.799685,0.799685,0.799685
2.296000,0.801567,0.801567,0.801567,0.801567,0.801567,0.801567,0.801567
2.297000,0.803441,0.803441,0.803441,0.803441,0.803441,0.803441,0.803441
2.298000,0.805308,0.805308,0.805308,0.805308,0.805308,0.805308,0.805308
2.299000,0.807166,0.807166,0.807166,0.807166,0.807166,0.807166,0.807166
2.300000,0.809017,0.809017,0.809017,0.809017,0.809017,0.809017,0.809017
2.301000,0.810860,0.810860,0.810860,0.810860,0.810860,0.810860,0.810860
2.302000,0.812694,0.812694,0.812694,0.812694,0.812694,0.812694,0.812694
2.303000,0.814521,0.814521,0.814521,0.814521,0.814521,0.814521,0.814521
2.304000,0.816339,0.816339,0.816339,0.816339,0.816339,0.816339,0.816339
2.305000,0.818150,0.818150,0.818150,0.818150,0.818150,0.818150,0.818150
2.306000,0.819952,0.819952,0.819952,0.819952,0.819952,0.819952,0.819952
2.307000,0.821746,0.821746,0.821746,0.821746,0.821746,0.821746,0.821746
2.308000,0.823533,0.823533,0.823533,0.823533,0.823533,0.823533,0.823533
2.309000,0.825311,0.825311,0.825311,0.825311,0.825311,0.825311,0.825311
2.310000,0.827081,0.827081,0.827081,0.827081,0.827081,0.827081,0.827081
2.311000,0.828842,0.828842,0.828842,0.828842,0.828842,0.828842,0.828842
2.312000,0.830596,0.830596,0.830596,0.830596,0.830596,0.830596,0.830596
2.313000,0.832341,0.832341,0.832341,0.832341,0.832341,0.832341,0.832341
2.314000,0.834078,0.834078,0.834078,0.834078,0.834078,0.834078,0.834078
2.315000,0.835807,0.835807,0.835807,0.835807,0.835807,0.835807,0.835807
2.316000,0.837528,0.837528,0.837528,0.837528,0.837528,0.837528,0.837528
2.317000,0.839240,0.839240,0.839240,0.839240,0.839240,0.839240,0.839240
2.318000,0.840945,0.840945,0.840945,0.840945,0.840945,0.840945,0.840945
2.319000,0.842640,0.842640,0.842640,0.842640,0.842640,0.842640,0.842640
2.320000,0.844328,0.844328,0.844328,0.844328,0.844328,0.844328,0.844328
2.321000,0.846007,0.846007,0.846007,0.846007,0.846007,0.846007,0.846007
2.322000,0.847678,0.847678,0.847678,0.847678,0.847678,0.847678,0.847678
2.323000,0.849340,0.849340,0.849340,0.849340,0.849340,0.849340,0.849340
2.324000,0.850994,0.850994,0.850994,0.850994,0.850994,0.850994,0.850994
2.325000,0.852640,0.852640,0.852640,0.852640,0.852640,0.852640,0.852640
2.326000,0.854277,0.854277,0.854277,0.854277,0.854277,0.854277,0.854277
2.327000,0.855906,0.855906,0.855906,0.855906,0.855906,0.855906,0.855906
2.328000,0.857527,0.857527,0.857527,0.857527,0.857527,0.857527,0.857527
2.329000,0.859139,0.859139,0.859139,0.859139,0.859139,0.859139,0.859139
2.330000,0.860742,0.860742,0.860742,0.860742,0.860742,0.860742,0.860742
2.331000,0.862337,0.862337,0.862337,0.862337,0.862337,0.862337,0.862337
2.332000,0.863923,0.863923,0.863923,0.863923,0.863923,0.863923,0.863923
2.333000,0.865501,0.865501,0.865501,0.865501,0.865501,0.865501,0.865501
2.334000,0.867071,0.867071,0.867071,0.867071,0.867071,0.867071,0.867071
2.335000,0.868632,0.868632,0.868632,0.868632,0.868632,0.868632,0.868632
2.336000,0.870184,0.870184,0.870184,0.870184,0.870184,0.870184,0.870184
2.337000,0.871727,0.871727,0.871727,0.871727,0.871727,0.871727,0.871727
2.338000,0.873262,0.873262,0.873262,0.873262,0.873262,0.873262,0.873262
2.339000,0.874789,0.874789,0.874789,0.874789,0.874789,0.874789,0.874789
2.340000,0.876307,0.876307,0.876307,0.876307,0.876307,0.876307,0.876307
2.341000,0.877816,0.877816,0.877816,0.877816,0.877816,0.877816,0.877816
2.342000,0.879316,0.879316,0.879316,0.879316,0.879316,0.879316,0.879316
2.343000,0.880808,0.880808,0.880808,0.880808,0.880808,0.880808,0.880808
2.344000,0.882291,0.882291,0.882291,0.882291,0.882291,0.882291,0.882291
2.345000,0.883766,0.883766,0.883766,0.883766,0.883766,0.883766,0.883766
2.346000,0.885231,0.885231,0.885231,0.885231,0.885231,0.885231,0.885231
2.347000,0.886688,0.886688,0.886688,0.886688,0.886688,0.886688,0.886688
2.348000,0.888136,0.888136,0.888136,0.888136,0.888136,0.888136,0.888136
2.349000,0.889576,0.889576,0.889576,0.889576,0.889576,0.889576,0.889576
2.350000,0.891007,0.891007,0.891007,0.891007,0.891007,0.891007,0.891007
2.351000,0.892428,0.892428,0.892428,0.892428,0.892428,0.892428,0.892428
2.352000,0.893841,0.893841,0.893841,0.893841,0.893841,0.893841,0.893841
2.353000,0.895246,0.895246,0.895246,0.895246,0.895246,0.895246,0.895246
2.354000,0.896641,0.896641,0.896641,0.896641,0.896641,0.896641,0.896641
2.355000,0.898028,0.898028,0.898028,0.898028,0.898028,0.898028,0.898028
2.356000,0.899405,0.899405,0.899405,0.899405,0.899405,0.899405,0.899405
2.357000,0.900774,0.900774,0.900774,0.900774,0.900774,0.900774,0.900774
2.358000,0.902134,0.902134,0.902134,0.902134,0.902134,0.902134,0.902134
2.359000,0.903485,0.903485,0.903485,0.903485,0.903485,0.903485,0.903485
2.360000,0.904827,0.904827,0.904827,0.904827,0.904827,0.904827,0.904827
2.361000,0.906160,0.906160,0.906160,0.906160,0.906160,0.906160,0.906160
2.362000,0.907484,0.907484,0.907484,0.907484,0.907484,0.907484,0.907484
2.363000,0.908800,0.908800,0.908800,0.908800,0.908800,0.908800,0.908800
2.364000,0.910106,0.910106,0.910106,0.910106,0.910106,0.910106,0.910106
2.365000,0.911403,0.911403,0.911403,0.911403,0.911403,0.911403,0.911403
2.366000,0.912692,0.912692,0.912692,0.912692,0.912692,0.912692,0.912692
2.367000,0.913971,0.913971,0.913971,0.913971,0.913971,0.913971,0.913971
2.368000,0.915241,0.915241,0.915241,0.915241,0.915241,0.915241,0.915241
2.369000,0.916502,0.916502,0.916502,0.916502,0.916502,0.916502,0.916502
2.370000,0.917755,0.917755,0.917755,0.917755,0.917755,0.917755,0.917755
2.371000,0.918998,0.918998,0.918998,0.918998,0.918998,0.918998,0.918998
2.372000,0.920232,0.920232,0.920232,0.920232,0.920232,0.920232,0.920232
2.373000,0.921457,0.921457,0.921457,0.921457,0.921457,0.921457,0.921457
2.374000,0.922673,0.922673,0.922673,0.922673,0.922673,0.922673,0.922673
2.375000,0.923880,0.923880,0.923880,0.923880,0.923880,0.923880,0.923880
2.376000,0.925077,0.925077,0.925077,0.925077,0.925077,0.925077,0.925077
2.377000,0.926266,0.926266,0.926266,0.926266,0.926266,0.926266,0.926266
2.378000,0.927445,0.927445,0.927445,0.927445,0.927445,0.927445,0.927445
2.379000,0.928615,0.928615,0.928615,0.928615,0.928615,0.928615,0.928615
2.380000,0.929776,0.929776,0.929776,0.929776,0.929776,0.929776,0.929776
2.381000,0.930928,0.930928,0.930928,0.930928,0.930928,0.930928,0.930928
2.382000,0.932071,0.932071,0.932071,0.932071,0.932071,0.932071,0.932071
2.383000,0.933205,0.933205,0.933205,0.933205,0.933205,0.933205,0.933205
2.384000,0.934329,0.934329,0.934329,0.934329,0.934329,0.934329,0.934329
2.385000,0.935444,0.935444,0.935444,0.935444,0.935444,0.935444,0.935444
2.386000,0.936550,0.936550,0.936550,0.936550,0.936550,0.936550,0.936550
2.387000,0.937646,0.937646,0.937646,0.937646,0.937646,0.937646,0.937646
2.388000,0.938734,0.938734,0.938734,0.938734,0.938734,0.938734,0.938734
2.389000,0.939812,0.939812,0.939812,0.939812,0.939812,0.939812,0.939812
2.390000,0.940881,0.940881,0.940881,0.940881,0.940881,0.940881,0.940881
2.391000,0.941940,0.941940,0.941940,0.941940,0.941940,0.941940,0.941940
2.392000,0.942991,0.942991,0.942991,0.942991,0.942991,0.942991,0.942991
2.393000,0.944031,0.944031,0.944031,0.944031,0.944031,0.944031,0.944031
2.394000,0.945063,0.945063,0.945063,0.945063,0.945063,0.945063,0.945063
2.395000,0.946085,0.946085,0.946085,0.946085,0.946085,0.946085,0.946085
2.396000,0.947098,0.947098,0.947098,0.947098,0.947098,0.947098,0.947098
2.397000,0.948102,0.948102,0.948102,0.948102,0.948102,0.948102,0.948102
2.398000,0.949096,0.949096,0.949096,0.949096,0.949096,0.949096,0.949096
2.399000,0.950081,0.950081,0.950081,0.950081,0.950081,0.950081,0.950081
2.400000,0.951057,0.951057,0.951057,0.951057,0.951057,0.951057,0.951057
2.401000,0.952023,0.952023,0.952023,0.952023,0.952023,0.952023,0.952023
2.402000,0.952979,0.952979,0.952979,0.952979,0.952979,0.952979,0.952979
2.403000,0.953927,0.953927,0.953927,0.953927,0.953927,0.953927,0.953927
2.404000,0.954865,0.954865,0.954865,0.954865,0.954865,0.954865,0.954865
2.405000,0.955793,0.955793,0.955793,0.955793,0.955793,0.955793,0.955793
2.406000,0.956712,0.956712,0.956712,0.956712,0.956712,0.956712,0.956712
2.407000,0.957622,0.957622,0.957622,0.957622,0.957622,0.957622,0.957622
2.408000,0.958522,0.958522,0.958522,0.958522,0.958522,0.958522,0.958522
2.409000,0.959412,0.959412,0.959412,0.959412,0.959412,0.959412,0.959412
2.410000,0.960294,0.960294,0.960294,0.960294,0.960294,0.960294,0.960294
2.411000,0.961165,0.961165,0.961165,0.961165,0.961165,0.961165,0.961165
2.412000,0.962028,0.962028,0.962028,0.962028,0.962028,0.962028,0.962028
2.413000,0.962880,0.962880,0.962880,0.962880,0.962880,0.962880,0.962880
2.414000,0.963724,0.963724,0.963724,0.963724,0.963724,0.963724,0.963724
2.415000,0.964557,0.964557,0.964557,0.964557,0.964557,0.964557,0.964557
2.416000,0.965382,0.965382,0.965382,0.965382,0.965382,0.965382,0.965382
2.417000,0.966196,0.966196,0.966196,0.966196,0.966196,0.966196,0.966196
2.418000,0.967001,0.967001,0.967001,0.967001,0.967001,0.967001,0.967001
2.419000,0.967797,0.967797,0.967797,0.967797,0.967797,0.967797,0.967797
2.420000,0.968583,0.968583,0.968583,0.968583,0.968583,0.968583,0.968583
2.421000,0.969360,0.969360,0.969360,0.969360,0.969360,0.969360,0.969360
2.422000,0.970127,0.970127,0.970127,0.970127,0.970127,0.970127,0.970127
2.423000,0.970884,0.970884,0.970884,0.970884,0.970884,0.970884,0.970884
2.424000,0.971632,0.971632,0.971632,0.971632,0.971632,0.971632,0.971632
2.425000,0.972370,0.972370,0.972370,0.972370,0.972370,0.972370,0.972370
2.426000,0.973099,0.973099,0.973099,0.973099,0.973099,0.973099,0.973099
2.427000,0.973817,0.973817,0.973817,0.973817,0.973817,0.973817,0.973817
2.428000,0.974527,0.974527,0.974527,0.974527,0.974527,0.974527,0.974527
2.429000,0.975227,0.975227,0.975227,0.975227,0.975227,0.975227,0.975227
2.430000,0.975917,0.975917,0.975917,0.975917,0.975917,0.975917,0.975917
2.431000,0.976597,0.976597,0.976597,0.976597,0.976597,0.976597,0.976597
2.432000,0.977268,0.977268,0.977268,0.977268,0.977268,0.977268,0.977268
2.433000,0.977929,0.977929,0.977929,0.977929,0.977929,0.977929,0.977929
2.434000,0.978581,0.978581,0.978581,0.978581,0.978581,0.978581,0.978581
2.435000,0.979223,0.979223,0.979223,0.979223,0.979223,0.979223,0.979223
2.436000,0.979855,0.979855,0.979855,0.979855,0.979855,0.979855,0.979855
2.437000,0.980478,0.980478,0.980478,0.980478,0.980478,0.980478,0.980478
2.438000,0.981091,0.981091,0.981091,0.981091,0.981091,0.981091,0.981091
2.439000,0.981694,0.981694,0.981694,0.981694,0.981694,0.981694,0.981694
2.440000,0.982287,0.982287,0.982287,0.982287,0.982287,0.982287,0.982287
2.441000,0.982871,0.982871,0.982871,0.982871,0.982871,0.982871,0.982871
2.442000,0.983445,0.983445,0.983445,0.983445,0.983445,0.983445,0.983445
2.443000,0.984010,0.984010,0.984010,0.984010,0.984010,0.984010,0.984010
2.444000,0.984564,0.984564,0.984564,0.984564,0.984564,0.984564,0.984564
2.445000,0.985109,0.985109,0.985109,0.985109,0.985109,0.985109,0.985109
2.446000,0.985645,0.985645,0.985645,0.985645,0.985645,0.985645,0.985645
2.447000,0.986170,0.986170,0.986170,0.986170,0.986170,0.986170,0.986170
2.448000,0.986686,0.986686,0.986686,0.986686,0.986686,0.986686,0.986686
2.449000,0.987192,0.987192,0.987192,0.987192,0.987192,0.987192,0.987192
2.450000,0.987688,0.987688,0.987688,0.987688,0.987688,0.987688,0.987688
2.451000,0.988175,0.988175,0.988175,0.988175,0.988175,0.988175,0.988175
2.452000,0.988652,0.988652,0.988652,0.988652,0.988652,0.988652,0.988652
2.453000,0.989119,0.989119,0.989119,0.989119,0.989119,0.989119,0.989119
2.454000,0.989576,0.989576,0.989576,0.989576,0.989576,0.989576,0.989576
2.455000,0.990024,0.990024,0.990024,0.990024,0.990024,0.990024,0.990024
2.456000,0.990461,0.990461,0.990461,0.990461,0.990461,0.990461,0.990461
2.457000,0.990889,0.990889,0.990889,0.990889,0.990889,0.990889,0.990889
2.458000,0.991308,0.991308,0.991308,0.991308,0.991308,0.991308,0.991308
2.459000,0.991716,0.991716,0.991716,0.991716,0.991716,0.991716,0.991716
2.460000,0.992115,0.992115,0.992115,0.992115,0.992115,0.992115,0.992115
2.461000,0.992504,0.992504,0.992504,0.992504,0.992504,0.992504,0.992504
2.462000,0.992883,0.992883,0.992883,0.992883,0.992883,0.992883,0.992883
2.463000,0.993252,0.993252,0.993252,0.993252,0.993252,0.993252,0.993252
2.464000,0.993611,0.993611,0.993611,0.993611,0.993611,0.993611,0.993611
2.465000,0.993961,0.993961,0.993961,0.993961,0.993961,0.993961,0.993961
2.466000,0.994301,0.994301,0.994301,0.994301,0.994301,0.994301,0.994301
2.467000,0.994631,0.994631,0.994631,0.994631,0.994631,0.994631,0.994631
2.468000,0.994951,0.994951,0.994951,0.994951,0.994951,0.994951,0.994951
2.469000,0.995261,0.995261,0.995261,0.995261,0.995261,0.995261,0.995261
2.470000,0.995562,0.995562,0.995562,0.995562,0.995562,0.995562,0.995562
2.471000,0.995853,0.995853,0.995853,0.995853,0.995853,0.995853,0.995853
2.472000,0.996134,0.996134,0.996134,0.996134,0.996134,0.996134,0.996134
2.473000,0.996405,0.996405,0.996405,0.996405,0.996405,0.996405,0.996405
2.474000,0.996666,0.996666,0.996666,0.996666,0.996666,0.996666,0.996666
2.475000,0.996917,0.996917,0.996917,0.996917,0.996917,0.996917,0.996917
2.476000,0.997159,0.997159,0.997159,0.997159,0.997159,0.997159,0.997159
2.477000,0.997391,0.997391,0.997391,0.997391,0.997391,0.997391,0.997391
2.478000,0.997613,0.997613,0.997613,0.997613,0.997613,0.997613,0.997613
2.479000,0.997825,0.997825,0.997825,0.997825,0.997825,0.997825,0.997825
2.480000,0.998027,0.998027,0.998027,0.998027,0.998027,0.998027,0.998027
2.481000,0.998219,0.998219,0.998219,0.998219,0.998219,0.998219,0.998219
2.482000,0.998402,0.998402,0.998402,0.998402,0.998402,0.998402,0.998402
2.483000,0.998574,0.998574,0.998574,0.998574,0.998574,0.998574,0.998574
2.484000,0.998737,0.998737,0.998737,0.998737,0.998737,0.998737,0.998737
2.485000,0.998890,0.998890,0.998890,0.998890,0.998890,0.998890,0.998890
2.486000,0.999033,0.999033,0.999033,0.999033,0.999033,0.999033,0.999033
2.487000,0.999166,0.999166,0.999166,0.999166,0.999166,0.999166,0.999166
2.488000,0.999289,0.999289,0.999289,0.999289,0.999289,0.999289,0.999289
2.489000,0.999403,0.999403,0.999403,0.999403,0.999403,0.999403,0.999403
2.490000,0.999507,0.999507,0.999507,0.999507,0.999507,0.999507,0.999507
2.491000,0.999600,0.999600,0.999600,0.999600,0.999600,0.999600,0.999600
2.492000,0.999684,0.999684,0.999684,0.999684,0.999684,0.999684,0.999684
2.493000,0.999758,0.999758,0.999758,0.999758,0.999758,0.999758,0.999758
2.494000,0.999822,0.999822,0.999822,0.999822,0.999822,0.999822,0.999822
2.495000,0.999877,0.999877,0.999877,0.999877,0.999877,0.999877,0.999877
2.496000,0.999921,0.999921,0.999921,0.999921,0.999921,0.999921,0.999921
2.497000,0.999956,0.999956,0.999956,0.999956,0.999956,0.999956,0.999956
2.498000,0.999980,0.999980,0.999980,0.999980,0.999980,0.999980,0.999980
2.499000,0.999995,0.999995,0.999995,0.999995,0.999995,0.999995,0.999995
2.500000,1.000000,1.000000,1.000000,1.000000,1.000000,1.000000,1.000000
2.501000,0.999995,0.999995,0.999995,0.999995,0.999995,0.999995,0.999995
2.502000,0.999980,0.999980,0.999980,0.999980,0.999980,0.999980,0.999980
2.503000,0.999956,0.999956,0.999956,0.999956,0.999956,0.999956,0.999956
2.504000,0.999921,0.999921,0.999921,0.999921,0.999921,0.999921,0.999921
2.505000,0.999877,0.999877,0.999877,0.999877,0.999877,0.999877,0.999877
2.506000,0.999822,0.999822,0.999822,0.999822,0.999822,0.999822,0.999822
2.507000,0.999758,0.999758,0.999758,0.999758,0.999758,0.999758,0.999758
2.508000,0.999684,0.999684,0.999684,0.999684,0.999684,0.999684,0.999684
2.509000,0.999600,0.999600,0.999600,0.999600,0.999600,0.999600,0.999600
2.510000,0.999507,0.999507,0.999507,0.999507,0.999507,0.999507,0.999507
2.511000,0.999403,0.999403,0.999403,0.999403,0.999403,0.999403,0.999403
2.512000,0.999289,0.999289,0.999289,0.999289,0.999289,0.999289,0.999289
2.513000,0.999166,0.999166,0.999166,0.999166,0.999166,0.999166,0.999166
2.514000,0.999033,0.999033,0.999033,0.999033,0.999033,0.999033,0.999033
2.515000,0.998890,0.998890,0.998890,0.998890,0.998890,0.998890,0.998890
2.516000,0.998737,0.998737,0.998737,0.998737,0.998737,0.998737,0.998737
2.517000,0.998574,0.998574,0.998574,0.998574,0.998574,0.998574,0.998574
2.518000,0.998402,0.998402,0.998402,0.998402,0.998402,0.998402,0.998402
2.519000,0.998219,0.998219,0.998219,0.998219,0.998219,0.998219,0.998219
2.520000,0.998027,0.998027,0.998027,0.998027,0.998027,0.998027,0.998027
2.521000,0.997825,0.997825,0.997825,0.997825,0.997825,0.997825,0.997825
2.522000,0.997613,0.997613,0.997613,0.997613,0.997613,0.997613,0.997613
2.523000,0.997391,0.997391,0.997391,0.997391,0.997391,0.997391,0.997391
2.524000,0.997159,0.997159,0.997159,0.997159,0.997159,0.997159,0.997159
2.525000,0.996917,0.996917,0.996917,0.996917,0.996917,0.996917,0.996917
2.526000,0.996666,0.996666,0.996666,0.996666,0.996666,0.996666,0.996666
2.527000,0.996405,0.996405,0.996405,0.996405,0.996405,0.996405,0.996405
2.528000,0.996134,0.996134,0.996134,0.996134,0.996134,0.996134,0.996134
2.529000,0.995853,0.995853,0.995853,0.995853,0.995853,0.995853,0.995853
2.530000,0.995562,0.995562,0.995562,0.995562,0.995562,0.995562,0.995562
2.531000,0.995261,0.995261,0.995261,0.995261,0.995261,0.995261,0.995261
2.532000,0.994951,0.994951,0.994951,0.994951,0.994951,0.994951,0.994951
2.533000,0.994631,0.994631,0.994631,0.994631,0.994631,0.994631,0.994631
2.534000,0.994301,0.994301,0.994301,0.994301,0.994301,0.994301,0.994301
2.535000,0.993961,0.993961,0.993961,0.993961,0.993961,0.993961,0.993961
2.536000,0.993611,0.993611,0.993611,0.993611,0.993611,0.993611,0.993611
2.537000,0.993252,0.993252,0.993252,0.993252,0.993252,0.993252,0.993252
2.538000,0.992883,0.992883,0.992883,0.992883,0.992883,0.992883,0.992883
2.539000,0.992504,0.992504,0.992504,0.992504,0.992504,0.992504,0.992504
2.540000,0.992115,0.992115,0.992115,0.992115,0.992115,0.992115,0.992115
2.541000,0.991716,0.991716,0.991716,0.991716,0.991716,0.991716,0.991716
2.542000,0.991308,0.991308,0.991308,0.991308,0.991308,0.991308,0.991308
2.543000,0.990889,0.990889,0.990889,0.990889,0.990889,0.990889,0.990889
2.544000,0.990461,0.990461,0.990461,0.990461,0.990461,0.990461,0.990461
2.545000,0.990024,0.990024,0.990024,0.990024,0.990024,0.990024,0.990024
2.546000,0.989576,0.989576,0.989576,0.989576,0.989576,0.989576,0.989576
2.547000,0.989119,0.989119,0.989119,0.989119,0.989119,0.989119,0.989119
2.548000,0.988652,0.988652,0.988652,0.988652,0.988652,0.988652,0.988652
2.549000,0.988175,0.988175,0.988175,0.988175,0.988175,0.988175,0.988175
2.550000,0.987688,0.987688,0.987688,0.987688,0.987688,0.987688,0.987688
2.551000,0.987192,0.987192,0.987192,0.987192,0.987192,0.987192,0.987192
2.552000,0.986686,0.986686,0.986686,0.986686,0.986686,0.986686,0.986686
2.553000,0.986170,0.986170,0.986170,0.986170,0.986170,0.986170,0.986170
2.554000,0.985645,0.985645,0.985645,0.985645,0.985645,0.985645,0.985645
2.555000,0.985109,0.985109,0.985109,0.985109,0.985109,0.985109,0.985109
2.556000,0.984564,0.984564,0.984564,0.984564,0.984564,0.984564,0.984564
2.557000,0.984010,0.984010,0.984010,0.984010,0.984010,0.984010,0.984010
2.558000,0.983445,0.983445,0.983445,0.983445,0.983445,0.983445,0.983445
2.559000,0.982871,0.982871,0.982871,0.982871,0.982871,0.982871,0.982871
2.560000,0.982287,0.982287,0.982287,0.982287,0.982287,0.982287,0.982287
2.561000,0.981694,0.981694,0.981694,0.981694,0.981694,0.981694,0.981694
2.562000,0.981091,0.981091,0.981091,0.981091,0.981091,0.981091,0.981091
2.563000,0.980478,0.980478,0.980478,0.980478,0.980478,0.980478,0.980478
2.564000,0.979855,0.979855,0.979855,0.979855,0.979855,0.979855,0.979855
2.565000,0.979223,0.979223,0.979223,0.979223,0.979223,0.979223,0.979223
2.566000,0.978581,0.978581,0.978581,0.978581,0.978581,0.978581,0.978581
2.567000,0.977929,0.977929,0.977929,0.977929,0.977929,0.977929,0.977929
2.568000,0.977268,0.977268,0.977268,0.977268,0.977268,0.977268,0.977268
2.569000,0.976597,0.976597,0.976597,0.976597,0.976597,0.976597,0.976597
2.570000,0.975917,0.975917,0.975917,0.975917,0.975917,0.975917,0.975917
2.571000,0.975227,0.975227,0.975227,0.975227,0.975227,0.975227,0.975227
2.572000,0.974527,0.974527,0.974527,0.974527,0.974527,0.974527,0.974527
2.573000,0.973817,0.973817,0.973817,0.973817,0.973817,0.973817,0.973817
2.574000,0.973099,0.973099,0.973099,0.973099,0.973099,0.973099,0.973099
2.575000,0.972370,0.972370,0.972370,0.972370,0.972370,0.972370,0.972370
2.576000,0.971632,0.971632,0.971632,0.971632,0.971632,0.971632,0.971632
2.577000,0.970884,0.970884,0.970884,0.970884,0.970884,0.970884,0.970884
2.578000,0.970127,0.970127,0.970127,0.970127,0.970127,0.970127,0.970127
2.579000,0.969360,0.969360,0.969360,0.969360,0.969360,0.969360,0.969360
2.580000,0.968583,0.968583,0.968583,0.968583,0.968583,0.968583,0.968583
2.581000,0.967797,0.967797,0.967797,0.967797,0.967797,0.967797,0.967797
2.582000,0.967001,0.967001,0.967001,0.967001,0.967001,0.967001,0.967001
2.583000,0.966196,0.966196,0.966196,0.966196,0.966196,0.966196,0.966196
2.584000,0.965382,0.965382,0.965382,0.965382,0.965382,0.965382,0.965382
2.585000,0.964557,0.964557,0.964557,0.964557,0.964557,0.964557,0.964557
2.586000,0.963724,0.963724,0.963724,0.963724,0.963724,0.963724,0.963724
2.587000,0.962880,0.962880,0.962880,0.962880,0.962880,0.962880,0.962880
2.588000,0.962028,0.962028,0.962028,0.962028,0.962028,0.962028,0.962028
2.589000,0.961165,0.961165,0.961165,0.961165,0.961165,0.961165,0.961165
2.590000,0.960294,0.960294,0.960294,0.960294,0.960294,0.960294,0.960294
2.591000,0.959412,0.959412,0.959412,0.959412,0.959412,0.959412,0.959412
2.592000,0.958522,0.958522,0.958522,0.958522,0.958522,0.958522,0.958522
2.593000,0.957622,0.957622,0.957622,0.957622,0.957622,0.957622,0.957622
2.594000,0.956712,0.956712,0.956712,0.956712,0.956712,0.956712,0.956712
2.595000,0.955793,0.955793,0.955793,0.955793,0.955793,0.955793,0.955793
2.596000,0.954865,0.954865,0.954865,0.954865,0.954865,0.954865,0.954865
2.597000,0.953927,0.953927,0.953927,0.953927,0.953927,0.953927,0.953927
2.598000,0.952979,0.952979,0.952979,0.952979,0.952979,0.952979,0.952979
2.599000,0.952023,0.952023,0.952023,0.952023,0.952023,0.952023,0.952023
2.600000,0.951057,0.951057,0.951057,0.951057,0.951057,0.951057,0.951057
2.601000,0.950081,0.950081,0.950081,0.950081,0.950081,0.950081,0.950081
2.602000,0.949096,0.949096,0.949096,0.949096,0.949096,0.949096,0.949096
2.603000,0.948102,0.948102,0.948102,0.948102,0.948102,0.948102,0.948102
2.604000,0.947098,0.947098,0.947098,0.947098,0.947098,0.947098,0.947098
2.605000,0.946085,0.946085,0.946085,0.946085,0.946085,0.946085,0.946085
2.606000,0.945063,0.945063,0.945063,0.945063,0.945063,0.945063,0.945063
2.607000,0.944031,0.944031,0.944031,0.944031,0.944031,0.944031,0.944031
2.608000,0.942991,0.942991,0.942991,0.942991,0.942991,0.942991,0.942991
2.609000,0.941940,0.941940,0.941940,0.941940,0.941940,0.941940,0.941940
2.610000,0.940881,0.940881,0.940881,0.940881,0.940881,0.940881,0.940881
2.611000,0.939812,0.939812,0.939812,0.939812,0.939812,0.939812,0.939812
2.612000,0.938734,0.938734,0.938734,0.938734,0.938734,0.938734,0.938734
2.613000,0.937646,0.937646,0.937646,0.937646,0.937646,0.937646,0.937646
2.614000,0.936550,0.936550,0.936550,0.936550,0.936550,0.936550,0.936550
2.615000,0.935444,0.935444,0.935444,0.935444,0.935444,0.935444,0.935444
2.616000,0.934329,0.934329,0.934329,0.934329,0.934329,0.934329,0.934329
2.617000,0.933205,0.933205,0.933205,0.933205,0.933205,0.933205,0.933205
2.618000,0.932071,0.932071,0.932071,0.932071,0.932071,0.932071,0.932071
2.619000,0.930928,0.930928,0.930928,0.930928,0.930928,0.930928,0.930928
2.620000,0.929776,0.929776,0.929776,0.929776,0.929776,0.929776,0.929776
2.621000,0.928615,0.928615,0.928615,0.928615,0.928615,0.928615,0.928615
2.622000,0.927445,0.927445,0.927445,0.927445,0.927445,0.927445,0.927445
2.623000,0.926266,0.926266,0.926266,0.926266,0.926266,0.926266,0.926266
2.624000,0.925077,0.925077,0.925077,0.925077,0.925077,0.925077,0.925077
2.625000,0.923880,0.923880,0.923880,0.923880,0.923880,0.923880,0.923880
2.626000,0.922673,0.922673,0.922673,0.922673,0.922673,0.922673,0.922673
2.627000,0.921457,0.921457,0.921457,0.921457,0.921457,0.921457,0.921457
2.628000,0.920232,0.920232,0.920232,0.920232,0.920232,0.920232,0.920232
2.629000,0.918998,0.918998,0.918998,0.918998,0.918998,0.918998,0.918998
2.630000,0.917755,0.917755,0.917755,0.917755,0.917755,0.917755,0.917755
2.631000,0.916502,0.916502,0.916502,0.916502,0.916502,0.916502,0.916502
2.632000,0.915241,0.915241,0.915241,0.915241,0.915241,0.915241,0.915241
2.633000,0.913971,0.913971,0.913971,0.913971,0.913971,0.913971,0.913971
2.634000,0.912692,0.912692,0.912692,0.912692,0.912692,0.912692,0.912692
2.635000,0.911403,0.911403,0.911403,0.911403,0.911403,0.911403,0.911403
2.636000,0.910106,0.910106,0.910106,0.910106,0.910106,0.910106,0.910106
2.637000,0.908800,0.908800,0.908800,0.908800,0.908800,0.908800,0.908800
2.638000,0.907484,0.907484,0.907484,0.907484,0.907484,0.907484,0.907484
2.639000,0.906160,0.906160,0.906160,0.906160,0.906160,0.906160,0.906160
2.640000,0.904827,0.904827,0.904827,0.904827,0.904827,0.904827,0.904827
2.641000,0.903485,0.903485,0.903485,0.903485,0.903485,0.903485,0.903485
2.642000,0.902134,0.902134,0.902134,0.902134,0.902134,0.902134,0.902134
2.643000,0.900774,0.900774,0.900774,0.900774,0.900774,0.900774,0.900774
2.644000,0.899405,0.899405,0.899405,0.899405,0.899405,0.899405,0.899405
2.645000,0.898028,0.898028,0.898028,0.898028,0.898028,0.898028,0.898028
2.646000,0.896641,0.896641,0.896641,0.896641,0.896641,0.896641,0.896641
2.647000,0.895246,0.895246,0.895246,0.895246,0.895246,0.895246,0.895246
2.648000,0.893841,0.893841,0.893841,0.893841,0.893841,0.893841,0.893841
2.649000,0.892428,0.892428,0.892428,0.892428,0.892428,0.892428,0.892428
2.650000,0.891007,0.891007,0.891007,0.891007,0.891007,0.891007,0.891007
2.651000,0.889576,0.889576,0.889576,0.889576,0.889576,0.889576,0.889576
2.652000,0.888136,0.888136,0.888136,0.888136,0.888136,0.888136,0.888136
2.653000,0.886688,0.886688,0.886688,0.886688,0.886688,0.886688,0.886688
2.654000,0.885231,0.885231,0.885231,0.885231,0.885231,0.885231,0.885231
2.655000,0.883766,0.883766,0.883766,0.883766,0.883766,0.883766,0.883766
2.656000,0.882291,0.882291,0.882291,0.882291,0.882291,0.882291,0.882291
2.657000,0.880808,0.880808,0.880808,0.880808,0.880808,0.880808,0.880808
2.658000,0.879316,0.879316,0.879316,0.879316,0.879316,0.879316,0.879316
2.659000,0.877816,0.877816,0.877816,0.877816,0.877816,0.877816,0.877816
2.660000,0.876307,0.876307,0.876307,0.876307,0.876307,0.876307,0.876307
2.661000,0.874789,0.874789,0.874789,0.874789,0.874789,0.874789,0.874789
2.662000,0.873262,0.873262,0.873262,0.873262,0.873262,0.873262,0.873262
2.663000,0.871727,0.871727,0.871727,0.871727,0.871727,0.871727,0.871727
2.664000,0.870184,0.870184,0.870184,0.870184,0.870184,0.870184,0.870184
2.665000,0.868632,0.868632,0.868632,0.868632,0.868632,0.868632,0.868632
2.666000,0.867071,0.867071,0.867071,0.867071,0.867071,0.867071,0.867071
2.667000,0.865501,0.865501,0.865501,0.865501,0.865501,0.865501,0.865501
2.668000,0.863923,0.863923,0.863923,0.863923,0.863923,0.863923,0.863923
2.669000,0.862337,0.862337,0.862337,0.862337,0.862337,0.862337,0.862337
2.670000,0.860742,0.860742,0.860742,0.860742,0.860742,0.860742,0.860742
2.671000,0.859139,0.859139,0.859139,0.859139,0.859139,0.859139,0.859139
2.672000,0.857527,0.857527,0.857527,0.857527,0.857527,0.857527,0.857527
2.673000,0.855906,0.855906,0.855906,0.855906,0.855906,0.855906,0.855906
2.674000,0.854277,0.854277,0.854277,0.854277,0.854277,0.854277,0.854277
2.675000,0.852640,0.852640,0.852640,0.852640,0.852640,0.852640,0.852640
2.676000,0.850994,0.850994,0.850994,0.850994,0.850994,0.850994,0.850994
2.677000,0.849340,0.849340,0.849340,0.849340,0.849340,0.849340,0.849340
2.678000,0.847678,0.847678,0.847678,0.847678,0.847678,0.847678,0.847678
2.679000,0.846007,0.846007,0.846007,0.846007,0.846007,0.846007,0.846007
2.680000,0.844328,0.844328,0.844328,0.844328,0.844328,0.844328,0.844328
2.681000,0.842640,0.842640,0.842640,0.842640,0.842640,0.842640,0.842640
2.682000,0.840945,0.840945,0.840945,0.840945,0.840945,0.840945,0.840945
2.683000,0.839240,0.839240,0.839240,0.839240,0.839240,0.839240,0.839240
2.684000,0.837528,0.837528,0.837528,0.837528,0.837528,0.837528,0.837528
2.685000,0.835807,0.835807,0.835807,0.835807,0.835807,0.835807,0.835807
2.686000,0.834078,0.834078,0.834078,0.834078,0.834078,0.834078,0.834078
2.687000,0.832341,0.832341,0.832341,0.832341,0.832341,0.832341,0.832341
2.688000,0.830596,0.830596,0.830596,0.830596,0.830596,0.830596,0.830596
2.689000,0.828842,0.828842,0.828842,0.828842,0.828842,0.828842,0.828842
2.690000,0.827081,0.827081,0.827081,0.827081,0.827081,0.827081,0.827081
2.691000,0.825311,0.825311,0.825311,0.825311,0.825311,0.825311,0.825311
2.692000,0.823533,0.823533,0.823533,0.823533,0.823533,0.823533,0.823533
2.693000,0.821746,0.821746,0.821746,0.821746,0.821746,0.821746,0.821746
2.694000,0.819952,0.819952,0.819952,0.819952,0.819952,0.819952,0.819952
2.695000,0.818150,0.818150,0.818150,0.818150,0.818150,0.818150,0.818150
2.696000,0.816339,0.816339,0.816339,0.816339,0.816339,0.816339,0.816339
2.697000,0.814521,0.814521,0.814521,0.814521,0.814521,0.814521,0.814521
2.698000,0.812694,0.812694,0.812694,0.812694,0.812694,0.812694,0.812694
2.699000,0.810860,0.810860,0.810860,0.810860,0.810860,0.810860,0.810860
2.700000,0.809017,0.809017,0.809017,0.809017,0.809017,0.809017,0.809017
2.701000,0.807166,0.807166,0.807166,0.807166,0.807166,0.807166,0.807166
2.702000,0.805308,0.805308,0.805308,0.805308,0.805308,0.805308,0.805308
2.703000,0.803441,0.803441,0.803441,0.803441,0.803441,0.803441,0.803441
2.704000,0.801567,0.801567,0.801567,0.801567,0.801567,0.801567,0.801567
2.705000,0.799685,0.799685,0.799685,0.799685,0.799685,0.799685,0.799685
2.706000,0.797794,0.797794,0.797794,0.797794,0.797794,0.797794,0.797794
2.707000,0.795896,0.795896,0.795896,0.795896,0.795896,0.795896,0.795896
2.708000,0.793990,0.793990,0.793990,0.793990,0.793990,0.793990,0.793990
2.709000,0.792077,0.792077,0.792077,0.792077,0.792077,0.792077,0.792077
2.710000,0.790155,0.790155,0.790155,0.790155,0.790155,0.790155,0.790155
2.711000,0.788226,0.788226,0.788226,0.788226,0.788226,0.788226,0.788226
2.712000,0.786288,0.786288,0.786288,0.786288,0.786288,0.786288,0.786288
2.713000,0.784343,0.784343,0.784343,0.784343,0.784343,0.784343,0.784343
2.714000,0.782391,0.782391,0.782391,0.782391,0.782391,0.782391,0.782391
2.715000,0.780430,0.780430,0.780430,0.780430,0.780430,0.780430,0.780430
2.716000,0.778462,0.778462,0.778462,0.778462,0.778462,0.778462,0.778462
2.717000,0.776487,0.776487,0.776487,0.776487,0.776487,0.776487,0.776487
2.718000,0.774503,0.774503,0.774503,0.774503,0.774503,0.774503,0.774503
2.719000,0.772512,0.772512,0.772512,0.772512,0.772512,0.772512,0.772512
2.720000,0.770513,0.770513,0.770513,0.770513,0.770513,0.770513,0.770513
2.721000,0.768507,0.768507,0.768507,0.768507,0.768507,0.768507,0.768507
2.722000,0.766493,0.766493,0.766493,0.766493,0.766493,0.766493,0.766493
2.723000,0.764472,0.764472,0.764472,0.764472,0.764472,0.764472,0.764472
2.724000,0.762443,0.762443,0.762443,0.762443,0.762443,0.762443,0.762443
2.725000,0.760406,0.760406,0.760406,0.760406,0.760406,0.760406,0.760406
2.726000,0.758362,0.758362,0.758362,0.758362,0.758362,0.758362,0.758362
2.727000,0.756310,0.756310,0.756310,0.756310,0.756310,0.756310,0.756310
2.728000,0.754251,0.754251,0.754251,0.754251,0.754251,0.754251,0.754251
2.729000,0.752185,0.752185,0.752185,0.752185,0.752185,0.752185,0.752185
2.730000,0.750111,0.750111,0.750111,0.750111,0.750111,0.750111,0.750111
2.731000,0.748030,0.748030,0.748030,0.748030,0.748030,0.748030,0.748030
2.732000,0.745941,0.745941,0.745941,0.745941,0.745941,0.745941,0.745941
2.733000,0.743845,0.743845,0.743845,0.743845,0.743845,0.743845,0.743845
2.734000,0.741742,0.741742,0.741742,0.741742,0.741742,0.741742,0.741742
2.735000,0.739631,0.739631,0.739631,0.739631,0.739631,0.739631,0.739631
2.736000,0.737513,0.737513,0.737513,0.737513,0.737513,0.737513,0.737513
2.737000,0.735388,0.735388,0.735388,0.735388,0.735388,0.735388,0.735388
2.738000,0.733255,0.733255,0.733255,0.733255,0.733255,0.733255,0.733255
2.739000,0.731116,0.731116,0.731116,0.731116,0.731116,0.731116,0.731116
2.740000,0.728969,0.728969,0.728969,0.728969,0.728969,0.728969,0.728969
2.741000,0.726814,0.726814,0.726814,0.726814,0.726814,0.726814,0.726814
2.742000,0.724653,0.724653,0.724653,0.724653,0.724653,0.724653,0.724653
2.743000,0.722485,0.722485,0.722485,0.722485,0.722485,0.722485,0.722485
2.744000,0.720309,0.720309,0.720309,0.720309,0.720309,0.720309,0.720309
2.745000,0.718126,0.718126,0.718126,0.718126,0.718126,0.718126,0.718126
2.746000,0.715936,0.715936,0.715936,0.715936,0.715936,0.715936,0.715936
2.747000,0.713740,0.713740,0.713740,0.713740,0.713740,0.713740,0.713740
2.748000,0.711536,0.711536,0.711536,0.711536,0.711536,0.711536,0.711536
2.749000,0.709325,0.709325,0.709325,0.709325,0.709325,0.709325,0.709325
2.750000,0.707107,0.707107,0.707107,0.707107,0.707107,0.707107,0.707107
2.751000,0.704882,0.704882,0.704882,0.704882,0.704882,0.704882,0.704882
2.752000,0.702650,0.702650,0.702650,0.702650,0.702650,0.702650,0.702650
2.753000,0.700411,0.700411,0.700411,0.700411,0.700411,0.700411,0.700411
2.754000,0.698165,0.698165,0.698165,0.698165,0.698165,0.698165,0.698165
2.755000,0.695913,0.695913,0.695913,0.695913,0.695913,0.695913,0.695913
2.756000,0.693653,0.693653,0.693653,0.693653,0.693653,0.693653,0.693653
2.757000,0.691387,0.691387,0.691387,0.691387,0.691387,0.691387,0.691387
2.758000,0.689114,0.689114,0.689114,0.689114,0.689114,0.689114,0.689114
2.759000,0.686834,0.686834,0.686834,0.686834,0.686834,0.686834,0.686834
2.760000,0.684547,0.684547,0.684547,0.684547,0.684547,0.684547,0.684547
2.761000,0.682254,0.682254,0.682254,0.682254,0.682254,0.682254,0.682254
2.762000,0.679953,0.679953,0.679953,0.679953,0.679953,0.679953,0.679953
2.763000,0.677646,0.677646,0.677646,0.677646,0.677646,0.677646,0.677646
2.764000,0.675333,0.675333,0.675333,0.675333,0.675333,0.675333,0.675333
2.765000,0.673013,0.673013,0.673013,0.673013,0.673013,0.673013,0.673013
2.766000,0.670686,0.670686,0.670686,0.670686,0.670686,0.670686,0.670686
2.767000,0.668352,0.668352,0.668352,0.668352,0.668352,0.668352,0.668352
2.768000,0.666012,0.666012,0.666012,0.666012,0.666012,0.666012,0.666012
2.769000,0.663665,0.663665,0.663665,0.663665,0.663665,0.663665,0.663665
2.770000,0.661312,0.661312,0.661312,0.661312,0.661312,0.661312,0.661312
2.771000,0.658952,0.658952,0.658952,0.658952,0.658952,0.658952,0.658952
2.772000,0.656586,0.656586,0.656586,0.656586,0.656586,0.656586,0.656586
2.773000,0.654213,0.654213,0.654213,0.654213,0.654213,0.654213,0.654213
2.774000,0.651834,0.651834,0.651834,0.651834,0.651834,0.651834,0.651834
2.775000,0.649448,0.649448,0.649448,0.649448,0.649448,0.649448,0.649448
2.776000,0.647056,0.647056,0.647056,0.647056,0.647056,0.647056,0.647056
2.777000,0.644657,0.644657,0.644657,0.644657,0.644657,0.644657,0.644657
2.778000,0.642253,0.642253,0.642253,0.642253,0.642253,0.642253,0.642253
2.779000,0.639841,0.639841,0.639841,0.639841,0.639841,0.639841,0.639841
2.780000,0.637424,0.637424,0.637424,0.637424,0.637424,0.637424,0.637424
2.781000,0.635000,0.635000,0.635000,0.635000,0.635000,0.635000,0.635000
2.782000,0.632570,0.632570,0.632570,0.632570,0.632570,0.632570,0.632570
2.783000,0.630134,0.630134,0.630134,0.630134,0.630134,0.630134,0.630134
2.784000,0.627691,0.627691,0.627691,0.627691,0.627691,0.627691,0.627691
2.785000,0.625243,0.625243,0.625243,0.625243,0.625243,0.625243,0.625243
2.786000,0.622788,0.622788,0.622788,0.622788,0.622788,0.622788,0.622788
2.787000,0.620327,0.620327,0.620327,0.620327,0.620327,0.620327,0.620327
2.788000,0.617860,0.617860,0.617860,0.617860,0.617860,0.617860,0.617860
2.789000,0.615386,0.615386,0.615386,0.615386,0.615386,0.615386,0.615386
2.790000,0.612907,0.612907,0.612907,0.612907,0.612907,0.612907,0.612907
2.791000,0.610422,0.610422,0.610422,0.610422,0.610422,0.610422,0.610422
2.792000,0.607930,0.607930,0.607930,0.607930,0.607930,0.607930,0.607930
2.793000,0.605433,0.605433,0.605433,0.605433,0.605433,0.605433,0.605433
2.794000,0.602930,0.602930,0.602930,0.602930,0.602930,0.602930,0.602930
2.795000,0.600420,0.600420,0.600420,0.600420,0.600420,0.600420,0.600420
2.796000,0.597905,0.597905,0.597905,0.597905,0.597905,0.597905,0.597905
2.797000,0.595384,0.595384,0.595384,0.595384,0.595384,0.595384,0.595384
2.798000,0.592857,0.592857,0.592857,0.592857,0.592857,0.592857,0.592857
2.799000,0.590324,0.590324,0.590324,0.590324,0.590324,0.590324,0.590324
2.800000,0.587785,0.587785,0.587785,0.587785,0.587785,0.587785,0.587785
2.801000,0.585241,0.585241,0.585241,0.585241,0.585241,0.585241,0.585241
2.802000,0.582690,0.582690,0.582690,0.582690,0.582690,0.582690,0.582690
2.803000,0.580134,0.580134,0.580134,0.580134,0.580134,0.580134,0.580134
2.804000,0.577573,0.577573,0.577573,0.577573,0.577573,0.577573,0.577573
2.805000,0.575005,0.575005,0.575005,0.575005,0.575005,0.575005,0.575005
2.806000,0.572432,0.572432,0.572432,0.572432,0.572432,0.572432,0.572432
2.807000,0.569853,0.569853,0.569853,0.569853,0.569853,0.569853,0.569853
2.808000,0.567269,0.567269,0.567269,0.567269,0.567269,0.567269,0.567269
2.809000,0.564679,0.564679,0.564679,0.564679,0.564679,0.564679,0.564679
2.810000,0.562083,0.562083,0.562083,0.562083,0.562083,0.562083,0.562083
2.811000,0.559482,0.559482,0.559482,0.559482,0.559482,0.559482,0.559482
2.812000,0.556876,0.556876,0.556876,0.556876,0.556876,0.556876,0.556876
2.813000,0.554263,0.554263,0.554263,0.554263,0.554263,0.554263,0.554263
2.814000,0.551646,0.551646,0.551646,0.551646,0.551646,0.551646,0.551646
2.815000,0.549023,0.549023,0.549023,0.549023,0.549023,0.549023,0.549023
2.816000,0.546394,0.546394,0.546394,0.546394,0.546394,0.546394,0.546394
2.817000,0.543760,0.543760,0.543760,0.543760,0.543760,0.543760,0.543760
2.818000,0.541121,0.541121,0.541121,0.541121,0.541121,0.541121,0.541121
2.819000,0.538477,0.538477,0.538477,0.538477,0.538477,0.538477,0.538477
2.820000,0.535827,0.535827,0.535827,0.535827,0.535827,0.535827,0.535827
2.821000,0.533172,0.533172,0.533172,0.533172,0.533172,0.533172,0.533172
2.822000,0.530511,0.530511,0.530511,0.530511,0.530511,0.530511,0.530511
2.823000,0.527846,0.527846,0.527846,0.527846,0.527846,0.527846,0.527846
2.824000,0.525175,0.525175,0.525175,0.525175,0.525175,0.525175,0.525175
2.825000,0.522499,0.522499,0.522499,0.522499,0.522499,0.522499,0.522499
2.826000,0.519817,0.519817,0.519817,0.519817,0.519817,0.519817,0.519817
2.827000,0.517131,0.517131,0.517131,0.517131,0.517131,0.517131,0.517131
2.828000,0.514440,0.514440,0.514440,0.514440,0.514440,0.514440,0.514440
2.829000,0.511743,0.511743,0.511743,0.511743,0.511743,0.511743,0.511743
2.830000,0.509041,0.509041,0.509041,0.509041,0.509041,0.509041,0.509041
2.831000,0.506335,0.506335,0.506335,0.506335,0.506335,0.506335,0.506335
2.832000,0.503623,0.503623,0.503623,0.503623,0.503623,0.503623,0.503623
2.833000,0.500907,0.500907,0.500907,0.500907,0.500907,0.500907,0.500907
2.834000,0.498185,0.498185,0.498185,0.498185,0.498185,0.498185,0.498185
2.835000,0.495459,0.495459,0.495459,0.495459,0.495459,0.495459,0.495459
2.836000,0.492727,0.492727,0.492727,0.492727,0.492727,0.492727,0.492727
2.837000,0.489991,0.489991,0.489991,0.489991,0.489991,0.489991,0.489991
2.838000,0.487250,0.487250,0.487250,0.487250,0.487250,0.487250,0.487250
2.839000,0.484504,0.484504,0.484504,0.484504,0.484504,0.484504,0.484504
2.840000,0.481754,0.481754,0.481754,0.481754,0.481754,0.481754,0.481754
2.841000,0.478998,0.478998,0.478998,0.478998,0.478998,0.478998,0.478998
2.842000,0.476238,0.476238,0.476238,0.476238,0.476238,0.476238,0.476238
2.843000,0.473473,0.473473,0.473473,0.473473,0.473473,0.473473,0.473473
2.844000,0.470704,0.470704,0.470704,0.470704,0.470704,0.470704,0.470704
2.845000,0.467930,0.467930,0.467930,0.467930,0.467930,0.467930,0.467930
2.846000,0.465151,0.465151,0.465151,0.465151,0.465151,0.465151,0.465151
2.847000,0.462368,0.462368,0.462368,0.462368,0.462368,0.462368,0.462368
2.848000,0.459580,0.459580,0.459580,0.459580,0.459580,0.459580,0.459580
2.849000,0.456787,0.456787,0.456787,0.456787,0.456787,0.456787,0.456787
2.850000,0.453990,0.453990,0.453990,0.453990,0.453990,0.453990,0.453990
2.851000,0.451189,0.451189,0.451189,0.451189,0.451189,0.451189,0.451189
2.852000,0.448383,0.448383,0.448383,0.448383,0.448383,0.448383,0.448383
2.853000,0.445573,0.445573,0.445573,0.445573,0.445573,0.445573,0.445573
2.854000,0.442758,0.442758,0.442758,0.442758,0.442758,0.442758,0.442758
2.855000,0.439939,0.439939,0.439939,0.439939,0.439939,0.439939,0.439939
2.856000,0.437116,0.437116,0.437116,0.437116,0.437116,0.437116,0.437116
2.857000,0.434288,0.434288,0.434288,0.434288,0.434288,0.434288,0.434288
2.858000,0.431456,0.431456,0.431456,0.431456,0.431456,0.431456,0.431456
2.859000,0.428620,0.428620,0.428620,0.428620,0.428620,0.428620,0.428620
2.860000,0.425779,0.425779,0.425779,0.425779,0.425779,0.425779,0.425779
2.861000,0.422935,0.422935,0.422935,0.422935,0.422935,0.422935,0.422935
2.862000,0.420086,0.420086,0.420086,0.420086,0.420086,0.420086,0.420086
2.863000,0.417233,0.417233,0.417233,0.417233,0.417233,0.417233,0.417233
2.864000,0.414376,0.414376,0.414376,0.414376,0.414376,0.414376,0.414376
2.865000,0.411514,0.411514,0.411514,0.411514,0.411514,0.411514,0.411514
2.866000,0.408649,0.408649,0.408649,0.408649,0.408649,0.408649,0.408649
2.867000,0.405780,0.405780,0.405780,0.405780,0.405780,0.405780,0.405780
2.868000,0.402906,0.402906,0.402906,0.402906,0.402906,0.402906,0.402906
2.869000,0.400029,0.400029,0.400029,0.400029,0.400029,0.400029,0.400029
2.870000,0.397148,0.397148,0.397148,0.397148,0.397148,0.397148,0.397148
2.871000,0.394263,0.394263,0.394263,0.394263,0.394263,0.394263,0.394263
2.872000,0.391374,0.391374,0.391374,0.391374,0.391374,0.391374,0.391374
2.873000,0.388481,0.388481,0.388481,0.388481,0.388481,0.388481,0.388481
2.874000,0.385584,0.385584,0.385584,0.385584,0.385584,0.385584,0.385584
2.875000,0.382683,0.382683,0.382683,0.382683,0.382683,0.382683,0.382683
2.876000,0.379779,0.379779,0.379779,0.379779,0.379779,0.379779,0.379779
2.877000,0.376871,0.376871,0.376871,0.376871,0.376871,0.376871,0.376871
2.878000,0.373959,0.373959,0.373959,0.373959,0.373959,0.373959,0.373959
2.879000,0.371044,0.371044,0.371044,0.371044,0.371044,0.371044,0.371044
2.880000,0.368125,0.368125,0.368125,0.368125,0.368125,0.368125,0.368125
2.881000,0.365202,0.365202,0.365202,0.365202,0.365202,0.365202,0.365202
2.882000,0.362275,0.362275,0.362275,0.362275,0.362275,0.362275,0.362275
2.883000,0.359345,0.359345,0.359345,0.359345,0.359345,0.359345,0.359345
2.884000,0.356412,0.356412,0.356412,0.356412,0.356412,0.356412,0.356412
2.885000,0.353475,0.353475,0.353475,0.353475,0.353475,0.353475,0.353475
2.886000,0.350534,0.350534,0.350534,0.350534,0.350534,0.350534,0.350534
2.887000,0.347590,0.347590,0.347590,0.347590,0.347590,0.347590,0.347590
2.888000,0.344643,0.344643,0.344643,0.344643,0.344643,0.344643,0.344643
2.889000,0.341692,0.341692,0.341692,0.341692,0.341692,0.341692,0.341692
2.890000,0.338738,0.338738,0.338738,0.338738,0.338738,0.338738,0.338738
2.891000,0.335780,0.335780,0.335780,0.335780,0.335780,0.335780,0.335780
2.892000,0.332820,0.332820,0.332820,0.332820,0.332820,0.332820,0.332820
2.893000,0.329855,0.329855,0.329855,0.329855,0.329855,0.329855,0.329855
2.894000,0.326888,0.326888,0.326888,0.326888,0.326888,0.326888,0.326888
2.895000,0.323917,0.323917,0.323917,0.323917,0.323917,0.323917,0.323917
2.896000,0.320944,0.320944,0.320944,0.320944,0.320944,0.320944,0.320944
2.897000,0.317967,0.317967,0.317967,0.317967,0.317967,0.317967,0.317967
2.898000,0.314987,0.314987,0.314987,0.314987,0.314987,0.314987,0.314987
2.899000,0.312003,0.312003,0.312003,0.312003,0.312003,0.312003,0.312003
2.900000,0.309017,0.309017,0.309017,0.309017,0.309017,0.309017,0.309017
2.901000,0.306028,0.306028,0.306028,0.306028,0.306028,0.306028,0.306028
2.902000,0.303035,0.303035,0.303035,0.303035,0.303035,0.303035,0.303035
2.903000,0.300040,0.300040,0.300040,0.300040,0.300040,0.300040,0.300040
2.904000,0.297042,0.297042,0.297042,0.297042,0.297042,0.297042,0.297042
2.905000,0.294040,0.294040,0.294040,0.294040,0.294040,0.294040,0.294040
2.906000,0.291036,0.291036,0.291036,0.291036,0.291036,0.291036,0.291036
2.907000,0.288029,0.288029,0.288029,0.288029,0.288029,0.288029,0.288029
2.908000,0.285019,0.285019,0.285019,0.285019,0.285019,0.285019,0.285019
2.909000,0.282007,0.282007,0.282007,0.282007,0.282007,0.282007,0.282007
2.910000,0.278991,0.278991,0.278991,0.278991,0.278991,0.278991,0.278991
2.911000,0.275973,0.275973,0.275973,0.275973,0.275973,0.275973,0.275973
2.912000,0.272952,0.272952,0.272952,0.272952,0.272952,0.272952,0.272952
2.913000,0.269928,0.269928,0.269928,0.269928,0.269928,0.269928,0.269928
2.914000,0.266902,0.266902,0.266902,0.266902,0.266902,0.266902,0.266902
2.915000,0.263873,0.263873,0.263873,0.263873,0.263873,0.263873,0.263873
2.916000,0.260842,0.260842,0.260842,0.260842,0.260842,0.260842,0.260842
2.917000,0.257807,0.257807,0.257807,0.257807,0.257807,0.257807,0.257807
2.918000,0.254771,0.254771,0.254771,0.254771,0.254771,0.254771,0.254771
2.919000,0.251732,0.251732,0.251732,0.251732,0.251732,0.251732,0.251732
2.920000,0.248690,0.248690,0.248690,0.248690,0.248690,0.248690,0.248690
2.921000,0.245646,0.245646,0.245646,0.245646,0.245646,0.245646,0.245646
2.922000,0.242599,0.242599,0.242599,0.242599,0.242599,0.242599,0.242599
2.923000,0.239550,0.239550,0.239550,0.239550,0.239550,0.239550,0.239550
2.924000,0.236499,0.236499,0.236499,0.236499,0.236499,0.236499,0.236499
2.925000,0.233445,0.233445,0.233445,0.233445,0.233445,0.233445,0.233445
2.926000,0.230389,0.230389,0.230389,0.230389,0.230389,0.230389,0.230389
2.927000,0.227331,0.227331,0.227331,0.227331,0.227331,0.227331,0.227331
2.928000,0.224271,0.224271,0.224271,0.224271,0.224271,0.224271,0.224271
2.929000,0.221208,0.221208,0.221208,0.221208,0.221208,0.221208,0.221208
2.930000,0.218143,0.218143,0.218143,0.218143,0.218143,0.218143,0.218143
2.931000,0.215076,0.215076,0.215076,0.215076,0.215076,0.215076,0.215076
2.932000,0.212007,0.212007,0.212007,0.212007,0.212007,0.212007,0.212007
2.933000,0.208936,0.208936,0.208936,0.208936,0.208936,0.208936,0.208936
2.934000,0.205863,0.205863,0.205863,0.205863,0.205863,0.205863,0.205863
2.935000,0.202787,0.202787,0.202787,0.202787,0.202787,0.202787,0.202787
2.936000,0.199710,0.199710,0.199710,0.199710,0.199710,0.199710,0.199710
2.937000,0.196631,0.196631,0.196631,0.196631,0.196631,0.196631,0.196631
2.938000,0.193549,0.193549,0.193549,0.193549,0.193549,0.193549,0.193549
2.939000,0.190466,0.190466,0.190466,0.190466,0.190466,0.190466,0.190466
2.940000,0.187381,0.187381,0.187381,0.187381,0.187381,0.187381,0.187381
2.941000,0.184294,0.184294,0.184294,0.184294,0.184294,0.184294,0.184294
2.942000,0.181206,0.181206,0.181206,0.181206,0.181206,0.181206,0.181206
2.943000,0.178115,0.178115,0.178115,0.178115,0.178115,0.178115,0.178115
2.944000,0.175023,0.175023,0.175023,0.175023,0.175023,0.175023,0.175023
2.945000,0.171929,0.171929,0.171929,0.171929,0.171929,0.171929,0.171929
2.946000,0.168833,0.168833,0.168833,0.168833,0.168833,0.168833,0.168833
2.947000,0.165736,0.165736,0.165736,0.165736,0.165736,0.165736,0.165736
2.948000,0.162637,0.162637,0.162637,0.162637,0.162637,0.162637,0.162637
2.949000,0.159537,0.159537,0.159537,0.159537,0.159537,0.159537,0.159537
2.950000,0.156434,0.156434,0.156434,0.156434,0.156434,0.156434,0.156434
2.951000,0.153331,0.153331,0.153331,0.153331,0.153331,0.153331,0.153331
2.952000,0.150226,0.150226,0.150226,0.150226,0.150226,0.150226,0.150226
2.953000,0.147119,0.147119,0.147119,0.147119,0.147119,0.147119,0.147119
2.954000,0.144011,0.144011,0.144011,0.144011,0.144011,0.144011,0.144011
2.955000,0.140901,0.140901,0.140901,0.140901,0.140901,0.140901,0.140901
2.956000,0.137790,0.137790,0.137790,0.137790,0.137790,0.137790,0.137790
2.957000,0.134678,0.134678,0.134678,0.134678,0.134678,0.134678,0.134678
2.958000,0.131564,0.131564,0.131564,0.131564,0.131564,0.131564,0.131564
2.959000,0.128449,0.128449,0.128449,0.128449,0.128449,0.128449,0.128449
2.960000,0.125333,0.125333,0.125333,0.125333,0.125333,0.125333,0.125333
2.961000,0.122216,0.122216,0.122216,0.122216,0.122216,0.122216,0.122216
2.962000,0.119097,0.119097,0.119097,0.119097,0.119097,0.119097,0.119097
2.963000,0.115977,0.115977,0.115977,0.115977,0.115977,0.115977,0.115977
2.964000,0.112856,0.112856,0.112856,0.112856,0.112856,0.112856,0.112856
2.965000,0.109734,0.109734,0.109734,0.109734,0.109734,0.109734,0.109734
2.966000,0.106611,0.106611,0.106611,0.106611,0.106611,0.106611,0.106611
2.967000,0.103487,0.103487,0.103487,0.103487,0.103487,0.103487,0.103487
2.968000,0.100362,0.100362,0.100362,0.100362,0.100362,0.100362,0.100362
2.969000,0.097235,0.097235,0.097235,0.097235,0.097235,0.097235,0.097235
2.970000,0.094108,0.094108,0.094108,0.094108,0.094108,0.094108,0.094108
2.971000,0.090980,0.090980,0.090980,0.090980,0.090980,0.090980,0.090980
2.972000,0.087851,0.087851,0.087851,0.087851,0.087851,0.087851,0.087851
2.973000,0.084721,0.084721,0.084721,0.084721,0.084721,0.084721,0.084721
2.974000,0.081591,0.081591,0.081591,0.081591,0.081591,0.081591,0.081591
2.975000,0.078459,0.078459,0.078459,0.078459,0.078459,0.078459,0.078459
2.976000,0.075327,0.075327,0.075327,0.075327,0.075327,0.075327,0.075327
2.977000,0.072194,0.072194,0.072194,0.072194,0.072194,0.072194,0.072194
2.978000,0.069060,0.069060,0.069060,0.069060,0.069060,0.069060,0.069060
2.979000,0.065926,0.065926,0.065926,0.065926,0.065926,0.065926,0.065926
2.980000,0.062791,0.062791,0.062791,0.062791,0.062791,0.062791,0.062791
2.981000,0.059655,0.059655,0.059655,0.059655,0.059655,0.059655,0.059655
2.982000,0.056519,0.056519,0.056519,0.056519,0.056519,0.056519,0.056519
2.983000,0.053382,0.053382,0.053382,0.053382,0.053382,0.053382,0.053382
2.984000,0.050244,0.050244,0.050244,0.050244,0.050244,0.050244,0.050244
2.985000,0.047106,0.047106,0.047106,0.047106,0.047106,0.047106,0.047106
2.986000,0.043968,0.043968,0.043968,0.043968,0.043968,0.043968,0.043968
2.987000,0.040829,0.040829,0.040829,0.040829,0.040829,0.040829,0.040829
2.988000,0.037690,0.037690,0.037690,0.037690,0.037690,0.037690,0.037690
2.989000,0.034551,0.034551,0.034551,0.034551,0.034551,0.034551,0.034551
2.990000,0.031411,0.031411,0.031411,0.031411,0.031411,0.031411,0.031411
2.991000,0.028271,0.028271,0.028271,0.028271,0.028271,0.028271,0.028271
2.992000,0.025130,0.025130,0.025130,0.025130,0.025130,0.025130,0.025130
2.993000,0.021989,0.021989,0.021989,0.021989,0.021989,0.021989,0.021989
2.994000,0.018848,0.018848,0.018848,0.018848,0.018848,0.018848,0.018848
2.995000,0.015707,0.015707,0.015707,0.015707,0.015707,0.015707,0.015707
2.996000,0.012566,0.012566,0.012566,0.012566,0.012566,0.012566,0.012566
2.997000,0.009425,0.009425,0.009425,0.009425,0.009425,0.009425,0.009425
2.998000,0.006283,0.006283,0.006283,0.006283,0.006283,0.006283,0.006283
2.999000,0.003142,0.003142,0.003142,0.003142,0.003142,0.003142,0.003142
3.000000,0.000000,0.000000,0.000000,0.000000,0.000000,0.000000,0.000000
3.001000,-0.003142,-0.003142,-0.003142,-0.003142,-0.003142,-0.003142,-0.003142
3.002000,-0.006283,-0.006283,-0.006283,-0.006283,-0.006283,-0.006283,-0.006283
3.003000,-0.009425,-0.009425,-0.009425,-0.009425,-0.009425,-0.009425,-0.009425
3.004000,-0.012566,-0.012566,-0.012566,-0.012566,-0.012566,-0.012566,-0.012566
3.005000,-0.015707,-0.015707,-0.015707,-0.015707,-0.015707,-0.015707,-0.015707
3.006000,-0.018848,-0.018848,-0.018848,-0.018848,-0.018848,-0.018848,-0.018848
3.007000,-0.021989,-0.021989,-0.021989,-0.021989,-0.021989,-0.021989,-0.021989
3.008000,-0.025130,-0.025130,-0.025130,-0.025130,-0.025130,-0.025130,-0.025130
3.009000,-0.028271,-0.028271,-0.028271,-0.028271,-0.028271,-0.028271,-0.028271
3.010000,-0.031411,-0.031411,-0.031411,-0.031411,-0.031411,-0.031411,-0.031411
3.011000,-0.034551,-0.034551,-0.034551,-0.034551,-0.034551,-0.034551,-0.034551
3.012000,-0.037690,-0.037690,-0.037690,-0.037690,-0.037690,-0.037690,-0.037690
3.013000,-0.040829,-0.040829,-0.040829,-0.040829,-0.040829,-0.040829,-0.040829
3.014000,-0.043968,-0.043968,-0.043968,-0.043968,-0.043968,-0.043968,-0.043968
3.015000,-0.047106,-0.047106,-0.047106,-0.047106,-0.047106,-0.047106,-0.047106
3.016000,-0.050244,-0.050244,-0.050244,-0.050244,-0.050244,-0.050244,-0.050244
3.017000,-0.053382,-0.053382,-0.053382,-0.053382,-0.053382,-0.053382,-0.053382
3.018000,-0.056519,-0.056519,-0.056519,-0.056519,-0.056519,-0.056519,-0.056519
3.019000,-0.059655,-0.059655,-0.059655,-0.059655,-0.059655,-0.059655,-0.059655
3.020000,-0.062791,-0.062791,-0.062791,-0.062791,-0.062791,-0.062791,-0.062791
3.021000,-0.065926,-0.065926,-0.065926,-0.065926,-0.065926,-0.065926,-0.065926
3.022000,-0.069060,-0.069060,-0.069060,-0.069060,-0.069060,-0.069060,-0.069060
3.023000,-0.072194,-0.072194,-0.072194,-0.072194,-0.072194,-0.072194,-0.072194
3.024000,-0.075327,-0.075327,-0.075327,-0.075327,-0.075327,-0.075327,-0.075327
3.025000,-0.078459,-0.078459,-0.078459,-0.078459,-0.078459,-0.078459,-0.078459
3.026000,-0.081591,-0.081591,-0.081591,-0.081591,-0.081591,-0.081591,-0.081591
3.027000,-0.084721,-0.084721,-0.084721,-0.084721,-0.084721,-0.084721,-0.084721
3.028000,-0.087851,-0.087851,-0.087851,-0.087851,-0.087851,-0.087851,-0.087851
3.029000,-0.090980,-0.090980,-0.090980,-0.090980,-0.090980,-0.090980,-0.090980
3.030000,-0.094108,-0.094108,-0.094108,-0.094108,-0.094108,-0.094108,-0.094108
3.031000,-0.097235,-0.097235,-0.097235,-0.097235,-0.097235,-0.097235,-0.097235
3.032000,-0.100362,-0.100362,-0.100362,-0.100362,-0.100362,-0.100362,-0.100362
3.033000,-0.103487,-0.103487,-0.103487,-0.103487,-0.103487,-0.103487,-0.103487
3.034000,-0.106611,-0.106611,-0.106611,-0.106611,-0.106611,-0.106611,-0.106611
3.035000,-0.109734,-0.109734,-0.109734,-0.109734,-0.109734,-0.109734,-0.109734
3.036000,-0.112856,-0.112856,-0.112856,-0.112856,-0.112856,-0.112856,-0.112856
3.037000,-0.115977,-0.115977,-0.115977,-0.115977,-0.115977,-0.115977,-0.115977
3.038000,-0.119097,-0.119097,-0.119097,-0.119097,-0.119097,-0.119097,-0.119097
3.039000,-0.122216,-0.122216,-0.122216,-0.122216,-0.122216,-0.122216,-0.122216
3.040000,-0.125333,-0.125333,-0.125333,-0.125333,-0.125333,-0.125333,-0.125333
3.041000,-0.128449,-0.128449,-0.128449,-0.128449,-0.128449,-0.128449,-0.128449
3.042000,-0.131564,-0.131564,-0.131564,-0.131564,-0.131564,-0.131564,-0.131564
3.043000,-0.134678,-0.134678,-0.134678,-0.134678,-0.134678,-0.134678,-0.134678
3.044000,-0.137790,-0.137790,-0.137790,-0.137790,-0.137790,-0.137790,-0.137790
3.045000,-0.140901,-0.140901,-0.140901,-0.140901,-0.140901,-0.140901,-0.140901
3.046000,-0.144011,-0.144011,-0.144011,-0.144011,-0.144011,-0.144011,-0.144011
3.047000,-0.147119,-0.147119,-0.147119,-0.147119,-0.147119,-0.147119,-0.147119
3.048000,-0.150226,-0.150226,-0.150226,-0.150226,-0.150226,-0.150226,-0.150226
3.049000,-0.153331,-0.153331,-0.153331,-0.153331,-0.153331,-0.153331,-0.153331
3.050000,-0.156434,-0.156434,-0.156434,-0.156434,-0.156434,-0.156434,-0.156434
3.051000,-0.159537,-0.159537,-0.159537,-0.159537,-0.159537,-0.159537,-0.159537
3.052000,-0.162637,-0.162637,-0.162637,-0.162637,-0.162637,-0.162637,-0.162637
3.053000,-0.165736,-0.165736,-0.165736,-0.165736,-0.165736,-0.165736,-0.165736
3.054000,-0.168833,-0.168833,-0.168833,-0.168833,-0.168833,-0.168833,-0.168833
3.055000,-0.171929,-0.171929,-0.171929,-0.171929,-0.171929,-0.171929,-0.171929
3.056000,-0.175023,-0.175023,-0.175023,-0.175023,-0.175023,-0.175023,-0.175023
3.057000,-0.178115,-0.178115,-0.178115,-0.178115,-0.178115,-0.178115,-0.178115
3.058000,-0.181206,-0.181206,-0.181206,-0.181206,-0.181206,-0.181206,-0.181206
3.059000,-0.184294,-0.184294,-0.184294,-0.184294,-0.184294,-0.184294,-0.184294
3.060000,-0.187381,-0.187381,-0.187381,-0.187381,-0.187381,-0.187381,-0.187381
3.061000,-0.190466,-0.190466,-0.190466,-0.190466,-0.190466,-0.190466,-0.190466
3.062000,-0.193549,-0.193549,-0.193549,-0.193549,-0.193549,-0.193549,-0.193549
3.063000,-0.196631,-0.196631,-0.196631,-0.196631,-0.196631,-0.196631,-0.196631
3.064000,-0.199710,-0.199710,-0.199710,-0.199710,-0.199710,-0.199710,-0.199710
3.065000,-0.202787,-0.202787,-0.202787,-0.202787,-0.202787,-0.202787,-0.202787
3.066000,-0.205863,-0.205863,-0.205863,-0.205863,-0.205863,-0.205863,-0.205863
3.067000,-0.208936,-0.208936,-0.208936,-0.208936,-0.208936,-0.208936,-0.208936
3.068000,-0.212007,-0.212007,-0.212007,-0.212007,-0.212007,-0.212007,-0.212007
3.069000,-0.215076,-0.215076,-0.215076,-0.215076,-0.215076,-0.215076,-0.215076
3.070000,-0.218143,-0.218143,-0.218143,-0.218143,-0.218143,-0.218143,-0.218143
3.071000,-0.221208,-0.221208,-0.221208,-0.221208,-0.221208,-0.221208,-0.221208
3.072000,-0.224271,-0.224271,-0.224271,-0.224271,-0.224271,-0.224271,-0.224271
3.073000,-0.227331,-0.227331,-0.227331,-0.227331,-0.227331,-0.227331,-0.227331
3.074000,-0.230389,-0.230389,-0.230389,-0.230389,-0.230389,-0.230389,-0.230389
3.075000,-0.233445,-0.233445,-0.233445,-0.233445,-0.233445,-0.233445,-0.233445
3.076000,-0.236499,-0.236499,-0.236499,-0.236499,-0.236499,-0.236499,-0.236499
3.077000,-0.239550,-0.239550,-0.239550,-0.239550,-0.239550,-0.239550,-0.239550
3.078000,-0.242599,-0.242599,-0.242599,-0.242599,-0.242599,-0.242599,-0.242599
3.079000,-0.245646,-0.245646,-0.245646,-0.245646,-0.245646,-0.245646,-0.245646
3.080000,-0.248690,-0.248690,-0.248690,-0.248690,-0.248690,-0.248690,-0.248690
3.081000,-0.251732,-0.251732,-0.251732,-0.251732,-0.251732,-0.251732,-0.251732
3.082000,-0.254771,-0.254771,-0.254771,-0.254771,-0.254771,-0.254771,-0.254771
3.083000,-0.257807,-0.257807,-0.257807,-0.257807,-0.257807,-0.257807,-0.257807
3.084000,-0.260842,-0.260842,-0.260842,-0.260842,-0.260842,-0.260842,-0.260842
3.085000,-0.263873,-0.263873,-0.263873,-0.263873,-0.263873,-0.263873,-0.263873
3.086000,-0.266902,-0.266902,-0.266902,-0.266902,-0.266902,-0.266902,-0.266902
3.087000,-0.269928,-0.269928,-0.269928,-0.269928,-0.269928,-0.269928,-0.269928
3.088000,-0.272952,-0.272952,-0.272952,-0.272952,-0.272952,-0.272952,-0.272952
3.089000,-0.275973,-0.275973,-0.275973,-0.275973,-0.275973,-0.275973,-0.275973
3.090000,-0.278991,-0.278991,-0.278991,-0.278991,-0.278991,-0.278991,-0.278991
3.091000,-0.282007,-0.282007,-0.282007,-0.282007,-0.282007,-0.282007,-0.282007
3.092000,-0.285019,-0.285019,-0.285019,-0.285019,-0.285019,-0.285019,-0.285019
3.093000,-0.288029,-0.288029,-0.288029,-0.288029,-0.288029,-0.288029,-0.288029
3.094000,-0.291036,-0.291036,-0.291036,-0.291036,-0.291036,-0.291036,-0.291036
3.095000,-0.294040,-0.294040,-0.294040,-0.294040,-0.294040,-0.294040,-0.294040
3.096000,-0.297042,-0.297042,-0.297042,-0.297042,-0.297042,-0.297042,-0.297042
3.097000,-0.300040,-0.300040,-0.300040,-0.300040,-0.300040,-0.300040,-0.300040
3.098000,-0.303035,-0.303035,-0.303035,-0.303035,-0.303035,-0.303035,-0.303035
3.099000,-0.306028,-0.306028,-0.306028,-0.306028,-0.306028,-0.306028,-0.306028
3.100000,-0.309017,-0.309017,-0.309017,-0.309017,-0.309017,-0.309017,-0.309017
3.101000,-0.312003,-0.312003,-0.312003,-0.312003,-0.312003,-0.312003,-0.312003
3.102000,-0.314987,-0.314987,-0.314987,-0.314987,-0.314987,-0.314987,-0.314987
3.103000,-0.317967,-0.317967,-0.317967,-0.317967,-0.317967,-0.317967,-0.317967
3.104000,-0.320944,-0.320944,-0.320944,-0.320944,-0.320944,-0.320944,-0.320944
3.105000,-0.323917,-0.323917,-0.323917,-0.323917,-0.323917,-0.323917,-0.323917
3.106000,-0.326888,-0.326888,-0.326888,-0.326888,-0.326888,-0.326888,-0.326888
3.107000,-0.329855,-0.329855,-0.329855,-0.329855,-0.329855,-0.329855,-0.329855
3.108000,-0.332820,-0.332820,-0.332820,-0.332820,-0.332820,-0.332820,-0.332820
3.109000,-0.335780,-0.335780,-0.335780,-0.335780,-0.335780,-0.335780,-0.335780
3.110000,-0.338738,-0.338738,-0.338738,-0.338738,-0.338738,-0.338738,-0.338738
3.111000,-0.341692,-0.341692,-0.341692,-0.341692,-0.341692,-0.341692,-0.341692
3.112000,-0.344643,-0.344643,-0.344643,-0.344643,-0.344643,-0.344643,-0.344643
3.113000,-0.347590,-0.347590,-0.347590,-0.347590,-0.347590,-0.347590,-0.347590
3.114000,-0.350534,-0.350534,-0.350534,-0.350534,-0.350534,-0.350534,-0.350534
3.115000,-0.353475,-0.353475,-0.353475,-0.353475,-0.353475,-0.353475,-0.353475
3.116000,-0.356412,-0.356412,-0.356412,-0.356412,-0.356412,-0.356412,-0.356412
3.117000,-0.359345,-0.359345,-0.359345,-0.359345,-0.359345,-0.359345,-0.359345
3.118000,-0.362275,-0.362275,-0.362275,-0.362275,-0.362275,-0.362275,-0.362275
3.119000,-0.365202,-0.365202,-0.365202,-0.365202,-0.365202,-0.365202,-0.365202
3.120000,-0.368125,-0.368125,-0.368125,-0.368125,-0.368125,-0.368125,-0.368125
3.121000,-0.371044,-0.371044,-0.371044,-0.371044,-0.371044,-0.371044,-0.371044
3.122000,-0.373959,-0.373959,-0.373959,-0.373959,-0.373959,-0.373959,-0.373959
3.123000,-0.376871,-0.376871,-0.376871,-0.376871,-0.376871,-0.376871,-0.376871
3.124000,-0.379779,-0.379779,-0.379779,-0.379779,-0.379779,-0.379779,-0.379779
3.125000,-0.382683,-0.382683,-0.382683,-0.382683,-0.382683,-0.382683,-0.382683
3.126000,-0.385584,-0.385584,-0.385584,-0.385584,-0.385584,-0.385584,-0.385584
3.127000,-0.388481,-0.388481,-0.388481,-0.388481,-0.388481,-0.388481,-0.388481
3.128000,-0.391374,-0.391374,-0.391374,-0.391374,-0.391374,-0.391374,-0.391374
3.129000,-0.394263,-0.394263,-0.394263,-0.394263,-0.394263,-0.394263,-0.394263
3.130000,-0.397148,-0.397148,-0.397148,-0.397148,-0.397148,-0.397148,-0.397148
3.131000,-0.400029,-0.400029,-0.400029,-0.400029,-0.400029,-0.400029,-0.400029
3.132000,-0.402906,-0.402906,-0.402906,-0.402906,-0.402906,-0.402906,-0.402906
3.133000,-0.405780,-0.405780,-0.405780,-0.405780,-0.405780,-0.405780,-0.405780
3.134000,-0.408649,-0.408649,-0.408649,-0.408649,-0.408649,-0.408649,-0.408649
3.135000,-0.411514,-0.411514,-0.411514,-0.411514,-0.411514,-0.411514,-0.411514
3.136000,-0.414376,-0.414376,-0.414376,-0.414376,-0.414376,-0.414376,-0.414376
3.137000,-0.417233,-0.417233,-0.417233,-0.417233,-0.417233,-0.417233,-0.417233
3.138000,-0.420086,-0.420086,-0.420086,-0.420086,-0.420086,-0.420086,-0.420086
3.139000,-0.422935,-0.422935,-0.422935,-0.422935,-0.422935,-0.422935,-0.422935
3.140000,-0.425779,-0.425779,-0.425779,-0.425779,-0.425779,-0.425779,-0.425779
3.141000,-0.428620,-0.428620,-0.428620,-0.428620,-0.428620,-0.428620,-0.428620
3.142000,-0.431456,-0.431456,-0.431456,-0.431456,-0.431456,-0.431456,-0.431456
3.143000,-0.434288,-0.434288,-0.434288,-0.434288,-0.434288,-0.434288,-0.434288
3.144000,-0.437116,-0.437116,-0.437116,-0.437116,-0.437116,-0.437116,-0.437116
3.145000,-0.439939,-0.439939,-0.439939,-0.439939,-0.439939,-0.439939,-0.439939
3.146000,-0.442758,-0.442758,-0.442758,-0.442758,-0.442758,-0.442758,-0.442758
3.147000,-0.445573,-0.445573,-0.445573,-0.445573,-0.445573,-0.445573,-0.445573
3.148000,-0.448383,-0.448383,-0.448383,-0.448383,-0.448383,-0.448383,-0.448383
3.149000,-0.451189,-0.451189,-0.451189,-0.451189,-0.451189,-0.451189,-0.451189
3.150000,-0.453990,-0.453990,-0.453990,-0.453990,-0.453990,-0.453990,-0.453990
3.151000,-0.456787,-0.456787,-0.456787,-0.456787,-0.456787,-0.456787,-0.456787
3.152000,-0.459580,-0.459580,-0.459580,-0.459580,-0.459580,-0.459580,-0.459580
3.153000,-0.462368,-0.462368,-0.462368,-0.462368,-0.462368,-0.462368,-0.462368
3.154000,-0.465151,-0.465151,-0.465151,-0.465151,-0.465151,-0.465151,-0.465151
3.155000,-0.467930,-0.467930,-0.467930,-0.467930,-0.467930,-0.467930,-0.467930
3.156000,-0.470704,-0.470704,-0.470704,-0.470704,-0.470704,-0.470704,-0.470704
3.157000,-0.473473,-0.473473,-0.473473,-0.473473,-0.473473,-0.473473,-0.473473
3.158000,-0.476238,-0.476238,-0.476238,-0.476238,-0.476238,-0.476238,-0.476238
3.159000,-0.478998,-0.478998,-0.478998,-0.478998,-0.478998,-0.478998,-0.478998
3.160000,-0.481754,-0.481754,-0.481754,-0.481754,-0.481754,-0.481754,-0.481754
3.161000,-0.484504,-0.484504,-0.484504,-0.484504,-0.484504,-0.484504,-0.484504
3.162000,-0.487250,-0.487250,-0.487250,-0.487250,-0.487250,-0.487250,-0.487250
3.163000,-0.489991,-0.489991,-0.489991,-0.489991,-0.489991,-0.489991,-0.489991
3.164000,-0.492727,-0.492727,-0.492727,-0.492727,-0.492727,-0.492727,-0.492727
3.165000,-0.495459,-0.495459,-0.495459,-0.495459,-0.495459,-0.495459,-0.495459
3.166000,-0.498185,-0.498185,-0.498185,-0.498185,-0.498185,-0.498185,-0.498185
3.167000,-0.500907,-0.500907,-0.500907,-0.500907,-0.500907,-0.500907,-0.500907
3.168000,-0.503623,-0.503623,-0.503623,-0.503623,-0.503623,-0.503623,-0.503623
3.169000,-0.506335,-0.506335,-0.506335,-0.506335,-0.506335,-0.506335,-0.506335
3.170000,-0.509041,-0.509041,-0.509041,-0.509041,-0.509041,-0.509041,-0.509041
3.171000,-0.511743,-0.511743,-0.511743,-0.511743,-0.511743,-0.511743,-0.511743
3.172000,-0.514440,-0.514440,-0.514440,-0.514440,-0.514440,-0.514440,-0.514440
3.173000,-0.517131,-0.517131,-0.517131,-0.517131,-0.517131,-0.517131,-0.517131
3.174000,-0.519817,-0.519817,-0.519817,-0.519817,-0.519817,-0.519817,-0.519817
3.175000,-0.522499,-0.522499,-0.522499,-0.522499,-0.522499,-0.522499,-0.522499
3.176000,-0.525175,-0.525175,-0.525175,-0.525175,-0.525175,-0.525175,-0.525175
3.177000,-0.527846,-0.527846,-0.527846,-0.527846,-0.527846,-0.527846,-0.527846
3.178000,-0.530511,-0.530511,-0.530511,-0.530511,-0.530511,-0.530511,-0.530511
3.179000,-0.533172,-0.533172,-0.533172,-0.533172,-0.533172,-0.533172,-0.533172
3.180000,-0.535827,-0.535827,-0.535827,-0.535827,-0.535827,-0.535827,-0.535827
3.181000,-0.538477,-0.538477,-0.538477,-0.538477,-0.538477,-0.538477,-0.538477
3.182000,-0.541121,-0.541121,-0.541121,-0.541121,-0.541121,-0.541121,-0.541121
3.183000,-0.543760,-0.543760,-0.543760,-0.543760,-0.543760,-0.543760,-0.543760
3.184000,-0.546394,-0.546394,-0.546394,-0.546394,-0.546394,-0.546394,-0.546394
3.185000,-0.549023,-0.549023,-0.549023,-0.549023,-0.549023,-0.549023,-0.549023
3.186000,-0.551646,-0.551646,-0.551646,-0.551646,-0.551646,-0.551646,-0.551646
3.187000,-0.554263,-0.554263,-0.554263,-0.554263,-0.554263,-0.554263,-0.554263
3.188000,-0.556876,-0.556876,-0.556876,-0.556876,-0.556876,-0.556876,-0.556876
3.189000,-0.559482,-0.559482,-0.559482,-0.559482,-0.559482,-0.559482,-0.559482
3.190000,-0.562083,-0.562083,-0.562083,-0.562083,-0.562083,-0.562083,-0.562083
3.191000,-0.564679,-0.564679,-0.564679,-0.564679,-0.564679,-0.564679,-0.564679
3.192000,-0.567269,-0.567269,-0.567269,-0.567269,-0.567269,-0.567269,-0.567269
3.193000,-0.569853,-0.569853,-0.569853,-0.569853,-0.569853,-0.569853,-0.569853
3.194000,-0.572432,-0.572432,-0.572432,-0.572432,-0.572432,-0.572432,-0.572432
3.195000,-0.575005,-0.575005,-0.575005,-0.575005,-0.575005,-0.575005,-0.575005
3.196000,-0.577573,-0.577573,-0.577573,-0.577573,-0.577573,-0.577573,-0.577573
3.197000,-0.580134,-0.580134,-0.580134,-0.580134,-0.580134,-0.580134,-0.580134
3.198000,-0.582690,-0.582690,-0.582690,-0.582690,-0.582690,-0.582690,-0.582690
3.199000,-0.585241,-0.585241,-0.585241,-0.585241,-0.585241,-0.585241,-0.585241
3.200000,-0.587785,-0.587785,-0.587785,-0.587785,-0.587785,-0.587785,-0.587785
3.201000,-0.590324,-0.590324,-0.590324,-0.590324,-0.590324,-0.590324,-0.590324
3.202000,-0.592857,-0.592857,-0.592857,-0.592857,-0.592857,-0.592857,-0.592857
3.203000,-0.595384,-0.595384,-0.595384,-0.595384,-0.595384,-0.595384,-0.595384
3.204000,-0.597905,-0.597905,-0.597905,-0.597905,-0.597905,-0.597905,-0.597905
3.205000,-0.600420,-0.600420,-0.600420,-0.600420,-0.600420,-0.600420,-0.600420
3.206000,-0.602930,-0.602930,-0.602930,-0.602930,-0.602930,-0.602930,-0.602930
3.207000,-0.605433,-0.605433,-0.605433,-0.605433,-0.605433,-0.605433,-0.605433
3.208000,-0.607930,-0.607930,-0.607930,-0.607930,-0.607930,-0.607930,-0.607930
3.209000,-0.610422,-0.610422,-0.610422,-0.610422,-0.610422,-0.610422,-0.610422
3.210000,-0.612907,-0.612907,-0.612907,-0.612907,-0.612907,-0.612907,-0.612907
3.211000,-0.615386,-0.615386,-0.615386,-0.615386,-0.615386,-0.615386,-0.615386
3.212000,-0.617860,-0.617860,-0.617860,-0.617860,-0.617860,-0.617860,-0.617860
3.213000,-0.620327,-0.620327,-0.620327,-0.620327,-0.620327,-0.620327,-0.620327
3.214000,-0.622788,-0.622788,-0.622788,-0.622788,-0.622788,-0.622788,-0.622788
3.215000,-0.625243,-0.625243,-0.625243,-0.625243,-0.625243,-0.625243,-0.625243
3.216000,-0.627691,-0.627691,-0.627691,-0.627691,-0.627691,-0.627691,-0.627691
3.217000,-0.630134,-0.630134,-0.630134,-0.630134,-0.630134,-0.630134,-0.630134
3.218000,-0.632570,-0.632570,-0.632570,-0.632570,-0.632570,-0.632570,-0.632570
3.219000,-0.635000,-0.635000,-0.635000,-0.635000,-0.635000,-0.635000,-0.635000
3.220000,-0.637424,-0.637424,-0.637424,-0.637424,-0.637424,-0.637424,-0.637424
3.221000,-0.639841,-0.639841,-0.639841,-0.639841,-0.639841,-0.639841,-0.639841
3.222000,-0.642253,-0.642253,-0.642253,-0.642253,-0.642253,-0.642253,-0.642253
3.223000,-0.644657,-0.644657,-0.644657,-0.644657,-0.644657,-0.644657,-0.644657
3.224000,-0.647056,-0.647056,-0.647056,-0.647056,-0.647056,-0.647056,-0.647056
3.225000,-0.649448,-0.649448,-0.649448,-0.649448,-0.649448,-0.649448,-0.649448
3.226000,-0.651834,-0.651834,-0.651834,-0.651834,-0.651834,-0.651834,-0.651834
3.227000,-0.654213,-0.654213,-0.654213,-0.654213,-0.654213,-0.654213,-0.654213
3.228000,-0.656586,-0.656586,-0.656586,-0.656586,-0.656586,-0.656586,-0.656586
3.229000,-0.658952,-0.658952,-0.658952,-0.658952,-0.658952,-0.658952,-0.658952
3.230000,-0.661312,-0.661312,-0.661312,-0.661312,-0.661312,-0.661312,-0.661312
3.231000,-0.663665,-0.663665,-0.663665,-0.663665,-0.663665,-0.663665,-0.663665
3.232000,-0.666012,-0.666012,-0.666012,-0.666012,-0.666012,-0.666012,-0.666012
3.233000,-0.668352,-0.668352,-0.668352,-0.668352,-0.668352,-0.668352,-0.668352
3.234000,-0.670686,-0.670686,-0.670686,-0.670686,-0.670686,-0.670686,-0.670686
3.235000,-0.673013,-0.673013,-0.673013,-0.673013,-0.673013,-0.673013,-0.673013
3.236000,-0.675333,-0.675333,-0.675333,-0.675333,-0.675333,-0.675333,-0.675333
3.237000,-0.677646,-0.677646,-0.677646,-0.677646,-0.677646,-0.677646,-0.677646
3.238000,-0.679953,-0.679953,-0.679953,-0.679953,-0.679953,-0.679953,-0.679953
3.239000,-0.682254,-0.682254,-0.682254,-0.682254,-0.682254,-0.682254,-0.682254
3.240000,-0.684547,-0.684547,-0.684547,-0.684547,-0.684547,-0.684547,-0.684547
3.241000,-0.686834,-0.686834,-0.686834,-0.686834,-0.686834,-0.686834,-0.686834
3.242000,-0.689114,-0.689114,-0.689114,-0.689114,-0.689114,-0.689114,-0.689114
3.243000,-0.691387,-0.691387,-0.691387,-0.691387,-0.691387,-0.691387,-0.691387
3.244000,-0.693653,-0.693653,-0.693653,-0.693653,-0.693653,-0.693653,-0.693653
3.245000,-0.695913,-0.695913,-0.695913,-0.695913,-0.695913,-0.695913,-0.695913
3.246000,-0.698165,-0.698165,-0.698165,-0.698165,-0.698165,-0.698165,-0.698165
3.247000,-0.700411,-0.700411,-0.700411,-0.700411,-0.700411,-0.700411,-0.700411
3.248000,-0.702650,-0.702650,-0.702650,-0.702650,-0.702650,-0.702650,-0.702650
3.249000,-0.704882,-0.704882,-0.704882,-0.704882,-0.704882,-0.704882,-0.704882
3.250000,-0.707107,-0.707107,-0.707107,-0.707107,-0.707107,-0.707107,-0.707107
3.251000,-0.709325,-0.709325,-0.709325,-0.709325,-0.709325,-0.709325,-0.709325
3.252000,-0.711536,-0.711536,-0.711536,-0.711536,-0.711536,-0.711536,-0.711536
3.253000,-0.713740,-0.713740,-0.713740,-0.713740,-0.713740,-0.713740,-0.713740
3.254000,-0.715936,-0.715936,-0.715936,-0.715936,-0.715936,-0.715936,-0.715936
3.255000,-0.718126,-0.718126,-0.718126,-0.718126,-0.718126,-0.718126,-0.718126
3.256000,-0.720309,-0.720309,-0.720309,-0.720309,-0.720309,-0.720309,-0.720309
3.257000,-0.722485,-0.722485,-0.722485,-0.722485,-0.722485,-0.722485,-0.722485
3.258000,-0.724653,-0.724653,-0.724653,-0.724653,-0.724653,-0.724653,-0.724653
3.259000,-0.726814,-0.726814,-0.726814,-0.726814,-0.726814,-0.726814,-0.726814
3.260000,-0.728969,-0.728969,-0.728969,-0.728969,-0.728969,-0.728969,-0.728969
3.261000,-0.731116,-0.731116,-0.731116,-0.731116,-0.731116,-0.731116,-0.731116
3.262000,-0.733255,-0.733255,-0.733255,-0.733255,-0.733255,-0.733255,-0.733255
3.263000,-0.735388,-0.735388,-0.735388,-0.735388,-0.735388,-0.735388,-0.735388
3.264000,-0.737513,-0.737513,-0.737513,-0.737513,-0.737513,-0.737513,-0.737513
3.265000,-0.739631,-0.739631,-0.739631,-0.739631,-0.739631,-0.739631,-0.739631
3.266000,-0.741742,-0.741742,-0.741742,-0.741742,-0.741742,-0.741742,-0.741742
3.267000,-0.743845,-0.743845,-0.743845,-0.743845,-0.743845,-0.743845,-0.743845
3.268000,-0.745941,-0.745941,-0.745941,-0.745941,-0.745941,-0.745941,-0.745941
3.269000,-0.748030,-0.748030,-0.748030,-0.748030,-0.748030,-0.748030,-0.748030
3.270000,-0.750111,-0.750111,-0.750111,-0.750111,-0.750111,-0.750111,-0.750111
3.271000,-0.752185,-0.752185,-0.752185,-0.752185,-0.752185,-0.752185,-0.752185
3.272000,-0.754251,-0.754251,-0.754251,-0.754251,-0.754251,-0.754251,-0.754251
3.273000,-0.756310,-0.756310,-0.756310,-0.756310,-0.756310,-0.756310,-0.756310
3.274000,-0.758362,-0.758362,-0.758362,-0.758362,-0.758362,-0.758362,-0.758362
3.275000,-0.760406,-0.760406,-0.760406,-0.760406,-0.760406,-0.760406,-0.760406
3.276000,-0.762443,-0.762443,-0.762443,-0.762443,-0.762443,-0.762443,-0.762443
3.277000,-0.764472,-0.764472,-0.764472,-0.764472,-0.764472,-0.764472,-0.764472
3.278000,-0.766493,-0.766493,-0.766493,-0.766493,-0.766493,-0.766493,-0.766493
3.279000,-0.768507,-0.768507,-0.768507,-0.768507,-0.768507,-0.768507,-0.768507
3.280000,-0.770513,-0.770513,-0.770513,-0.770513,-0.770513,-0.770513,-0.770513
3.281000,-0.772512,-0.772512,-0.772512,-0.772512,-0.772512,-0.772512,-0.772512
3.282000,-0.774503,-0.774503,-0.774503,-0.774503,-0.774503,-0.774503,-0.774503
3.283000,-0.776487,-0.776487,-0.776487,-0.776487,-0.776487,-0.776487,-0.776487
3.284000,-0.778462,-0.778462,-0.778462,-0.778462,-0.778462,-0.778462,-0.778462
3.285000,-0.780430,-0.780430,-0.780430,-0.780430,-0.780430,-0.780430,-0.780430
3.286000,-0.782391,-0.782391,-0.782391,-0.782391,-0.782391,-0.782391,-0.782391
3.287000,-0.784343,-0.784343,-0.784343,-0.784343,-0.784343,-0.784343,-0.784343
3.288000,-0.786288,-0.786288,-0.786288,-0.786288,-0.786288,-0.786288,-0.786288
3.289000,-0.788226,-0.788226,-0.788226,-0.788226,-0.788226,-0.788226,-0.788226
3.290000,-0.790155,-0.790155,-0.790155,-0.790155,-0.790155,-0.790155,-0.790155
3.291000,-0.792077,-0.792077,-0.792077,-0.792077,-0.792077,-0.792077,-0.792077
3.292000,-0.793990,-0.793990,-0.793990,-0.793990,-0.793990,-0.793990,-0.793990
3.293000,-0.795896,-0.795896,-0.795896,-0.795896,-0.795896,-0.795896,-0.795896
3.294000,-0.797794,-0.797794,-0.797794,-0.797794,-0.797794,-0.797794,-0.797794
3.295000,-0.799685,-0.799685,-0.799685,-0.799685,-0.799685,-0.799685,-0.799685
3.296000,-0.801567,-0.801567,-0.801567,-0.801567,-0.801567,-0.801567,-0.801567
3.297000,-0.803441,-0.803441,-0.803441,-0.803441,-0.803441,-0.803441,-0.803441
3.298000,-0.805308,-0.805308,-0.805308,-0.805308,-0.805308,-0.805308,-0.805308
3.299000,-0.807166,-0.807166,-0.807166,-0.807166,-0.807166,-0.807166,-0.807166
3.300000,-0.809017,-0.809017,-0.809017,-0.809017,-0.809017,-0.809017,-0.809017
3.301000,-0.810860,-0.810860,-0.810860,-0.810860,-0.810860,-0.810860,-0.810860
3.302000,-0.812694,-0.812694,-0.812694,-0.812694,-0.812694,-0.812694,-0.812694
3.303000,-0.814521,-0.814521,-0.814521,-0.814521,-0.814521,-0.814521,-0.814521
3.304000,-0.816339,-0.816339,-0.816339,-0.816339,-0.816339,-0.816339,-0.816339
3.305000,-0.818150,-0.818150,-0.818150,-0.818150,-0.818150,-0.818150,-0.818150
3.306000,-0.819952,-0.819952,-0.819952,-0.819952,-0.819952,-0.819952,-0.819952
3.307000,-0.821746,-0.821746,-0.821746,-0.821746,-0.821746,-0.821746,-0.821746
3.308000,-0.823533,-0.823533,-0.823533,-0.823533,-0.823533,-0.823533,-0.823533
3.309000,-0.825311,-0.825311,-0.825311,-0.825311,-0.825311,-0.825311,-0.825311
3.310000,-0.827081,-0.827081,-0.827081,-0.827081,-0.827081,-0.827081,-0.827081
3.311000,-0.828842,-0.828842,-0.828842,-0.828842,-0.828842,-0.828842,-0.828842
3.312000,-0.830596,-0.830596,-0.830596,-0.830596,-0.830596,-0.830596,-0.830596
3.313000,-0.832341,-0.832341,-0.832341,-0.832341,-0.832341,-0.832341,-0.832341
3.314000,-0.834078,-0.834078,-0.834078,-0.834078,-0.834078,-0.834078,-0.834078
3.315000,-0.835807,-0.835807,-0.835807,-0.835807,-0.835807,-0.835807,-0.835807
3.316000,-0.837528,-0.837528,-0.837528,-0.837528,-0.837528,-0.837528,-0.837528
3.317000,-0.839240,-0.839240,-0.839240,-0.839240,-0.839240,-0.839240,-0.839240
3.318000,-0.840945,-0.840945,-0.840945,-0.840945,-0.840945,-0.840945,-0.840945
3.319000,-0.842640,-0.842640,-0.842640,-0.842640,-0.842640,-0.842640,-0.842640
3.320000,-0.844328,-0.844328,-0.844328,-0.844328,-0.844328,-0.844328,-0.844328
3.321000,-0.846007,-0.846007,-0.846007,-0.846007,-0.846007,-0.846007,-0.846007
3.322000,-0.847678,-0.847678,-0.847678,-0.847678,-0.847678,-0.847678,-0.847678
3.323000,-0.849340,-0.849340,-0.849340,-0.849340,-0.849340,-0.849340,-0.849340
3.324000,-0.850994,-0.850994,-0.850994,-0.850994,-0.850994,-0.850994,-0.850994
3.325000,-0.852640,-0.852640,-0.852640,-0.852640,-0.852640,-0.852640,-0.852640
3.326000,-0.854277,-0.854277,-0.854277,-0.854277,-0.854277,-0.854277,-0.854277
3.327000,-0.855906,-0.855906,-0.855906,-0.855906,-0.855906,-0.855906,-0.855906
3.328000,-0.857527,-0.857527,-0.857527,-0.857527,-0.857527,-0.857527,-0.857527
3.329000,-0.859139,-0.859139,-0.859139,-0.859139,-0.859139,-0.859139,-0.859139
3.330000,-0.860742,-0.860742,-0.860742,-0.860742,-0.860742,-0.860742,-0.860742
3.331000,-0.862337,-0.862337,-0.862337,-0.862337,-0.862337,-0.862337,-0.862337
3.332000,-0.863923,-0.863923,-0.863923,-0.863923,-0.863923,-0.863923,-0.863923
3.333000,-0.865501,-0.865501,-0.865501,-0.865501,-0.865501,-0.865501,-0.865501
3.334000,-0.867071,-0.867071,-0.867071,-0.867071,-0.867071,-0.867071,-0.867071
3.335000,-0.868632,-0.868632,-0.868632,-0.868632,-0.868632,-0.868632,-0.868632
3.336000,-0.870184,-0.870184,-0.870184,-0.870184,-0.870184,-0.870184,-0.870184
3.337000,-0.871727,-0.871727,-0.871727,-0.871727,-0.871727,-0.871727,-0.871727
3.338000,-0.873262,-0.873262,-0.873262,-0.873262,-0.873262,-0.873262,-0.873262
3.339000,-0.874789,-0.874789,-0.874789,-0.874789,-0.874789,-0.874789,-0.874789
3.340000,-0.876307,-0.876307,-0.876307,-0.876307,-0.876307,-0.876307,-0.876307
3.341000,-0.877816,-0.877816,-0.877816,-0.877816,-0.877816,-0.877816,-0.877816
3.342000,-0.879316,-0.879316,-0.879316,-0.879316,-0.879316,-0.879316,-0.879316
3.343000,-0.880808,-0.880808,-0.880808,-0.880808,-0.880808,-0.880808,-0.880808
3.344000,-0.882291,-0.882291,-0.882291,-0.882291,-0.882291,-0.882291,-0.882291
3.345000,-0.883766,-0.883766,-0.883766,-0.883766,-0.883766,-0.883766,-0.883766
3.346000,-0.885231,-0.885231,-0.885231,-0.885231,-0.885231,-0.885231,-0.885231
3.347000,-0.886688,-0.886688,-0.886688,-0.886688,-0.886688,-0.886688,-0.886688
3.348000,-0.888136,-0.888136,-0.888136,-0.888136,-0.888136,-0.888136,-0.888136
3.349000,-0.889576,-0.889576,-0.889576,-0.889576,-0.889576,-0.889576,-0.889576
3.350000,-0.891007,-0.891007,-0.891007,-0.891007,-0.891007,-0.891007,-0.891007
3.351000,-0.892428,-0.892428,-0.892428,-0.892428,-0.892428,-0.892428,-0.892428
3.352000,-0.893841,-0.893841,-0.893841,-0.893841,-0.893841,-0.893841,-0.893841
3.353000,-0.895246,-0.895246,-0.895246,-0.895246,-0.895246,-0.895246,-0.895246
3.354000,-0.896641,-0.896641,-0.896641,-0.896641,-0.896641,-0.896641,-0.896641
3.355000,-0.898028,-0.898028,-0.898028,-0.898028,-0.898028,-0.898028,-0.898028
3.356000,-0.899405,-0.899405,-0.899405,-0.899405,-0.899405,-0.899405,-0.899405
3.357000,-0.900774,-0.900774,-0.900774,-0.900774,-0.900774,-0.900774,-0.900774
3.358000,-0.902134,-0.902134,-0.902134,-0.902134,-0.902134,-0.902134,-0.902134
3.359000,-0.903485,-0.903485,-0.903485,-0.903485,-0.903485,-0.903485,-0.903485
3.360000,-0.904827,-0.904827,-0.904827,-0.904827,-0.904827,-0.904827,-0.904827
3.361000,-0.906160,-0.906160,-0.906160,-0.906160,-0.906160,-0.906160,-0.906160
3.362000,-0.907484,-0.907484,-0.907484,-0.907484,-0.907484,-0.907484,-0.907484
3.363000,-0.908800,-0.908800,-0.908800,-0.908800,-0.908800,-0.908800,-0.908800
3.364000,-0.910106,-0.910106,-0.910106,-0.910106,-0.910106,-0.910106,-0.910106
3.365000,-0.911403,-0.911403,-0.911403,-0.911403,-0.911403,-0.911403,-0.911403
3.366000,-0.912692,-0.912692,-0.912692,-0.912692,-0.912692,-0.912692,-0.912692
3.367000,-0.913971,-0.913971,-0.913971,-0.913971,-0.913971,-0.913971,-0.913971
3.368000,-0.915241,-0.915241,-0.915241,-0.915241,-0.915241,-0.915241,-0.915241
3.369000,-0.916502,-0.916502,-0.916502,-0.916502,-0.916502,-0.916502,-0.916502
3.370000,-0.917755,-0.917755,-0.917755,-0.917755,-0.917755,-0.917755,-0.917755
3.371000,-0.918998,-0.918998,-0.918998,-0.918998,-0.918998,-0.918998,-0.918998
3.372000,-0.920232,-0.920232,-0.920232,-0.920232,-0.920232,-0.920232,-0.920232
3.373000,-0.921457,-0.921457,-0.921457,-0.921457,-0.921457,-0.921457,-0.921457
3.374000,-0.922673,-0.922673,-0.922673,-0.922673,-0.922673,-0.922673,-0.922673
3.375000,-0.923880,-0.923880,-0.923880,-0.923880,-0.923880,-0.923880,-0.923880
3.376000,-0.925077,-0.925077,-0.925077,-0.925077,-0.925077,-0.925077,-0.925077
3.377000,-0.926266,-0.926266,-0.926266,-0.926266,-0.926266,-0.926266,-0.926266
3.378000,-0.927445,-0.927445,-0.927445,-0.927445,-0.927445,-0.927445,-0.927445
3.379000,-0.928615,-0.928615,-0.928615,-0.928615,-0.928615,-0.928615,-0.928615
3.380000,-0.929776,-0.929776,-0.929776,-0.929776,-0.929776,-0.929776,-0.929776
3.381000,-0.930928,-0.930928,-0.930928,-0.930928,-0.930928,-0.930928,-0.930928
3.382000,-0.932071,-0.932071,-0.932071,-0.932071,-0.932071,-0.932071,-0.932071
3.383000,-0.933205,-0.933205,-0.933205,-0.933205,-0.933205,-0.933205,-0.933205
3.384000,-0.934329,-0.934329,-0.934329,-0.934329,-0.934329,-0.934329,-0.934329
3.385000,-0.935444,-0.935444,-0.935444,-0.935444,-0.935444,-0.935444,-0.935444
3.386000,-0.936550,-0.936550,-0.936550,-0.936550,-0.936550,-0.936550,-0.936550
3.387000,-0.937646,-0.937646,-0.937646,-0.937646,-0.937646,-0.937646,-0.937646
3.388000,-0.938734,-0.938734,-0.938734,-0.938734,-0.938734,-0.938734,-0.938734
3.389000,-0.939812,-0.939812,-0.939812,-0.939812,-0.939812,-0.939812,-0.939812
3.390000,-0.940881,-0.940881,-0.940881,-0.940881,-0.940881,-0.940881,-0.940881
3.391000,-0.941940,-0.941940,-0.941940,-0.941940,-0.941940,-0.941940,-0.941940
3.392000,-0.942991,-0.942991,-0.942991,-0.942991,-0.942991,-0.942991,-0.942991
3.393000,-0.944031,-0.944031,-0.944031,-0.944031,-0.944031,-0.944031,-0.944031
3.394000,-0.945063,-0.945063,-0.945063,-0.945063,-0.945063,-0.945063,-0.945063
3.395000,-0.946085,-0.946085,-0.946085,-0.946085,-0.946085,-0.946085,-0.946085
3.396000,-0.947098,-0.947098,-0.947098,-0.947098,-0.947098,-0.947098,-0.947098
3.397000,-0.948102,-0.948102,-0.948102,-0.948102,-0.948102,-0.948102,-0.948102
3.398000,-0.949096,-0.949096,-0.949096,-0.949096,-0.949096,-0.949096,-0.949096
3.399000,-0.950081,-0.950081,-0.950081,-0.950081,-0.950081,-0.950081,-0.950081
3.400000,-0.951057,-0.951057,-0.951057,-0.951057,-0.951057,-0.951057,-0.951057
3.401000,-0.952023,-0.952023,-0.952023,-0.952023,-0.952023,-0.952023,-0.952023
3.402000,-0.952979,-0.952979,-0.952979,-0.952979,-0.952979,-0.952979,-0.952979
3.403000,-0.953927,-0.953927,-0.953927,-0.953927,-0.953927,-0.953927,-0.953927
3.404000,-0.954865,-0.954865,-0.954865,-0.954865,-0.954865,-0.954865,-0.954865
3.405000,-0.955793,-0.955793,-0.955793,-0.955793,-0.955793,-0.955793,-0.955793
3.406000,-0.956712,-0.956712,-0.956712,-0.956712,-0.956712,-0.956712,-0.956712
3.407000,-0.957622,-0.957622,-0.957622,-0.957622,-0.957622,-0.957622,-0.957622
3.408000,-0.958522,-0.958522,-0.958522,-0.958522,-0.958522,-0.958522,-0.958522
3.409000,-0.959412,-0.959412,-0.959412,-0.959412,-0.959412,-0.959412,-0.959412
3.410000,-0.960294,-0.960294,-0.960294,-0.960294,-0.960294,-0.960294,-0.960294
3.411000,-0.961165,-0.961165,-0.961165,-0.961165,-0.961165,-0.961165,-0.961165
3.412000,-0.962028,-0.962028,-0.962028,-0.962028,-0.962028,-0.962028,-0.962028
3.413000,-0.962880,-0.962880,-0.962880,-0.962880,-0.962880,-0.962880,-0.962880
3.414000,-0.963724,-0.963724,-0.963724,-0.963724,-0.963724,-0.963724,-0.963724
3.415000,-0.964557,-0.964557,-0.964557,-0.964557,-0.964557,-0.964557,-0.964557
3.416000,-0.965382,-0.965382,-0.965382,-0.965382,-0.965382,-0.965382,-0.965382
3.417000,-0.966196,-0.966196,-0.966196,-0.966196,-0.966196,-0.966196,-0.966196
3.418000,-0.967001,-0.967001,-0.967001,-0.967001,-0.967001,-0.967001,-0.967001
3.419000,-0.967797,-0.967797,-0.967797,-0.967797,-0.967797,-0.967797,-0.967797
3.420000,-0.968583,-0.968583,-0.968583,-0.968583,-0.968583,-0.968583,-0.968583
3.421000,-0.969360,-0.969360,-0.969360,-0.969360,-0.969360,-0.969360,-0.969360
3.422000,-0.970127,-0.970127,-0.970127,-0.970127,-0.970127,-0.970127,-0.970127
3.423000,-0.970884,-0.970884,-0.970884,-0.970884,-0.970884,-0.970884,-0.970884
3.424000,-0.971632,-0.971632,-0.971632,-0.971632,-0.971632,-0.971632,-0.971632
3.425000,-0.972370,-0.972370,-0.972370,-0.972370,-0.972370,-0.972370,-0.972370
3.426000,-0.973099,-0.973099,-0.973099,-0.973099,-0.973099,-0.973099,-0.973099
3.427000,-0.973817,-0.973817,-0.973817,-0.973817,-0.973817,-0.973817,-0.973817
3.428000,-0.974527,-0.974527,-0.974527,-0.974527,-0.974527,-0.974527,-0.974527
3.429000,-0.975227,-0.975227,-0.975227,-0.975227,-0.975227,-0.975227,-0.975227
3.430000,-0.975917,-0.975917,-0.975917,-0.975917,-0.975917,-0.975917,-0.975917
3.431000,-0.976597,-0.976597,-0.976597,-0.976597,-0.976597,-0.976597,-0.976597
3.432000,-0.977268,-0.977268,-0.977268,-0.977268,-0.977268,-0.977268,-0.977268
3.433000,-0.977929,-0.977929,-0.977929,-0.977929,-0.977929,-0.977929,-0.977929
3.434000,-0.978581,-0.978581,-0.978581,-0.978581,-0.978581,-0.978581,-0.978581
3.435000,-0.979223,-0.979223,-0.979223,-0.979223,-0.979223,-0.979223,-0.979223
3.436000,-0.979855,-0.979855,-0.979855,-0.979855,-0.979855,-0.979855,-0.979855
3.437000,-0.980478,-0.980478,-0.980478,-0.980478,-0.980478,-0.980478,-0.980478
3.438000,-0.981091,-0.981091,-0.981091,-0.981091,-0.981091,-0.981091,-0.981091
3.439000,-0.981694,-0.981694,-0.981694,-0.981694,-0.981694,-0.981694,-0.981694
3.440000,-0.982287,-0.982287,-0.982287,-0.982287,-0.982287,-0.982287,-0.982287
3.441000,-0.982871,-0.982871,-0.982871,-0.982871,-0.982871,-0.982871,-0.982871
3.442000,-0.983445,-0.983445,-0.983445,-0.983445,-0.983445,-0.983445,-0.983445
3.443000,-0.984010,-0.984010,-0.984010,-0.984010,-0.984010,-0.984010,-0.984010
3.444000,-0.984564,-0.984564,-0.984564,-0.984564,-0.984564,-0.984564,-0.984564
3.445000,-0.985109,-0.985109,-0.985109,-0.985109,-0.985109,-0.985109,-0.985109
3.446000,-0.985645,-0.985645,-0.985645,-0.985645,-0.985645,-0.985645,-0.985645
3.447000,-0.986170,-0.986170,-0.986170,-0.986170,-0.986170,-0.986170,-0.986170
3.448000,-0.986686,-0.986686,-0.986686,-0.986686,-0.986686,-0.986686,-0.986686
3.449000,-0.987192,-0.987192,-0.987192,-0.987192,-0.987192,-0.987192,-0.987192
3.450000,-0.987688,-0.987688,-0.987688,-0.987688,-0.987688,-0.987688,-0.987688
3.451000,-0.988175,-0.988175,-0.988175,-0.988175,-0.988175,-0.988175,-0.988175
3.452000,-0.988652,-0.988652,-0.988652,-0.988652,-0.988652,-0.988652,-0.988652
3.453000,-0.989119,-0.989119,-0.989119,-0.989119,-0.989119,-0.989119,-0.989119
3.454000,-0.989576,-0.989576,-0.989576,-0.989576,-0.989576,-0.989576,-0.989576
3.455000,-0.990024,-0.990024,-0.990024,-0.990024,-0.990024,-0.990024,-0.990024
3.456000,-0.990461,-0.990461,-0.990461,-0.990461,-0.990461,-0.990461,-0.990461
3.457000,-0.990889,-0.990889,-0.990889,-0.990889,-0.990889,-0.990889,-0.990889
3.458000,-0.991308,-0.991308,-0.991308,-0.991308,-0.991308,-0.991308,-0.991308
3.459000,-0.991716,-0.991716,-0.991716,-0.991716,-0.991716,-0.991716,-0.991716
3.460000,-0.992115,-0.992115,-0.992115,-0.992115,-0.992115,-0.992115,-0.992115
3.461000,-0.992504,-0.992504,-0.992504,-0.992504,-0.992504,-0.992504,-0.992504
3.462000,-0.992883,-0.992883,-0.992883,-0.992883,-0.992883,-0.992883,-0.992883
3.463000,-0.993252,-0.993252,-0.993252,-0.993252,-0.993252,-0.993252,-0.993252
3.464000,-0.993611,-0.993611,-0.993611,-0.993611,-0.993611,-0.993611,-0.993611
3.465000,-0.993961,-0.993961,-0.993961,-0.993961,-0.993961,-0.993961,-0.993961
3.466000,-0.994301,-0.994301,-0.994301,-0.994301,-0.994301,-0.994301,-0.994301
3.467000,-0.994631,-0.994631,-0.994631,-0.994631,-0.994631,-0.994631,-0.994631
3.468000,-0.994951,-0.994951,-0.994951,-0.994951,-0.994951,-0.994951,-0.994951
3.469000,-0.995261,-0.995261,-0.995261,-0.995261,-0.995261,-0.995261,-0.995261
3.470000,-0.995562,-0.995562,-0.995562,-0.995562,-0.995562,-0.995562,-0.995562
3.471000,-0.995853,-0.995853,-0.995853,-0.995853,-0.995853,-0.995853,-0.995853
3.472000,-0.996134,-0.996134,-0.996134,-0.996134,-0.996134,-0.996134,-0.996134
3.473000,-0.996405,-0.996405,-0.996405,-0.996405,-0.996405,-0.996405,-0.996405
3.474000,-0.996666,-0.996666,-0.996666,-0.996666,-0.996666,-0.996666,-0.996666
3.475000,-0.996917,-0.996917,-0.996917,-0.996917,-0.996917,-0.996917,-0.996917
3.476000,-0.997159,-0.997159,-0.997159,-0.997159,-0.997159,-0.997159,-0.997159
3.477000,-0.997391,-0.997391,-0.997391,-0.997391,-0.997391,-0.997391,-0.997391
3.478000,-0.997613,-0.997613,-0.997613,-0.997613,-0.997613,-0.997613,-0.997613
3.479000,-0.997825,-0.997825,-0.997825,-0.997825,-0.997825,-0.997825,-0.997825
3.480000,-0.998027,-0.998027,-0.998027,-0.998027,-0.998027,-0.998027,-0.998027
3.481000,-0.998219,-0.998219,-0.998219,-0.998219,-0.998219,-0.998219,-0.998219
3.482000,-0.998402,-0.998402,-0.998402,-0.998402,-0.998402,-0.998402,-0.998402
3.483000,-0.998574,-0.998574,-0.998574,-0.998574,-0.998574,-0.998574,-0.998574
3.484000,-0.998737,-0.998737,-0.998737,-0.998737,-0.998737,-0.998737,-0.998737
3.485000,-0.998890,-0.998890,-0.998890,-0.998890,-0.998890,-0.998890,-0.998890
3.486000,-0.999033,-0.999033,-0.999033,-0.999033,-0.999033,-0.999033,-0.999033
3.487000,-0.999166,-0.999166,-0.999166,-0.999166,-0.999166,-0.999166,-0.999166
3.488000,-0.999289,-0.999289,-0.999289,-0.999289,-0.999289,-0.999289,-0.999289
3.489000,-0.999403,-0.999403,-0.999403,-0.999403,-0.999403,-0.999403,-0.999403
3.490000,-0.999507,-0.999507,-0.999507,-0.999507,-0.999507,-0.999507,-0.999507
3.491000,-0.999600,-0.999600,-0.999600,-0.999600,-0.999600,-0.999600,-0.999600
3.492000,-0.999684,-0.999684,-0.999684,-0.999684,-0.999684,-0.999684,-0.999684
3.493000,-0.999758,-0.999758,-0.999758,-0.999758,-0.999758,-0.999758,-0.999758
3.494000,-0.999822,-0.999822,-0.999822,-0.999822,-0.999822,-0.999822,-0.999822
3.495000,-0.999877,-0.999877,-0.999877,-0.999877,-0.999877,-0.999877,-0.999877
3.496000,-0.999921,-0.999921,-0.999921,-0.999921,-0.999921,-0.999921,-0.999921
3.497000,-0.999956,-0.999956,-0.999956,-0.999956,-0.999956,-0.999956,-0.999956
3.498000,-0.999980,-0.999980,-0.999980,-0.999980,-0.999980,-0.999980,-0.999980
3.499000,-0.999995,-0.999995,-0.999995,-0.999995,-0.999995,-0.999995,-0.999995
3.500000,-1.000000,-1.000000,-1.000000,-1.000000,-1.000000,-1.000000,-1.000000
3.501000,-0.999995,-0.999995,-0.999995,-0.999995,-0.999995,-0.999995,-0.999995
3.502000,-0.999980,-0.999980,-0.999980,-0.999980,-0.999980,-0.999980,-0.999980
3.503000,-0.999956,-0.999956,-0.999956,-0.999956,-0.999956,-0.999956,-0.999956
3.504000,-0.999921,-0.999921,-0.999921,-0.999921,-0.999921,-0.999921,-0.999921
3.505000,-0.999877,-0.999877,-0.999877,-0.999877,-0.999877,-0.999877,-0.999877
3.506000,-0.999822,-0.999822,-0.999822,-0.999822,-0.999822,-0.999822,-0.999822
3.507000,-0.999758,-0.999758,-0.999758,-0.999758,-0.999758,-0.999758,-0.999758
3.508000,-0.999684,-0.999684,-0.999684,-0.999684,-0.999684,-0.999684,-0.999684
3.509000,-0.999600,-0.999600,-0.999600,-0.999600,-0.999600,-0.999600,-0.999600
3.510000,-0.999507,-0.999507,-0.999507,-0.999507,-0.999507,-0.999507,-0.999507
3.511000,-0.999403,-0.999403,-0.999403,-0.999403,-0.999403,-0.999403,-0.999403
3.512000,-0.999289,-0.999289,-0.999289,-0.999289,-0.999289,-0.999289,-0.999289
3.513000,-0.999166,-0.999166,-0.999166,-0.999166,-0.999166,-0.999166,-0.999166
3.514000,-0.999033,-0.999033,-0.999033,-0.999033,-0.999033,-0.999033,-0.999033
3.515000,-0.998890,-0.998890,-0.998890,-0.998890,-0.998890,-0.998890,-0.998890
3.516000,-0.998737,-0.998737,-0.998737,-0.998737,-0.998737,-0.998737,-0.998737
3.517000,-0.998574,-0.998574,-0.998574,-0.998574,-0.998574,-0.998574,-0.998574
3.518000,-0.998402,-0.998402,-0.998402,-0.998402,-0.998402,-0.998402,-0.998402
3.519000,-0.998219,-0.998219,-0.998219,-0.998219,-0.998219,-0.998219,-0.998219
3.520000,-0.998027,-0.998027,-0.998027,-0.998027,-0.998027,-0.998027,-0.998027
3.521000,-0.997825,-0.997825,-0.997825,-0.997825,-0.997825,-0.997825,-0.997825
3.522000,-0.997613,-0.997613,-0.997613,-0.997613,-0.997613,-0.997613,-0.997613
3.523000,-0.997391,-0.997391,-0.997391,-0.997391,-0.997391,-0.997391,-0.997391
3.524000,-0.997159,-0.997159,-0.997159,-0.997159,-0.997159,-0.997159,-0.997159
3.525000,-0.996917,-0.996917,-0.996917,-0.996917,-0.996917,-0.996917,-0.996917
3.526000,-0.996666,-0.996666,-0.996666,-0.996666,-0.996666,-0.996666,-0.996666
3.527000,-0.996405,-0.996405,-0.996405,-0.996405,-0.996405,-0.996405,-0.996405
3.528000,-0.996134,-0.996134,-0.996134,-0.996134,-0.996134,-0.996134,-0.996134
3.529000,-0.995853,-0.995853,-0.995853,-0.995853,-0.995853,-0.995853,-0.995853
3.530000,-0.995562,-0.995562,-0.995562,-0.995562,-0.995562,-0.995562,-0.995562
3.531000,-0.995261,-0.995261,-0.995261,-0.995261,-0.995261,-0.995261,-0.995261
3.532000,-0.994951,-0.994951,-0.994951,-0.994951,-0.994951,-0.994951,-0.994951
3.533000,-0.994631,-0.994631,-0.994631,-0.994631,-0.994631,-0.994631,-0.994631
3.534000,-0.994301,-0.994301,-0.994301,-0.994301,-0.994301,-0.994301,-0.994301
3.535000,-0.993961,-0.993961,-0.993961,-0.993961,-0.993961,-0.993961,-0.993961
3.536000,-0.993611,-0.993611,-0.993611,-0.993611,-0.993611,-0.993611,-0.993611
3.537000,-0.993252,-0.993252,-0.993252,-0.993252,-0.993252,-0.993252,-0.993252
3.538000,-0.992883,-0.992883,-0.992883,-0.992883,-0.992883,-0.992883,-0.992883
3.539000,-0.992504,-0.992504,-0.992504,-0.992504,-0.992504,-0.992504,-0.992504
3.540000,-0.992115,-0.992115,-0.992115,-0.992115,-0.992115,-0.992115,-0.992115
3.541000,-0.991716,-0.991716,-0.991716,-0.991716,-0.991716,-0.991716,-0.991716
3.542000,-0.991308,-0.991308,-0.991308,-0.991308,-0.991308,-0.991308,-0.991308
3.543000,-0.990889,-0.990889,-0.990889,-0.990889,-0.990889,-0.990889,-0.990889
3.544000,-0.990461,-0.990461,-0.990461,-0.990461,-0.990461,-0.990461,-0.990461
3.545000,-0.990024,-0.990024,-0.990024,-0.990024,-0.990024,-0.990024,-0.990024
3.546000,-0.989576,-0.989576,-0.989576,-0.989576,-0.989576,-0.989576,-0.989576
3.547000,-0.989119,-0.989119,-0.989119,-0.989119,-0.989119,-0.989119,-0.989119
3.548000,-0.988652,-0.988652,-0.988652,-0.988652,-0.988652,-0.988652,-0.988652
3.549000,-0.988175,-0.988175,-0.988175,-0.988175,-0.988175,-0.988175,-0.988175
3.550000,-0.987688,-0.987688,-0.987688,-0.987688,-0.987688,-0.987688,-0.987688
3.551000,-0.987192,-0.987192,-0.987192,-0.987192,-0.987192,-0.987192,-0.987192
3.552000,-0.986686,-0.986686,-0.986686,-0.986686,-0.986686,-0.986686,-0.986686
3.553000,-0.986170,-0.986170,-0.986170,-0.986170,-0.986170,-0.986170,-0.986170
3.554000,-0.985645,-0.985645,-0.985645,-0.985645,-0.985645,-0.985645,-0.985645
3.555000,-0.985109,-0.985109,-0.985109,-0.985109,-0.985109,-0.985109,-0.985109
3.556000,-0.984564,-0.984564,-0.984564,-0.984564,-0.984564,-0.984564,-0.984564
3.557000,-0.984010,-0.984010,-0.984010,-0.984010,-0.984010,-0.984010,-0.984010
3.558000,-0.983445,-0.983445,-0.983445,-0.983445,-0.983445,-0.983445,-0.983445
3.559000,-0.982871,-0.982871,-0.982871,-0.982871,-0.982871,-0.982871,-0.982871
3.560000,-0.982287,-0.982287,-0.982287,-0.982287,-0.982287,-0.982287,-0.982287
3.561000,-0.981694,-0.981694,-0.981694,-0.981694,-0.981694,-0.981694,-0.981694
3.562000,-0.981091,-0.981091,-0.981091,-0.981091,-0.981091,-0.981091,-0.981091
3.563000,-0.980478,-0.980478,-0.980478,-0.980478,-0.980478,-0.980478,-0.980478
3.564000,-0.979855,-0.979855,-0.979855,-0.979855,-0.979855,-0.979855,-0.979855
3.565000,-0.979223,-0.979223,-0.979223,-0.979223,-0.979223,-0.979223,-0.979223
3.566000,-0.978581,-0.978581,-0.978581,-0.978581,-0.978581,-0.978581,-0.978581
3.567000,-0.977929,-0.977929,-0.977929,-0.977929,-0.977929,-0.977929,-0.977929
3.568000,-0.977268,-0.977268,-0.977268,-0.977268,-0.977268,-0.977268,-0.977268
3.569000,-0.976597,-0.976597,-0.976597,-0.976597,-0.976597,-0.976597,-0.976597
3.570000,-0.975917,-0.975917,-0.975917,-0.975917,-0.975917,-0.975917,-0.975917
3.571000,-0.975227,-0.975227,-0.975227,-0.975227,-0.975227,-0.975227,-0.975227
3.572000,-0.974527,-0.974527,-0.974527,-0.974527,-0.974527,-0.974527,-0.974527
3.573000,-0.973817,-0.973817,-0.973817,-0.973817,-0.973817,-0.973817,-0.973817
3.574000,-0.973099,-0.973099,-0.973099,-0.973099,-0.973099,-0.973099,-0.973099
3.575000,-0.972370,-0.972370,-0.972370,-0.972370,-0.972370,-0.972370,-0.972370
3.576000,-0.971632,-0.971632,-0.971632,-0.971632,-0.971632,-0.971632,-0.971632
3.577000,-0.970884,-0.970884,-0.970884,-0.970884,-0.970884,-0.970884,-0.970884
3.578000,-0.970127,-0.970127,-0.970127,-0.970127,-0.970127,-0.970127,-0.970127
3.579000,-0.969360,-0.969360,-0.969360,-0.969360,-0.969360,-0.969360,-0.969360
3.580000,-0.968583,-0.968583,-0.968583,-0.968583,-0.968583,-0.968583,-0.968583
3.581000,-0.967797,-0.967797,-0.967797,-0.967797,-0.967797,-0.967797,-0.967797
3.582000,-0.967001,-0.967001,-0.967001,-0.967001,-0.967001,-0.967001,-0.967001
3.583000,-0.966196,-0.966196,-0.966196,-0.966196,-0.966196,-0.966196,-0.966196
3.584000,-0.965382,-0.965382,-0.965382,-0.965382,-0.965382,-0.965382,-0.965382
3.585000,-0.964557,-0.964557,-0.964557,-0.964557,-0.964557,-0.964557,-0.964557
3.586000,-0.963724,-0.963724,-0.963724,-0.963724,-0.963724,-0.963724,-0.963724
3.587000,-0.962880,-0.962880,-0.962880,-0.962880,-0.962880,-0.962880,-0.962880
3.588000,-0.962028,-0.962028,-0.962028,-0.962028,-0.962028,-0.962028,-0.962028
3.589000,-0.961165,-0.961165,-0.961165,-0.961165,-0.961165,-0.961165,-0.961165
3.590000,-0.960294,-0.960294,-0.960294,-0.960294,-0.960294,-0.960294,-0.960294
3.591000,-0.959412,-0.959412,-0.959412,-0.959412,-0.959412,-0.959412,-0.959412
3.592000,-0.958522,-0.958522,-0.958522,-0.958522,-0.958522,-0.958522,-0.958522
3.593000,-0.957622,-0.957622,-0.957622,-0.957622,-0.957622,-0.957622,-0.957622
3.594000,-0.956712,-0.956712,-0.956712,-0.956712,-0.956712,-0.956712,-0.956712
3.595000,-0.955793,-0.955793,-0.955793,-0.955793,-0.955793,-0.955793,-0.955793
3.596000,-0.954865,-0.954865,-0.954865,-0.954865,-0.954865,-0.954865,-0.954865
3.597000,-0.953927,-0.953927,-0.953927,-0.953927,-0.953927,-0.953927,-0.953927
3.598000,-0.952979,-0.952979,-0.952979,-0.952979,-0.952979,-0.952979,-0.952979
3.599000,-0.952023,-0.952023,-0.952023,-0.952023,-0.952023,-0.952023,-0.952023
3.600000,-0.951057,-0.951057,-0.951057,-0.951057,-0.951057,-0.951057,-0.951057
3.601000,-0.950081,-0.950081,-0.950081,-0.950081,-0.950081,-0.950081,-0.950081
3.602000,-0.949096,-0.949096,-0.949096,-0.949096,-0.949096,-0.949096,-0.949096
3.603000,-0.948102,-0.948102,-0.948102,-0.948102,-0.948102,-0.948102,-0.948102
3.604000,-0.947098,-0.947098,-0.947098,-0.947098,-0.947098,-0.947098,-0.947098
3.605000,-0.946085,-0.946085,-0.946085,-0.946085,-0.946085,-0.946085,-0.946085
3.606000,-0.945063,-0.945063,-0.945063,-0.945063,-0.945063,-0.945063,-0.945063
3.607000,-0.944031,-0.944031,-0.944031,-0.944031,-0.944031,-0.944031,-0.944031
3.608000,-0.942991,-0.942991,-0.942991,-0.942991,-0.942991,-0.942991,-0.942991
3.609000,-0.941940,-0.941940,-0.941940,-0.941940,-0.941940,-0.941940,-0.941940
3.610000,-0.940881,-0.940881,-0.940881,-0.940881,-0.940881,-0.940881,-0.940881
3.611000,-0.939812,-0.939812,-0.939812,-0.939812,-0.939812,-0.939812,-0.939812
3.612000,-0.938734,-0.938734,-0.938734,-0.938734,-0.938734,-0.938734,-0.938734
3.613000,-0.937646,-0.937646,-0.937646,-0.937646,-0.937646,-0.937646,-0.937646
3.614000,-0.936550,-0.936550,-0.936550,-0.936550,-0.936550,-0.936550,-0.936550
3.615000,-0.935444,-0.935444,-0.935444,-0.935444,-0.935444,-0.935444,-0.935444
3.616000,-0.934329,-0.934329,-0.934329,-0.934329,-0.934329,-0.934329,-0.934329
3.617000,-0.933205,-0.933205,-0.933205,-0.933205,-0.933205,-0.933205,-0.933205
3.618000,-0.932071,-0.932071,-0.932071,-0.932071,-0.932071,-0.932071,-0.932071
3.619000,-0.930928,-0.930928,-0.930928,-0.930928,-0.930928,-0.930928,-0.930928
3.620000,-0.929776,-0.929776,-0.929776,-0.929776,-0.929776,-0.929776,-0.929776
3.621000,-0.928615,-0.928615,-0.928615,-0.928615,-0.928615,-0.928615,-0.928615
3.622000,-0.927445,-0.927445,-0.927445,-0.927445,-0.927445,-0.927445,-0.927445
3.623000,-0.926266,-0.926266,-0.926266,-0.926266,-0.926266,-0.926266,-0.926266
3.624000,-0.925077,-0.925077,-0.925077,-0.925077,-0.925077,-0.925077,-0.925077
3.625000,-0.923880,-0.923880,-0.923880,-0.923880,-0.923880,-0.923880,-0.923880
3.626000,-0.922673,-0.922673,-0.922673,-0.922673,-0.922673,-0.922673,-0.922673
3.627000,-0.921457,-0.921457,-0.921457,-0.921457,-0.921457,-0.921457,-0.921457
3.628000,-0.920232,-0.920232,-0.920232,-0.920232,-0.920232,-0.920232,-0.920232
3.629000,-0.918998,-0.918998,-0.918998,-0.918998,-0.918998,-0.918998,-0.918998
3.630000,-0.917755,-0.917755,-0.917755,-0.917755,-0.917755,-0.917755,-0.917755
3.631000,-0.916502,-0.916502,-0.916502,-0.916502,-0.916502,-0.916502,-0.916502
3.632000,-0.915241,-0.915241,-0.915241,-0.915241,-0.915241,-0.915241,-0.915241
3.633000,-0.913971,-0.913971,-0.913971,-0.913971,-0.913971,-0.913971,-0.913971
3.634000,-0.912692,-0.912692,-0.912692,-0.912692,-0.912692,-0.912692,-0.912692
3.635000,-0.911403,-0.911403,-0.911403,-0.911403,-0.911403,-0.911403,-0.911403
3.636000,-0.910106,-0.910106,-0.910106,-0.910106,-0.910106,-0.910106,-0.910106
3.637000,-0.908800,-0.908800,-0.908800,-0.908800,-0.908800,-0.908800,-0.908800
3.638000,-0.907484,-0.907484,-0.907484,-0.907484,-0.907484,-0.907484,-0.907484
3.639000,-0.906160,-0.906160,-0.906160,-0.906160,-0.906160,-0.906160,-0.906160
3.640000,-0.904827,-0.904827,-0.904827,-0.904827,-0.904827,-0.904827,-0.904827
3.641000,-0.903485,-0.903485,-0.903485,-0.903485,-0.903485,-0.903485,-0.903485
3.642000,-0.902134,-0.902134,-0.902134,-0.902134,-0.902134,-0.902134,-0.902134
3.643000,-0.900774,-0.900774,-0.900774,-0.900774,-0.900774,-0.900774,-0.900774
3.644000,-0.899405,-0.899405,-0.899405,-0.899405,-0.899405,-0.899405,-0.899405
3.645000,-0.898028,-0.898028,-0.898028,-0.898028,-0.898028,-0.898028,-0.898028
3.646000,-0.896641,-0.896641,-0.896641,-0.896641,-0.896641,-0.896641,-0.896641
3.647000,-0.895246,-0.895246,-0.895246,-0.895246,-0.895246,-0.895246,-0.895246
3.648000,-0.893841,-0.893841,-0.893841,-0.893841,-0.893841,-0.893841,-0.893841
3.649000,-0.892428,-0.892428,-0.892428,-0.892428,-0.892428,-0.892428,-0.892428
3.650000,-0.891007,-0.891007,-0.891007,-0.891007,-0.891007,-0.891007,-0.891007
3.651000,-0.889576,-0.889576,-0.889576,-0.889576,-0.889576,-0.889576,-0.889576
3.652000,-0.888136,-0.888136,-0.888136,-0.888136,-0.888136,-0.888136,-0.888136
3.653000,-0.886688,-0.886688,-0.886688,-0.886688,-0.886688,-0.886688,-0.886688
3.654000,-0.885231,-0.885231,-0.885231,-0.885231,-0.885231,-0.885231,-0.885231
3.655000,-0.883766,-0.883766,-0.883766,-0.883766,-0.883766,-0.883766,-0.883766
3.656000,-0.882291,-0.882291,-0.882291,-0.882291,-0.882291,-0.882291,-0.882291
3.657000,-0.880808,-0.880808,-0.880808,-0.880808,-0.880808,-0.880808,-0.880808
3.658000,-0.879316,-0.879316,-0.879316,-0.879316,-0.879316,-0.879316,-0.879316
3.659000,-0.877816,-0.877816,-0.877816,-0.877816,-0.877816,-0.877816,-0.877816
3.660000,-0.876307,-0.876307,-0.876307,-0.876307,-0.876307,-0.876307,-0.876307
3.661000,-0.874789,-0.874789,-0.874789,-0.874789,-0.874789,-0.874789,-0.874789
3.662000,-0.873262,-0.873262,-0.873262,-0.873262,-0.873262,-0.873262,-0.873262
3.663000,-0.871727,-0.871727,-0.871727,-0.871727,-0.871727,-0.871727,-0.871727
3.664000,-0.870184,-0.870184,-0.870184,-0.870184,-0.870184,-0.870184,-0.870184
3.665000,-0.868632,-0.868632,-0.868632,-0.868632,-0.868632,-0.868632,-0.868632
3.666000,-0.867071,-0.867071,-0.867071,-0.867071,-0.867071,-0.867071,-0.867071
3.667000,-0.865501,-0.865501,-0.865501,-0.865501,-0.865501,-0.865501,-0.865501
3.668000,-0.863923,-0.863923,-0.863923,-0.863923,-0.863923,-0.863923,-0.863923
3.669000,-0.862337,-0.862337,-0.862337,-0.862337,-0.862337,-0.862337,-0.862337
3.670000,-0.860742,-0.860742,-0.860742,-0.860742,-0.860742,-0.860742,-0.860742
3.671000,-0.859139,-0.859139,-0.859139,-0.859139,-0.859139,-0.859139,-0.859139
3.672000,-0.857527,-0.857527,-0.857527,-0.857527,-0.857527,-0.857527,-0.857527
3.673000,-0.855906,-0.855906,-0.855906,-0.855906,-0.855906,-0.855906,-0.855906
3.674000,-0.854277,-0.854277,-0.854277,-0.854277,-0.854277,-0.854277,-0.854277
3.675000,-0.852640,-0.852640,-0.852640,-0.852640,-0.852640,-0.852640,-0.852640
3.676000,-0.850994,-0.850994,-0.850994,-0.850994,-0.850994,-0.850994,-0.850994
3.677000,-0.849340,-0.849340,-0.849340,-0.849340,-0.849340,-0.849340,-0.849340
3.678000,-0.847678,-0.847678,-0.847678,-0.847678,-0.847678,-0.847678,-0.847678
3.679000,-0.846007,-0.846007,-0.846007,-0.846007,-0.846007,-0.846007,-0.846007
3.680000,-0.844328,-0.844328,-0.844328,-0.844328,-0.844328,-0.844328,-0.844328
3.681000,-0.842640,-0.842640,-0.842640,-0.842640,-0.842640,-0.842640,-0.842640
3.682000,-0.840945,-0.840945,-0.840945,-0.840945,-0.840945,-0.840945,-0.840945
3.683000,-0.839240,-0.839240,-0.839240,-0.839240,-0.839240,-0.839240,-0.839240
3.684000,-0.837528,-0.837528,-0.837528,-0.837528,-0.837528,-0.837528,-0.837528
3.685000,-0.835807,-0.835807,-0.835807,-0.835807,-0.835807,-0.835807,-0.835807
3.686000,-0.834078,-0.834078,-0.834078,-0.834078,-0.834078,-0.834078,-0.834078
3.687000,-0.832341,-0.832341,-0.832341,-0.832341,-0.832341,-0.832341,-0.832341
3.688000,-0.830596,-0.830596,-0.830596,-0.830596,-0.830596,-0.830596,-0.830596
3.689000,-0.828842,-0.828842,-0.828842,-0.828842,-0.828842,-0.828842,-0.828842
3.690000,-0.827081,-0.827081,-0.827081,-0.827081,-0.827081,-0.827081,-0.827081
3.691000,-0.825311,-0.825311,-0.825311,-0.825311,-0.825311,-0.825311,-0.825311
3.692000,-0.823533,-0.823533,-0.823533,-0.823533,-0.823533,-0.823533,-0.823533
3.693000,-0.821746,-0.821746,-0.821746,-0.821746,-0.821746,-0.821746,-0.821746
3.694000,-0.819952,-0.819952,-0.819952,-0.819952,-0.819952,-0.819952,-0.819952
3.695000,-0.818150,-0.818150,-0.818150,-0.818150,-0.818150,-0.818150,-0.818150
3.696000,-0.816339,-0.816339,-0.816339,-0.816339,-0.816339,-0.816339,-0.816339
3.697000,-0.814521,-0.814521,-0.814521,-0.814521,-0.814521,-0.814521,-0.814521
3.698000,-0.812694,-0.812694,-0.812694,-0.812694,-0.812694,-0.812694,-0.812694
3.699000,-0.810860,-0.810860,-0.810860,-0.810860,-0.810860,-0.810860,-0.810860
3.700000,-0.809017,-0.809017,-0.809017,-0.809017,-0.809017,-0.809017,-0.809017
3.701000,-0.807166,-0.807166,-0.807166,-0.807166,-0.807166,-0.807166,-0.807166
3.702000,-0.805308,-0.805308,-0.805308,-0.805308,-0.805308,-0.805308,-0.805308
3.703000,-0.803441,-0.803441,-0.803441,-0.803441,-0.803441,-0.803441,-0.803441
3.704000,-0.801567,-0.801567,-0.801567,-0.801567,-0.801567,-0.801567,-0.801567
3.705000,-0.799685,-0.799685,-0.799685,-0.799685,-0.799685,-0.799685,-0.799685
3.706000,-0.797794,-0.797794,-0.797794,-0.797794,-0.797794,-0.797794,-0.797794
3.707000,-0.795896,-0.795896,-0.795896,-0.795896,-0.795896,-0.795896,-0.795896
3.708000,-0.793990,-0.793990,-0.793990,-0.793990,-0.793990,-0.793990,-0.793990
3.709000,-0.792077,-0.792077,-0.792077,-0.792077,-0.792077,-0.792077,-0.792077
3.710000,-0.790155,-0.790155,-0.790155,-0.790155,-0.790155,-0.790155,-0.790155
3.711000,-0.788226,-0.788226,-0.788226,-0.788226,-0.788226,-0.788226,-0.788226
3.712000,-0.786288,-0.786288,-0.786288,-0.786288,-0.786288,-0.786288,-0.786288
3.713000,-0.784343,-0.784343,-0.784343,-0.784343,-0.784343,-0.784343,-0.784343
3.714000,-0.782391,-0.782391,-0.782391,-0.782391,-0.782391,-0.782391,-0.782391
3.715000,-0.780430,-0.780430,-0.780430,-0.780430,-0.780430,-0.780430,-0.780430
3.716000,-0.778462,-0.778462,-0.778462,-0.778462,-0.778462,-0.778462,-0.778462
3.717000,-0.776487,-0.776487,-0.776487,-0.776487,-0.776487,-0.776487,-0.776487
3.718000,-0.774503,-0.774503,-0.774503,-0.774503,-0.774503,-0.774503,-0.774503
3.719000,-0.772512,-0.772512,-0.772512,-0.772512,-0.772512,-0.772512,-0.772512
3.720000,-0.770513,-0.770513,-0.770513,-0.770513,-0.770513,-0.770513,-0.770513
3.721000,-0.768507,-0.768507,-0.768507,-0.768507,-0.768507,-0.768507,-0.768507
3.722000,-0.766493,-0.766493,-0.766493,-0.766493,-0.766493,-0.766493,-0.766493
3.723000,-0.764472,-0.764472,-0.764472,-0.764472,-0.764472,-0.764472,-0.764472
3.724000,-0.762443,-0.762443,-0.762443,-0.762443,-0.762443,-0.762443,-0.762443
3.725000,-0.760406,-0.760406,-0.760406,-0.760406,-0.760406,-0.760406,-0.760406
3.726000,-0.758362,-0.758362,-0.758362,-0.758362,-0.758362,-0.758362,-0.758362
3.727000,-0.756310,-0.756310,-0.756310,-0.756310,-0.756310,-0.756310,-0.756310
3.728000,-0.754251,-0.754251,-0.754251,-0.754251,-0.754251,-0.754251,-0.754251
3.729000,-0.752185,-0.752185,-0.752185,-0.752185,-0.752185,-0.752185,-0.752185
3.730000,-0.750111,-0.750111,-0.750111,-0.750111,-0.750111,-0.750111,-0.750111
3.731000,-0.748030,-0.748030,-0.748030,-0.748030,-0.748030,-0.748030,-0.748030
3.732000,-0.745941,-0.745941,-0.745941,-0.745941,-0.745941,-0.745941,-0.745941
3.733000,-0.743845,-0.743845,-0.743845,-0.743845,-0.743845,-0.743845,-0.743845
3.734000,-0.741742,-0.741742,-0.741742,-0.741742,-0.741742,-0.741742,-0.741742
3.735000,-0.739631,-0.739631,-0.739631,-0.739631,-0.739631,-0.739631,-0.739631
3.736000,-0.737513,-0.737513,-0.737513,-0.737513,-0.737513,-0.737513,-0.737513
3.737000,-0.735388,-0.735388,-0.735388,-0.735388,-0.735388,-0.735388,-0.735388
3.738000,-0.733255,-0.733255,-0.733255,-0.733255,-0.733255,-0.733255,-0.733255
3.739000,-0.731116,-0.731116,-0.731116,-0.731116,-0.731116,-0.731116,-0.731116
3.740000,-0.728969,-0.728969,-0.728969,-0.728969,-0.728969,-0.728969,-0.728969
3.741000,-0.726814,-0.726814,-0.726814,-0.726814,-0.726814,-0.726814,-0.726814
3.742000,-0.724653,-0.724653,-0.724653,-0.724653,-0.724653,-0.724653,-0.724653
3.743000,-0.722485,-0.722485,-0.722485,-0.722485,-0.722485,-0.722485,-0.722485
3.744000,-0.720309,-0.720309,-0.720309,-0.720309,-0.720309,-0.720309,-0.720309
3.745000,-0.718126,-0.718126,-0.718126,-0.718126,-0.718126,-0.718126,-0.718126
3.746000,-0.715936,-0.715936,-0.715936,-0.715936,-0.715936,-0.715936,-0.715936
3.747000,-0.713740,-0.713740,-0.713740,-0.713740,-0.713740,-0.713740,-0.713740
3.748000,-0.711536,-0.711536,-0.711536,-0.711536,-0.711536,-0.711536,-0.711536
3.749000,-0.709325,-0.709325,-0.709325,-0.709325,-0.709325,-0.709325,-0.709325
3.750000,-0.707107,-0.707107,-0.707107,-0.707107,-0.707107,-0.707107,-0.707107
3.751000,-0.704882,-0.704882,-0.704882,-0.704882,-0.704882,-0.704882,-0.704882
3.752000,-0.702650,-0.702650,-0.702650,-0.702650,-0.702650,-0.702650,-0.702650
3.753000,-0.700411,-0.700411,-0.700411,-0.700411,-0.700411,-0.700411,-0.700411
3.754000,-0.698165,-0.698165,-0.698165,-0.698165,-0.698165,-0.698165,-0.698165
3.755000,-0.695913,-0.695913,-0.695913,-0.695913,-0.695913,-0.695913,-0.695913
3.756000,-0.693653,-0.693653,-0.693653,-0.693653,-0.693653,-0.693653,-0.693653
3.757000,-0.691387,-0.691387,-0.691387,-0.691387,-0.691387,-0.691387,-0.691387
3.758000,-0.689114,-0.689114,-0.689114,-0.689114,-0.689114,-0.689114,-0.689114
3.759000,-0.686834,-0.686834,-0.686834,-0.686834,-0.686834,-0.686834,-0.686834
3.760000,-0.684547,-0.684547,-0.684547,-0.684547,-0.684547,-0.684547,-0.684547
3.761000,-0.682254,-0.682254,-0.682254,-0.682254,-0.682254,-0.682254,-0.682254
3.762000,-0.679953,-0.679953,-0.679953,-0.679953,-0.679953,-0.679953,-0.679953
3.763000,-0.677646,-0.677646,-0.677646,-0.677646,-0.677646,-0.677646,-0.677646
3.764000,-0.675333,-0.675333,-0.675333,-0.675333,-0.675333,-0.675333,-0.675333
3.765000,-0.673013,-0.673013,-0.673013,-0.673013,-0.673013,-0.673013,-0.673013
3.766000,-0.670686,-0.670686,-0.670686,-0.670686,-0.670686,-0.670686,-0.670686
3.767000,-0.668352,-0.668352,-0.668352,-0.668352,-0.668352,-0.668352,-0.668352
3.768000,-0.666012,-0.666012,-0.666012,-0.666012,-0.666012,-0.666012,-0.666012
3.769000,-0.663665,-0.663665,-0.663665,-0.663665,-0.663665,-0.663665,-0.663665
3.770000,-0.661312,-0.661312,-0.661312,-0.661312,-0.661312,-0.661312,-0.661312
3.771000,-0.658952,-0.658952,-0.658952,-0.658952,-0.658952,-0.658952,-0.658952
3.772000,-0.656586,-0.656586,-0.656586,-0.656586,-0.656586,-0.656586,-0.656586
3.773000,-0.654213,-0.654213,-0.654213,-0.654213,-0.654213,-0.654213,-0.654213
3.774000,-0.651834,-0.651834,-0.651834,-0.651834,-0.651834,-0.651834,-0.651834
3.775000,-0.649448,-0.649448,-0.649448,-0.649448,-0.649448,-0.649448,-0.649448
3.776000,-0.647056,-0.647056,-0.647056,-0.647056,-0.647056,-0.647056,-0.647056
3.777000,-0.644657,-0.644657,-0.644657,-0.644657,-0.644657,-0.644657,-0.644657
3.778000,-0.642253,-0.642253,-0.642253,-0.642253,-0.642253,-0.642253,-0.642253
3.779000,-0.639841,-0.639841,-0.639841,-0.639841,-0.639841,-0.639841,-0.639841
3.780000,-0.637424,-0.637424,-0.637424,-0.637424,-0.637424,-0.637424,-0.637424
3.781000,-0.635000,-0.635000,-0.635000,-0.635000,-0.635000,-0.635000,-0.635000
3.782000,-0.632570,-0.632570,-0.632570,-0.632570,-0.632570,-0.632570,-0.632570
3.783000,-0.630134,-0.630134,-0.630134,-0.630134,-0.630134,-0.630134,-0.630134
3.784000,-0.627691,-0.627691,-0.627691,-0.627691,-0.627691,-0.627691,-0.627691
3.785000,-0.625243,-0.625243,-0.625243,-0.625243,-0.625243,-0.625243,-0.625243
3.786000,-0.622788,-0.622788,-0.622788,-0.622788,-0.622788,-0.622788,-0.622788
3.787000,-0.620327,-0.620327,-0.620327,-0.620327,-0.620327,-0.620327,-0.620327
3.788000,-0.617860,-0.617860,-0.617860,-0.617860,-0.617860,-0.617860,-0.617860
3.789000,-0.615386,-0.615386,-0.615386,-0.615386,-0.615386,-0.615386,-0.615386
3.790000,-0.612907,-0.612907,-0.612907,-0.612907,-0.612907,-0.612907,-0.612907
3.791000,-0.610422,-0.610422,-0.610422,-0.610422,-0.610422,-0.610422,-0.610422
3.792000,-0.607930,-0.607930,-0.607930,-0.607930,-0.607930,-0.607930,-0.607930
3.793000,-0.605433,-0.605433,-0.605433,-0.605433,-0.605433,-0.605433,-0.605433
3.794000,-0.602930,-0.602930,-0.602930,-0.602930,-0.602930,-0.602930,-0.602930
3.795000,-0.600420,-0.600420,-0.600420,-0.600420,-0.600420,-0.600420,-0.600420
3.796000,-0.597905,-0.597905,-0.597905,-0.597905,-0.597905,-0.597905,-0.597905
3.797000,-0.595384,-0.595384,-0.595384,-0.595384,-0.595384,-0.595384,-0.595384
3.798000,-0.592857,-0.592857,-0.592857,-0.592857,-0.592857,-0.592857,-0.592857
3.799000,-0.590324,-0.590324,-0.590324,-0.590324,-0.590324,-0.590324,-0.590324
3.800000,-0.587785,-0.587785,-0.587785,-0.587785,-0.587785,-0.587785,-0.587785
3.801000,-0.585241,-0.585241,-0.585241,-0.585241,-0.585241,-0.585241,-0.585241
3.802000,-0.582690,-0.582690,-0.582690,-0.582690,-0.582690,-0.582690,-0.582690
3.803000,-0.580134,-0.580134,-0.580134,-0.580134,-0.580134,-0.580134,-0.580134
3.804000,-0.577573,-0.577573,-0.577573,-0.577573,-0.577573,-0.577573,-0.577573
3.805000,-0.575005,-0.575005,-0.575005,-0.575005,-0.575005,-0.575005,-0.575005
3.806000,-0.572432,-0.572432,-0.572432,-0.572432,-0.572432,-0.572432,-0.572432
3.807000,-0.569853,-0.569853,-0.569853,-0.569853,-0.569853,-0.569853,-0.569853
3.808000,-0.567269,-0.567269,-0.567269,-0.567269,-0.567269,-0.567269,-0.567269
3.809000,-0.564679,-0.564679,-0.564679,-0.564679,-0.564679,-0.564679,-0.564679
3.810000,-0.562083,-0.562083,-0.562083,-0.562083,-0.562083,-0.562083,-0.562083
3.811000,-0.559482,-0.559482,-0.559482,-0.559482,-0.559482,-0.559482,-0.559482
3.812000,-0.556876,-0.556876,-0.556876,-0.556876,-0.556876,-0.556876,-0.556876
3.813000,-0.554263,-0.554263,-0.554263,-0.554263,-0.554263,-0.554263,-0.554263
3.814000,-0.551646,-0.551646,-0.551646,-0.551646,-0.551646,-0.551646,-0.551646
3.815000,-0.549023,-0.549023,-0.549023,-0.549023,-0.549023,-0.549023,-0.549023
3.816000,-0.546394,-0.546394,-0.546394,-0.546394,-0.546394,-0.546394,-0.546394
3.817000,-0.543760,-0.543760,-0.543760,-0.543760,-0.543760,-0.543760,-0.543760
3.818000,-0.541121,-0.541121,-0.541121,-0.541121,-0.541121,-0.541121,-0.541121
3.819000,-0.538477,-0.538477,-0.538477,-0.538477,-0.538477,-0.538477,-0.538477
3.820000,-0.535827,-0.535827,-0.535827,-0.535827,-0.535827,-0.535827,-0.535827
3.821000,-0.533172,-0.533172,-0.533172,-0.533172,-0.533172,-0.533172,-0.533172
3.822000,-0.530511,-0.530511,-0.530511,-0.530511,-0.530511,-0.530511,-0.530511
3.823000,-0.527846,-0.527846,-0.527846,-0.527846,-0.527846,-0.527846,-0.527846
3.824000,-0.525175,-0.525175,-0.525175,-0.525175,-0.525175,-0.525175,-0.525175
3.825000,-0.522499,-0.522499,-0.522499,-0.522499,-0.522499,-0.522499,-0.522499
3.826000,-0.519817,-0.519817,-0.519817,-0.519817,-0.519817,-0.519817,-0.519817
3.827000,-0.517131,-0.517131,-0.517131,-0.517131,-0.517131,-0.517131,-0.517131
3.828000,-0.514440,-0.514440,-0.514440,-0.514440,-0.514440,-0.514440,-0.514440
3.829000,-0.511743,-0.511743,-0.511743,-0.511743,-0.511743,-0.511743,-0.511743
3.830000,-0.509041,-0.509041,-0.509041,-0.509041,-0.509041,-0.509041,-0.509041
3.831000,-0.506335,-0.506335,-0.506335,-0.506335,-0.506335,-0.506335,-0.506335
3.832000,-0.503623,-0.503623,-0.503623,-0.503623,-0.503623,-0.503623,-0.503623
3.833000,-0.500907,-0.500907,-0.500907,-0.500907,-0.500907,-0.500907,-0.500907
3.834000,-0.498185,-0.498185,-0.498185,-0.498185,-0.498185,-0.498185,-0.498185
3.835000,-0.495459,-0.495459,-0.495459,-0.495459,-0.495459,-0.495459,-0.495459
3.836000,-0.492727,-0.492727,-0.492727,-0.492727,-0.492727,-0.492727,-0.492727
3.837000,-0.489991,-0.489991,-0.489991,-0.489991,-0.489991,-0.489991,-0.489991
3.838000,-0.487250,-0.487250,-0.487250,-0.487250,-0.487250,-0.487250,-0.487250
3.839000,-0.484504,-0.484504,-0.484504,-0.484504,-0.484504,-0.484504,-0.484504
3.840000,-0.481754,-0.481754,-0.481754,-0.481754,-0.481754,-0.481754,-0.481754
3.841000,-0.478998,-0.478998,-0.478998,-0.478998,-0.478998,-0.478998,-0.478998
3.842000,-0.476238,-0.476238,-0.476238,-0.476238,-0.476238,-0.476238,-0.476238
3.843000,-0.473473,-0.473473,-0.473473,-0.473473,-0.473473,-0.473473,-0.473473
3.844000,-0.470704,-0.470704,-0.470704,-0.470704,-0.470704,-0.470704,-0.470704
3.845000,-0.467930,-0.467930,-0.467930,-0.467930,-0.467930,-0.467930,-0.467930
3.846000,-0.465151,-0.465151,-0.465151,-0.465151,-0.465151,-0.465151,-0.465151
3.847000,-0.462368,-0.462368,-0.462368,-0.462368,-0.462368,-0.462368,-0.462368
3.848000,-0.459580,-0.459580,-0.459580,-0.459580,-0.459580,-0.459580,-0.459580
3.849000,-0.456787,-0.456787,-0.456787,-0.456787,-0.456787,-0.456787,-0.456787
3.850000,-0.453990,-0.453990,-0.453990,-0.453990,-0.453990,-0.453990,-0.453990
3.851000,-0.451189,-0.451189,-0.451189,-0.451189,-0.451189,-0.451189,-0.451189
3.852000,-0.448383,-0.448383,-0.448383,-0.448383,-0.448383,-0.448383,-0.448383
3.853000,-0.445573,-0.445573,-0.445573,-0.445573,-0.445573,-0.445573,-0.445573
3.854000,-0.442758,-0.442758,-0.442758,-0.442758,-0.442758,-0.442758,-0.442758
3.855000,-0.439939,-0.439939,-0.439939,-0.439939,-0.439939,-0.439939,-0.439939
3.856000,-0.437116,-0.437116,-0.437116,-0.437116,-0.437116,-0.437116,-0.437116
3.857000,-0.434288,-0.434288,-0.434288,-0.434288,-0.434288,-0.434288,-0.434288
3.858000,-0.431456,-0.431456,-0.431456,-0.431456,-0.431456,-0.431456,-0.431456
3.859000,-0.428620,-0.428620,-0.428620,-0.428620,-0.428620,-0.428620,-0.428620
3.860000,-0.425779,-0.425779,-0.425779,-0.425779,-0.425779,-0.425779,-0.425779
3.861000,-0.422935,-0.422935,-0.422935,-0.422935,-0.422935,-0.422935,-0.422935
3.862000,-0.420086,-0.420086,-0.420086,-0.420086,-0.420086,-0.420086,-0.420086
3.863000,-0.417233,-0.417233,-0.417233,-0.417233,-0.417233,-0.417233,-0.417233
3.864000,-0.414376,-0.414376,-0.414376,-0.414376,-0.414376,-0.414376,-0.414376
3.865000,-0.411514,-0.411514,-0.411514,-0.411514,-0.411514,-0.411514,-0.411514
3.866000,-0.408649,-0.408649,-0.408649,-0.408649,-0.408649,-0.408649,-0.408649
3.867000,-0.405780,-0.405780,-0.405780,-0.405780,-0.405780,-0.405780,-0.405780
3.868000,-0.402906,-0.402906,-0.402906,-0.402906,-0.402906,-0.402906,-0.402906
3.869000,-0.400029,-0.400029,-0.400029,-0.400029,-0.400029,-0.400029,-0.400029
3.870000,-0.397148,-0.397148,-0.397148,-0.397148,-0.397148,-0.397148,-0.397148
3.871000,-0.394263,-0.394263,-0.394263,-0.394263,-0.394263,-0.394263,-0.394263
3.872000,-0.391374,-0.391374,-0.391374,-0.391374,-0.391374,-0.391374,-0.391374
3.873000,-0.388481,-0.388481,-0.388481,-0.388481,-0.388481,-0.388481,-0.388481
3.874000,-0.385584,-0.385584,-0.385584,-0.385584,-0.385584,-0.385584,-0.385584
3.875000,-0.382683,-0.382683,-0.382683,-0.382683,-0.382683,-0.382683,-0.382683
3.876000,-0.379779,-0.379779,-0.379779,-0.379779,-0.379779,-0.379779,-0.379779
3.877000,-0.376871,-0.376871,-0.376871,-0.376871,-0.376871,-0.376871,-0.376871
3.878000,-0.373959,-0.373959,-0.373959,-0.373959,-0.373959,-0.373959,-0.373959
3.879000,-0.371044,-0.371044,-0.371044,-0.371044,-0.371044,-0.371044,-0.371044
3.880000,-0.368125,-0.368125,-0.368125,-0.368125,-0.368125,-0.368125,-0.368125
3.881000,-0.365202,-0.365202,-0.365202,-0.365202,-0.365202,-0.365202,-0.365202
3.882000,-0.362275,-0.362275,-0.362275,-0.362275,-0.362275,-0.362275,-0.362275
3.883000,-0.359345,-0.359345,-0.359345,-0.359345,-0.359345,-0.359345,-0.359345
3.884000,-0.356412,-0.356412,-0.356412,-0.356412,-0.356412,-0.356412,-0.356412
3.885000,-0.353475,-0.353475,-0.353475,-0.353475,-0.353475,-0.353475,-0.353475
3.886000,-0.350534,-0.350534,-0.350534,-0.350534,-0.350534,-0.350534,-0.350534
3.887000,-0.347590,-0.347590,-0.347590,-0.347590,-0.347590,-0.347590,-0.347590
3.888000,-0.344643,-0.344643,-0.344643,-0.344643,-0.344643,-0.344643,-0.344643
3.889000,-0.341692,-0.341692,-0.341692,-0.341692,-0.341692,-0.341692,-0.341692
3.890000,-0.338738,-0.338738,-0.338738,-0.338738,-0.338738,-0.338738,-0.338738
3.891000,-0.335780,-0.335780,-0.335780,-0.335780,-0.335780,-0.335780,-0.335780
3.892000,-0.332820,-0.332820,-0.332820,-0.332820,-0.332820,-0.332820,-0.332820
3.893000,-0.329855,-0.329855,-0.329855,-0.329855,-0.329855,-0.329855,-0.329855
3.894000,-0.326888,-0.326888,-0.326888,-0.326888,-0.326888,-0.326888,-0.326888
3.895000,-0.323917,-0.323917,-0.323917,-0.323917,-0.323917,-0.323917,-0.323917
3.896000,-0.320944,-0.320944,-0.320944,-0.320944,-0.320944,-0.320944,-0.320944
3.897000,-0.317967,-0.317967,-0.317967,-0.317967,-0.317967,-0.317967,-0.317967
3.898000,-0.314987,-0.314987,-0.314987,-0.314987,-0.314987,-0.314987,-0.314987
3.899000,-0.312003,-0.312003,-0.312003,-0.312003,-0.312003,-0.312003,-0.312003
3.900000,-0.309017,-0.309017,-0.309017,-0.309017,-0.309017,-0.309017,-0.309017
3.901000,-0.306028,-0.306028,-0.306028,-0.306028,-0.306028,-0.306028,-0.306028
3.902000,-0.303035,-0.303035,-0.303035,-0.303035,-0.303035,-0.303035,-0.303035
3.903000,-0.300040,-0.300040,-0.300040,-0.300040,-0.300040,-0.300040,-0.300040
3.904000,-0.297042,-0.297042,-0.297042,-0.297042,-0.297042,-0.297042,-0.297042
3.905000,-0.294040,-0.294040,-0.294040,-0.294040,-0.294040,-0.294040,-0.294040
3.906000,-0.291036,-0.291036,-0.291036,-0.291036,-0.291036,-0.291036,-0.291036
3.907000,-0.288029,-0.288029,-0.288029,-0.288029,-0.288029,-0.288029,-0.288029
3.908000,-0.285019,-0.285019,-0.285019,-0.285019,-0.285019,-0.285019,-0.285019
3.909000,-0.282007,-0.282007,-0.282007,-0.282007,-0.282007,-0.282007,-0.282007
3.910000,-0.278991,-0.278991,-0.278991,-0.278991,-0.278991,-0.278991,-0.278991
3.911000,-0.275973,-0.275973,-0.275973,-0.275973,-0.275973,-0.275973,-0.275973
3.912000,-0.272952,-0.272952,-0.272952,-0.272952,-0.272952,-0.272952,-0.272952
3.913000,-0.269928,-0.269928,-0.269928,-0.269928,-0.269928,-0.269928,-0.269928
3.914000,-0.266902,-0.266902,-0.266902,-0.266902,-0.266902,-0.266902,-0.266902
3.915000,-0.263873,-0.263873,-0.263873,-0.263873,-0.263873,-0.263873,-0.263873
3.916000,-0.260842,-0.260842,-0.260842,-0.260842,-0.260842,-0.260842,-0.260842
3.917000,-0.257807,-0.257807,-0.257807,-0.257807,-0.257807,-0.257807,-0.257807
3.918000,-0.254771,-0.254771,-0.254771,-0.254771,-0.254771,-0.254771,-0.254771
3.919000,-0.251732,-0.251732,-0.251732,-0.251732,-0.251732,-0.251732,-0.251732
3.920000,-0.248690,-0.248690,-0.248690,-0.248690,-0.248690,-0.248690,-0.248690
3.921000,-0.245646,-0.245646,-0.245646,-0.245646,-0.245646,-0.245646,-0.245646
3.922000,-0.242599,-0.242599,-0.242599,-0.242599,-0.242599,-0.242599,-0.242599
3.923000,-0.239550,-0.239550,-0.239550,-0.239550,-0.239550,-0.239550,-0.239550
3.924000,-0.236499,-0.236499,-0.236499,-0.236499,-0.236499,-0.236499,-0.236499
3.925000,-0.233445,-0.233445,-0.233445,-0.233445,-0.233445,-0.233445,-0.233445
3.926000,-0.230389,-0.230389,-0.230389,-0.230389,-0.230389,-0.230389,-0.230389
3.927000,-0.227331,-0.227331,-0.227331,-0.227331,-0.227331,-0.227331,-0.227331
3.928000,-0.224271,-0.224271,-0.224271,-0.224271,-0.224271,-0.224271,-0.224271
3.929000,-0.221208,-0.221208,-0.221208,-0.221208,-0.221208,-0.221208,-0.221208
3.930000,-0.218143,-0.218143,-0.218143,-0.218143,-0.218143,-0.218143,-0.218143
3.931000,-0.215076,-0.215076,-0.215076,-0.215076,-0.215076,-0.215076,-0.215076
3.932000,-0.212007,-0.212007,-0.212007,-0.212007,-0.212007,-0.212007,-0.212007
3.933000,-0.208936,-0.208936,-0.208936,-0.208936,-0.208936,-0.208936,-0.208936
3.934000,-0.205863,-0.205863,-0.205863,-0.205863,-0.205863,-0.205863,-0.205863
3.935000,-0.202787,-0.202787,-0.202787,-0.202787,-0.202787,-0.202787,-0.202787
3.936000,-0.199710,-0.199710,-0.199710,-0.199710,-0.199710,-0.199710,-0.199710
3.937000,-0.196631,-0.196631,-0.196631,-0.196631,-0.196631,-0.196631,-0.196631
3.938000,-0.193549,-0.193549,-0.193549,-0.193549,-0.193549,-0.193549,-0.193549
3.939000,-0.190466,-0.190466,-0.190466,-0.190466,-0.190466,-0.190466,-0.190466
3.940000,-0.187381,-0.187381,-0.187381,-0.187381,-0.187381,-0.187381,-0.187381
3.941000,-0.184294,-0.184294,-0.184294,-0.184294,-0.184294,-0.184294,-0.184294
3.942000,-0.181206,-0.181206,-0.181206,-0.181206,-0.181206,-0.181206,-0.181206
3.943000,-0.178115,-0.178115,-0.178115,-0.178115,-0.178115,-0.178115,-0.178115
3.944000,-0.175023,-0.175023,-0.175023,-0.175023,-0.175023,-0.175023,-0.175023
3.945000,-0.171929,-0.171929,-0.171929,-0.171929,-0.171929,-0.171929,-0.171929
3.946000,-0.168833,-0.168833,-0.168833,-0.168833,-0.168833,-0.168833,-0.168833
3.947000,-0.165736,-0.165736,-0.165736,-0.165736,-0.165736,-0.165736,-0.165736
3.948000,-0.162637,-0.162637,-0.162637,-0.162637,-0.162637,-0.162637,-0.162637
3.949000,-0.159537,-0.159537,-0.159537,-0.159537,-0.159537,-0.159537,-0.159537
3.950000,-0.156434,-0.156434,-0.156434,-0.156434,-0.156434,-0.156434,-0.156434
3.951000,-0.153331,-0.153331,-0.153331,-0.153331,-0.153331,-0.153331,-0.153331
3.952000,-0.150226,-0.150226,-0.150226,-0.150226,-0.150226,-0.150226,-0.150226
3.953000,-0.147119,-0.147119,-0.147119,-0.147119,-0.147119,-0.147119,-0.147119
3.954000,-0.144011,-0.144011,-0.144011,-0.144011,-0.144011,-0.144011,-0.144011
3.955000,-0.140901,-0.140901,-0.140901,-0.140901,-0.140901,-0.140901,-0.140901
3.956000,-0.137790,-0.137790,-0.137790,-0.137790,-0.137790,-0.137790,-0.137790
3.957000,-0.134678,-0.134678,-0.134678,-0.134678,-0.134678,-0.134678,-0.134678
3.958000,-0.131564,-0.131564,-0.131564,-0.131564,-0.131564,-0.131564,-0.131564
3.959000,-0.128449,-0.128449,-0.128449,-0.128449,-0.128449,-0.128449,-0.128449
3.960000,-0.125333,-0.125333,-0.125333,-0.125333,-0.125333,-0.125333,-0.125333
3.961000,-0.122216,-0.122216,-0.122216,-0.122216,-0.122216,-0.122216,-0.122216
3.962000,-0.119097,-0.119097,-0.119097,-0.119097,-0.119097,-0.119097,-0.119097
3.963000,-0.115977,-0.115977,-0.115977,-0.115977,-0.115977,-0.115977,-0.115977
3.964000,-0.112856,-0.112856,-0.112856,-0.112856,-0.112856,-0.112856,-0.112856
3.965000,-0.109734,-0.109734,-0.109734,-0.109734,-0.109734,-0.109734,-0.109734
3.966000,-0.106611,-0.106611,-0.106611,-0.106611,-0.106611,-0.106611,-0.106611
3.967000,-0.103487,-0.103487,-0.103487,-0.103487,-0.103487,-0.103487,-0.103487
3.968000,-0.100362,-0.100362,-0.100362,-0.100362,-0.100362,-0.100362,-0.100362
3.969000,-0.097235,-0.097235,-0.097235,-0.097235,-0.097235,-0.097235,-0.097235
3.970000,-0.094108,-0.094108,-0.094108,-0.094108,-0.094108,-0.094108,-0.094108
3.971000,-0.090980,-0.090980,-0.090980,-0.090980,-0.090980,-0.090980,-0.090980
3.972000,-0.087851,-0.087851,-0.087851,-0.087851,-0.087851,-0.087851,-0.087851
3.973000,-0.084721,-0.084721,-0.084721,-0.084721,-0.084721,-0.084721,-0.084721
3.974000,-0.081591,-0.081591,-0.081591,-0.081591,-0.081591,-0.081591,-0.081591
3.975000,-0.078459,-0.078459,-0.078459,-0.078459,-0.078459,-0.078459,-0.078459
3.976000,-0.075327,-0.075327,-0.075327,-0.075327,-0.075327,-0.075327,-0.075327
3.977000,-0.072194,-0.072194,-0.072194,-0.072194,-0.072194,-0.072194,-0.072194
3.978000,-0.069060,-0.069060,-0.069060,-0.069060,-0.069060,-0.069060,-0.069060
3.979000,-0.065926,-0.065926,-0.065926,-0.065926,-0.065926,-0.065926,-0.065926
3.980000,-0.062791,-0.062791,-0.062791,-0.062791,-0.062791,-0.062791,-0.062791
3.981000,-0.059655,-0.059655,-0.059655,-0.059655,-0.059655,-0.059655,-0.059655
3.982000,-0.056519,-0.056519,-0.056519,-0.056519,-0.056519,-0.056519,-0.056519
3.983000,-0.053382,-0.053382,-0.053382,-0.053382,-0.053382,-0.053382,-0.053382
3.984000,-0.050244,-0.050244,-0.050244,-0.050244,-0.050244,-0.050244,-0.050244
3.985000,-0.047106,-0.047106,-0.047106,-0.047106,-0.047106,-0.047106,-0.047106
3.986000,-0.043968,-0.043968,-0.043968,-0.043968,-0.043968,-0.043968,-0.043968
3.987000,-0.040829,-0.040829,-0.040829,-0.040829,-0.040829,-0.040829,-0.040829
3.988000,-0.037690,-0.037690,-0.037690,-0.037690,-0.037690,-0.037690,-0.037690
3.989000,-0.034551,-0.034551,-0.034551,-0.034551,-0.034551,-0.034551,-0.034551
3.990000,-0.031411,-0.031411,-0.031411,-0.031411,-0.031411,-0.031411,-0.031411
3.991000,-0.028271,-0.028271,-0.028271,-0.028271,-0.028271,-0.028271,-0.028271
3.992000,-0.025130,-0.025130,-0.025130,-0.025130,-0.025130,-0.025130,-0.025130
3.993000,-0.021989,-0.021989,-0.021989,-0.021989,-0.021989,-0.021989,-0.021989
3.994000,-0.018848,-0.018848,-0.018848,-0.018848,-0.018848,-0.018848,-0.018848
3.995000,-0.015707,-0.015707,-0.015707,-0.015707,-0.015707,-0.015707,-0.015707
3.996000,-0.012566,-0.012566,-0.012566,-0.012566,-0.012566,-0.012566,-0.012566
3.997000,-0.009425,-0.009425,-0.009425,-0.009425,-0.009425,-0.009425,-0.009425
3.998000,-0.006283,-0.006283,-0.006283,-0.006283,-0.006283,-0.006283,-0.006283
3.999000,-0.003142,-0.003142,-0.003142,-0.003142,-0.003142,-0.003142,-0.003142
4.000000,-0.000000,-0.000000,-0.000000,-0.000000,-0.000000,-0.000000,-0.000000
4.001000,0.003142,0.003142,0.003142,0.003142,0.003142,0.003142,0.003142
4.002000,0.006283,0.006283,0.006283,0.006283,0.006283,0.006283,0.006283
4.003000,0.009425,0.009425,0.009425,0.009425,0.009425,0.009425,0.009425
4.004000,0.012566,0.012566,0.012566,0.012566,0.012566,0.012566,0.012566
4.005000,0.015707,0.015707,0.015707,0.015707,0.015707,0.015707,0.015707
4.006000,0.018848,0.018848,0.018848,0.018848,0.018848,0.018848,0.018848
4.007000,0.021989,0.021989,0.021989,0.021989,0.021989,0.021989,0.021989
4.008000,0.025130,0.025130,0.025130,0.025130,0.025130,0.025130,0.025130
4.009000,0.028271,0.028271,0.028271,0.028271,0.028271,0.028271,0.028271
4.010000,0.031411,0.031411,0.031411,0.031411,0.031411,0.031411,0.031411
4.011000,0.034551,0.034551,0.034551,0.034551,0.034551,0.034551,0.034551
4.012000,0.037690,0.037690,0.037690,0.037690,0.037690,0.037690,0.037690
4.013000,0.040829,0.040829,0.040829,0.040829,0.040829,0.040829,0.040829
4.014000,0.043968,0.043968,0.043968,0.043968,0.043968,0.043968,0.043968
4.015000,0.047106,0.047106,0.047106,0.047106,0.047106,0.047106,0.047106
4.016000,0.050244,0.050244,0.050244,0.050244,0.050244,0.050244,0.050244
4.017000,0.053382,0.053382,0.053382,0.053382,0.053382,0.053382,0.053382
4.018000,0.056519,0.056519,0.056519,0.056519,0.056519,0.056519,0.056519
4.019000,0.059655,0.059655,0.059655,0.059655,0.059655,0.059655,0.059655
4.020000,0.062791,0.062791,0.062791,0.062791,0.062791,0.062791,0.062791
4.021000,0.065926,0.065926,0.065926,0.065926,0.065926,0.065926,0.065926
4.022000,0.069060,0.069060,0.069060,0.069060,0.069060,0.069060,0.069060
4.023000,0.072194,0.072194,0.072194,0.072194,0.072194,0.072194,0.072194
4.024000,0.075327,0.075327,0.075327,0.075327,0.075327,0.075327,0.075327
4.025000,0.078459,0.078459,0.078459,0.078459,0.078459,0.078459,0.078459
4.026000,0.081591,0.081591,0.081591,0.081591,0.081591,0.081591,0.081591
4.027000,0.084721,0.084721,0.084721,0.084721,0.084721,0.084721,0.084721
4.028000,0.087851,0.087851,0.087851,0.087851,0.087851,0.087851,0.087851
4.029000,0.090980,0.090980,0.090980,0.090980,0.090980,0.090980,0.090980
4.030000,0.094108,0.094108,0.094108,0.094108,0.094108,0.094108,0.094108
4.031000,0.097235,0.097235,0.097235,0.097235,0.097235,0.097235,0.097235
4.032000,0.100362,0.100362,0.100362,0.100362,0.100362,0.100362,0.100362
4.033000,0.103487,0.103487,0.103487,0.103487,0.103487,0.103487,0.103487
4.034000,0.106611,0.106611,0.106611,0.106611,0.106611,0.106611,0.106611
4.035000,0.109734,0.109734,0.109734,0.109734,0.109734,0.109734,0.109734
4.036000,0.112856,0.112856,0.112856,0.112856,0.112856,0.112856,0.112856
4.037000,0.115977,0.115977,0.115977,0.115977,0.115977,0.115977,0.115977
4.038000,0.119097,0.119097,0.119097,0.119097,0.119097,0.119097,0.119097
4.039000,0.122216,0.122216,0.122216,0.122216,0.122216,0.122216,0.122216
4.040000,0.125333,0.125333,0.125333,0.125333,0.125333,0.125333,0.125333
4.041000,0.128449,0.128449,0.128449,0.128449,0.128449,0.128449,0.128449
4.042000,0.131564,0.131564,0.131564,0.131564,0.131564,0.131564,0.131564
4.043000,0.134678,0.134678,0.134678,0.134678,0.134678,0.134678,0.134678
4.044000,0.137790,0.137790,0.137790,0.137790,0.137790,0.137790,0.137790
4.045000,0.140901,0.140901,0.140901,0.140901,0.140901,0.140901,0.140901
4.046000,0.144011,0.144011,0.144011,0.144011,0.144011,0.144011,0.144011
4.047000,0.147119,0.147119,0.147119,0.147119,0.147119,0.147119,0.147119
4.048000,0.150226,0.150226,0.150226,0.150226,0.150226,0.150226,0.150226
4.049000,0.153331,0.153331,0.153331,0.153331,0.153331,0.153331,0.153331
4.050000,0.156434,0.156434,0.156434,0.156434,0.156434,0.156434,0.156434
4.051000,0.159537,0.159537,0.159537,0.159537,0.159537,0.159537,0.159537
4.052000,0.162637,0.162637,0.162637,0.162637,0.162637,0.162637,0.162637
4.053000,0.165736,0.165736,0.165736,0.165736,0.165736,0.165736,0.165736
4.054000,0.168833,0.168833,0.168833,0.168833,0.168833,0.168833,0.168833
4.055000,0.171929,0.171929,0.171929,0.171929,0.171929,0.171929,0.171929
4.056000,0.175023,0.175023,0.175023,0.175023,0.175023,0.175023,0.175023
4.057000,0.178115,0.178115,0.178115,0.178115,0.178115,0.178115,0.178115
4.058000,0.181206,0.181206,0.181206,0.181206,0.181206,0.181206,0.181206
4.059000,0.184294,0.184294,0.184294,0.184294,0.184294,0.184294,0.184294
4.060000,0.187381,0.187381,0.187381,0.187381,0.187381,0.187381,0.187381
4.061000,0.190466,0.190466,0.190466,0.190466,0.190466,0.190466,0.190466
4.062000,0.193549,0.193549,0.193549,0.193549,0.193549,0.193549,0.193549
4.063000,0.196631,0.196631,0.196631,0.196631,0.196631,0.196631,0.196631
4.064000,0.199710,0.199710,0.199710,0.199710,0.199710,0.199710,0.199710
4.065000,0.202787,0.202787,0.202787,0.202787,0.202787,0.202787,0.202787
4.066000,0.205863,0.205863,0.205863,0.205863,0.205863,0.205863,0.205863
4.067000,0.208936,0.208936,0.208936,0.208936,0.208936,0.208936,0.208936
4.068000,0.212007,0.212007,0.212007,0.212007,0.212007,0.212007,0.212007
4.069000,0.215076,0.215076,0.215076,0.215076,0.215076,0.215076,0.215076
4.070000,0.218143,0.218143,0.218143,0.218143,0.218143,0.218143,0.218143
4.071000,0.221208,0.221208,0.221208,0.221208,0.221208,0.221208,0.221208
4.072000,0.224271,0.224271,0.224271,0.224271,0.224271,0.224271,0.224271
4.073000,0.227331,0.227331,0.227331,0.227331,0.227331,0.227331,0.227331
4.074000,0.230389,0.230389,0.230389,0.230389,0.230389,0.230389,0.230389
4.075000,0.233445,0.233445,0.233445,0.233445,0.233445,0.233445,0.233445
4.076000,0.236499,0.236499,0.236499,0.236499,0.236499,0.236499,0.236499
4.077000,0.239550,0.239550,0.239550,0.239550,0.239550,0.239550,0.239550
4.078000,0.242599,0.242599,0.242599,0.242599,0.242599,0.242599,0.242599
4.079000,0.245646,0.245646,0.245646,0.245646,0.245646,0.245646,0.245646
4.080000,0.248690,0.248690,0.248690,0.248690,0.248690,0.248690,0.248690
4.081000,0.251732,0.251732,0.251732,0.251732,0.251732,0.251732,0.251732
4.082000,0.254771,0.254771,0.254771,0.254771,0.254771,0.254771,0.254771
4.083000,0.257807,0.257807,0.257807,0.257807,0.257807,0.257807,0.257807
4.084000,0.260842,0.260842,0.260842,0.260842,0.260842,0.260842,0.260842
4.085000,0.263873,0.263873,0.263873,0.263873,0.263873,0.263873,0.263873
4.086000,0.266902,0.266902,0.266902,0.266902,0.266902,0.266902,0.266902
4.087000,0.269928,0.269928,0.269928,0.269928,0.269928,0.269928,0.269928
4.088000,0.272952,0.272952,0.272952,0.272952,0.272952,0.272952,0.272952
4.089000,0.275973,0.275973,0.275973,0.275973,0.275973,0.275973,0.275973
4.090000,0.278991,0.278991,0.278991,0.278991,0.278991,0.278991,0.278991
4.091000,0.282007,0.282007,0.282007,0.282007,0.282007,0.282007,0.282007
4.092000,0.285019,0.285019,0.285019,0.285019,0.285019,0.285019,0.285019
4.093000,0.288029,0.288029,0.288029,0.288029,0.288029,0.288029,0.288029
4.094000,0.291036,0.291036,0.291036,0.291036,0.291036,0.291036,0.291036
4.095000,0.294040,0.294040,0.294040,0.294040,0.294040,0.294040,0.294040
4.096000,0.297042,0.297042,0.297042,0.297042,0.297042,0.297042,0.297042
4.097000,0.300040,0.300040,0.300040,0.300040,0.300040,0.300040,0.300040
4.098000,0.303035,0.303035,0.303035,0.303035,0.303035,0.303035,0.303035
4.099000,0.306028,0.306028,0.306028,0.306028,0.306028,0.306028,0.306028
4.100000,0.309017,0.309017,0.309017,0.309017,0.309017,0.309017,0.309017
4.101000,0.312003,0.312003,0.312003,0.312003,0.312003,0.312003,0.312003
4.102000,0.314987,0.314987,0.314987,0.314987,0.314987,0.314987,0.314987
4.103000,0.317967,0.317967,0.317967,0.317967,0.317967,0.317967,0.317967
4.104000,0.320944,0.320944,0.320944,0.320944,0.320944,0.320944,0.320944
4.105000,0.323917,0.323917,0.323917,0.323917,0.323917,0.323917,0.323917
4.106000,0.326888,0.326888,0.326888,0.326888,0.326888,0.326888,0.326888
4.107000,0.329855,0.329855,0.329855,0.329855,0.329855,0.329855,0.329855
4.108000,0.332820,0.332820,0.332820,0.332820,0.332820,0.332820,0.332820
4.109000,0.335780,0.335780,0.335780,0.335780,0.335780,0.335780,0.335780
4.110000,0.338738,0.338738,0.338738,0.338738,0.338738,0.338738,0.338738
4.111000,0.341692,0.341692,0.341692,0.341692,0.341692,0.341692,0.341692
4.112000,0.344643,0.344643,0.344643,0.344643,0.344643,0.344643,0.344643
4.113000,0.347590,0.347590,0.347590,0.347590,0.347590,0.347590,0.347590
4.114000,0.350534,0.350534,0.350534,0.350534,0.350534,0.350534,0.350534
4.115000,0.353475,0.353475,0.353475,0.353475,0.353475,0.353475,0.353475
4.116000,0.356412,0.356412,0.356412,0.356412,0.356412,0.356412,0.356412
4.117000,0.359345,0.359345,0.359345,0.359345,0.359345,0.359345,0.359345
4.118000,0.362275,0.362275,0.362275,0.362275,0.362275,0.362275,0.362275
4.119000,0.365202,0.365202,0.365202,0.365202,0.365202,0.365202,0.365202
4.120000,0.368125,0.368125,0.368125,0.368125,0.368125,0.368125,0.368125
4.121000,0.371044,0.371044,0.371044,0.371044,0.371044,0.371044,0.371044
4.122000,0.373959,0.373959,0.373959,0.373959,0.373959,0.373959,0.373959
4.123000,0.376871,0.376871,0.376871,0.376871,0.376871,0.376871,0.376871
4.124000,0.379779,0.379779,0.379779,0.379779,0.379779,0.379779,0.379779
4.125000,0.382683,0.382683,0.382683,0.382683,0.382683,0.382683,0.382683
4.126000,0.385584,0.385584,0.385584,0.385584,0.385584,0.385584,0.385584
4.127000,0.388481,0.388481,0.388481,0.388481,0.388481,0.388481,0.388481
4.128000,0.391374,0.391374,0.391374,0.391374,0.391374,0.391374,0.391374
4.129000,0.394263,0.394263,0.394263,0.394263,0.394263,0.394263,0.394263
4.130000,0.397148,0.397148,0.397148,0.397148,0.397148,0.397148,0.397148
4.131000,0.400029,0.400029,0.400029,0.400029,0.400029,0.400029,0.400029
4.132000,0.402906,0.402906,0.402906,0.402906,0.402906,0.402906,0.402906
4.133000,0.405780,0.405780,0.405780,0.405780,0.405780,0.405780,0.405780
4.134000,0.408649,0.408649,0.408649,0.408649,0.408649,0.408649,0.408649
4.135000,0.411514,0.411514,0.411514,0.411514,0.411514,0.411514,0.411514
4.136000,0.414376,0.414376,0.414376,0.414376,0.414376,0.414376,0.414376
4.137000,0.417233,0.417233,0.417233,0.417233,0.417233,0.417233,0.417233
4.138000,0.420086,0.420086,0.420086,0.420086,0.420086,0.420086,0.420086
4.139000,0.422935,0.422935,0.422935,0.422935,0.422935,0.422935,0.422935
4.140000,0.425779,0.425779,0.425779,0.425779,0.425779,0.425779,0.425779
4.141000,0.428620,0.428620,0.428620,0.428620,0.428620,0.428620,0.428620
4.142000,0.431456,0.431456,0.431456,0.431456,0.431456,0.431456,0.431456
4.143000,0.434288,0.434288,0.434288,0.434288,0.434288,0.434288,0.434288
4.144000,0.437116,0.437116,0.437116,0.437116,0.437116,0.437116,0.437116
4.145000,0.439939,0.439939,0.439939,0.439939,0.439939,0.439939,0.439939
4.146000,0.442758,0.442758,0.442758,0.442758,0.442758,0.442758,0.442758
4.147000,0.445573,0.445573,0.445573,0.445573,0.445573,0.445573,0.445573
4.148000,0.448383,0.448383,0.448383,0.448383,0.448383,0.448383,0.448383
4.149000,0.451189,0.451189,0.451189,0.451189,0.451189,0.451189,0.451189
4.150000,0.453990,0.453990,0.453990,0.453990,0.453990,0.453990,0.453990
4.151000,0.456787,0.456787,0.456787,0.456787,0.456787,0.456787,0.456787
4.152000,0.459580,0.459580,0.459580,0.459580,0.459580,0.459580,0.459580
4.153000,0.462368,0.462368,0.462368,0.462368,0.462368,0.462368,0.462368
4.154000,0.465151,0.465151,0.465151,0.465151,0.465151,0.465151,0.465151
4.155000,0.467930,0.467930,0.467930,0.467930,0.467930,0.467930,0.467930
4.156000,0.470704,0.470704,0.470704,0.470704,0.470704,0.470704,0.470704
4.157000,0.473473,0.473473,0.473473,0.473473,0.473473,0.473473,0.473473
4.158000,0.476238,0.476238,0.476238,0.476238,0.476238,0.476238,0.476238
4.159000,0.478998,0.478998,0.478998,0.478998,0.478998,0.478998,0.478998
4.160000,0.481754,0.481754,0.481754,0.481754,0.481754,0.481754,0.481754
4.161000,0.484504,0.484504,0.484504,0.484504,0.484504,0.484504,0.484504
4.162000,0.487250,0.487250,0.487250,0.487250,0.487250,0.487250,0.487250
4.163000,0.489991,0.489991,0.489991,0.489991,0.489991,0.489991,0.489991
4.164000,0.492727,0.492727,0.492727,0.492727,0.492727,0.492727,0.492727
4.165000,0.495459,0.495459,0.495459,0.495459,0.495459,0.495459,0.495459
4.166000,0.498185,0.498185,0.498185,0.498185,0.498185,0.498185,0.498185
4.167000,0.500907,0.500907,0.500907,0.500907,0.500907,0.500907,0.500907
4.168000,0.503623,0.503623,0.503623,0.503623,0.503623,0.503623,0.503623
4.169000,0.506335,0.506335,0.506335,0.506335,0.506335,0.506335,0.506335
4.170000,0.509041,0.509041,0.509041,0.509041,0.509041,0.509041,0.509041
4.171000,0.511743,0.511743,0.511743,0.511743,0.511743,0.511743,0.511743
4.172000,0.514440,0.514440,0.514440,0.514440,0.514440,0.514440,0.514440
4.173000,0.517131,0.517131,0.517131,0.517131,0.517131,0.517131,0.517131
4.174000,0.519817,0.519817,0.519817,0.519817,0.519817,0.519817,0.519817
4.175000,0.522499,0.522499,0.522499,0.522499,0.522499,0.522499,0.522499
4.176000,0.525175,0.525175,0.525175,0.525175,0.525175,0.525175,0.525175
4.177000,0.527846,0.527846,0.527846,0.527846,0.527846,0.527846,0.527846
4.178000,0.530511,0.530511,0.530511,0.530511,0.530511,0.530511,0.530511
4.179000,0.533172,0.533172,0.533172,0.533172,0.533172,0.533172,0.533172
4.180000,0.535827,0.535827,0.535827,0.535827,0.535827,0.535827,0.535827
4.181000,0.538477,0.538477,0.538477,0.538477,0.538477,0.538477,0.538477
4.182000,0.541121,0.541121,0.541121,0.541121,0.541121,0.541121,0.541121
4.183000,0.543760,0.543760,0.543760,0.543760,0.543760,0.543760,0.543760
4.184000,0.546394,0.546394,0.546394,0.546394,0.546394,0.546394,0.546394
4.185000,0.549023,0.549023,0.549023,0.549023,0.549023,0.549023,0.549023
4.186000,0.551646,0.551646,0.551646,0.551646,0.551646,0.551646,0.551646
4.187000,0.554263,0.554263,0.554263,0.554263,0.554263,0.554263,0.554263
4.188000,0.556876,0.556876,0.556876,0.556876,0.556876,0.556876,0.556876
4.189000,0.559482,0.559482,0.559482,0.559482,0.559482,0.559482,0.559482
4.190000,0.562083,0.562083,0.562083,0.562083,0.562083,0.562083,0.562083
4.191000,0.564679,0.564679,0.564679,0.564679,0.564679,0.564679,0.564679
4.192000,0.567269,0.567269,0.567269,0.567269,0.567269,0.567269,0.567269
4.193000,0.569853,0.569853,0.569853,0.569853,0.569853,0.569853,0.569853
4.194000,0.572432,0.572432,0.572432,0.572432,0.572432,0.572432,0.572432
4.195000,0.575005,0.575005,0.575005,0.575005,0.575005,0.575005,0.575005
4.196000,0.577573,0.577573,0.577573,0.577573,0.577573,0.577573,0.577573
4.197000,0.580134,0.580134,0.580134,0.580134,0.580134,0.580134,0.580134
4.198000,0.582690,0.582690,0.582690,0.582690,0.582690,0.582690,0.582690
4.199000,0.585241,0.585241,0.585241,0.585241,0.585241,0.585241,0.585241
4.200000,0.587785,0.587785,0.587785,0.587785,0.587785,0.587785,0.587785
4.201000,0.590324,0.590324,0.590324,0.590324,0.590324,0.590324,0.590324
4.202000,0.592857,0.592857,0.592857,0.592857,0.592857,0.592857,0.592857
4.203000,0.595384,0.595384,0.595384,0.595384,0.595384,0.595384,0.595384
4.204000,0.597905,0.597905,0.597905,0.597905,0.597905,0.597905,0.597905
4.205000,0.600420,0.600420,0.600420,0.600420,0.600420,0.600420,0.600420
4.206000,0.602930,0.602930,0.602930,0.602930,0.602930,0.602930,0.602930
4.207000,0.605433,0.605433,0.605433,0.605433,0.605433,0.605433,0.605433
4.208000,0.607930,0.607930,0.607930,0.607930,0.607930,0.607930,0.607930
4.209000,0.610422,0.610422,0.610422,0.610422,0.610422,0.610422,0.610422
4.210000,0.612907,0.612907,0.612907,0.612907,0.612907,0.612907,0.612907
4.211000,0.615386,0.615386,0.615386,0.615386,0.615386,0.615386,0.615386
4.212000,0.617860,0.617860,0.617860,0.617860,0.617860,0.617860,0.617860
4.213000,0.620327,0.620327,0.620327,0.620327,0.620327,0.620327,0.620327
4.214000,0.622788,0.622788,0.622788,0.622788,0.622788,0.622788,0.622788
4.215000,0.625243,0.625243,0.625243,0.625243,0.625243,0.625243,0.625243
4.216000,0.627691,0.627691,0.627691,0.627691,0.627691,0.627691,0.627691
4.217000,0.630134,0.630134,0.630134,0.630134,0.630134,0.630134,0.630134
4.218000,0.632570,0.632570,0.632570,0.632570,0.632570,0.632570,0.632570
4.219000,0.635000,0.635000,0.635000,0.635000,0.635000,0.635000,0.635000
4.220000,0.637424,0.637424,0.637424,0.637424,0.637424,0.637424,0.637424
4.221000,0.639841,0.639841,0.639841,0.639841,0.639841,0.639841,0.639841
4.222000,0.642253,0.642253,0.642253,0.642253,0.642253,0.642253,0.642253
4.223000,0.644657,0.644657,0.644657,0.644657,0.644657,0.644657,0.644657
4.224000,0.647056,0.647056,0.647056,0.647056,0.647056,0.647056,0.647056
4.225000,0.649448,0.649448,0.649448,0.649448,0.649448,0.649448,0.649448
4.226000,0.651834,0.651834,0.651834,0.651834,0.651834,0.651834,0.651834
4.227000,0.654213,0.654213,0.654213,0.654213,0.654213,0.654213,0.654213
4.228000,0.656586,0.656586,0.656586,0.656586,0.656586,0.656586,0.656586
4.229000,0.658952,0.658952,0.658952,0.658952,0.658952,0.658952,0.658952
4.230000,0.661312,0.661312,0.661312,0.661312,0.661312,0.661312,0.661312
4.231000,0.663665,0.663665,0.663665,0.663665,0.663665,0.663665,0.663665
4.232000,0.666012,0.666012,0.666012,0.666012,0.666012,0.666012,0.666012
4.233000,0.668352,0.668352,0.668352,0.668352,0.668352,0.668352,0.668352
4.234000,0.670686,0.670686,0.670686,0.670686,0.670686,0.670686,0.670686
4.235000,0.673013,0.673013,0.673013,0.673013,0.673013,0.673013,0.673013
4.236000,0.675333,0.675333,0.675333,0.675333,0.675333,0.675333,0.675333
4.237000,0.677646,0.677646,0.677646,0.677646,0.677646,0.677646,0.677646
4.238000,0.679953,0.679953,0.679953,0.679953,0.679953,0.679953,0.679953
4.239000,0.682254,0.682254,0.682254,0.682254,0.682254,0.682254,0.682254
4.240000,0.684547,0.684547,0.684547,0.684547,0.684547,0.684547,0.684547
4.241000,0.686834,0.686834,0.686834,0.686834,0.686834,0.686834,0.686834
4.242000,0.689114,0.689114,0.689114,0.689114,0.689114,0.689114,0.689114
4.243000,0.691387,0.691387,0.691387,0.691387,0.691387,0.691387,0.691387
4.244000,0.693653,0.693653,0.693653,0.693653,0.693653,0.693653,0.693653
4.245000,0.695913,0.695913,0.695913,0.695913,0.695913,0.695913,0.695913
4.246000,0.698165,0.698165,0.698165,0.698165,0.698165,0.698165,0.698165
4.247000,0.700411,0.700411,0.700411,0.700411,0.700411,0.700411,0.700411
4.248000,0.702650,0.702650,0.702650,0.702650,0.702650,0.702650,0.702650
4.249000,0.704882,0.704882,0.704882,0.704882,0.704882,0.704882,0.704882
4.250000,0.707107,0.707107,0.707107,0.707107,0.707107,0.707107,0.707107
4.251000,0.709325,0.709325,0.709325,0.709325,0.709325,0.709325,0.709325
4.252000,0.711536,0.711536,0.711536,0.711536,0.711536,0.711536,0.711536
4.253000,0.713740,0.713740,0.713740,0.713740,0.713740,0.713740,0.713740
4.254000,0.715936,0.715936,0.715936,0.715936,0.715936,0.715936,0.715936
4.255000,0.718126,0.718126,0.718126,0.718126,0.718126,0.718126,0.718126
4.256000,0.720309,0.720309,0.720309,0.720309,0.720309,0.720309,0.720309
4.257000,0.722485,0.722485,0.722485,0.722485,0.722485,0.722485,0.722485
4.258000,0.724653,0.724653,0.724653,0.724653,0.724653,0.724653,0.724653
4.259000,0.726814,0.726814,0.726814,0.726814,0.726814,0.726814,0.726814
4.260000,0.728969,0.728969,0.728969,0.728969,0.728969,0.728969,0.728969
4.261000,0.731116,0.731116,0.731116,0.731116,0.731116,0.731116,0.731116
4.262000,0.733255,0.733255,0.733255,0.733255,0.733255,0.733255,0.733255
4.263000,0.735388,0.735388,0.735388,0.735388,0.735388,0.735388,0.735388
4.264000,0.737513,0.737513,0.737513,0.737513,0.737513,0.737513,0.737513
4.265000,0.739631,0.739631,0.739631,0.739631,0.739631,0.739631,0.739631
4.266000,0.741742,0.741742,0.741742,0.741742,0.741742,0.741742,0.741742
4.267000,0.743845,0.743845,0.743845,0.743845,0.743845,0.743845,0.743845
4.268000,0.745941,0.745941,0.745941,0.745941,0.745941,0.745941,0.745941
4.269000,0.748030,0.748030,0.748030,0.748030,0.748030,0.748030,0.748030
4.270000,0.750111,0.750111,0.750111,0.750111,0.750111,0.750111,0.750111
4.271000,0.752185,0.752185,0.752185,0.752185,0.752185,0.752185,0.752185
4.272000,0.754251,0.754251,0.754251,0.754251,0.754251,0.754251,0.754251
4.273000,0.756310,0.756310,0.756310,0.756310,0.756310,0.756310,0.756310
4.274000,0.758362,0.758362,0.758362,0.758362,0.758362,0.758362,0.758362
4.275000,0.760406,0.760406,0.760406,0.760406,0.760406,0.760406,0.760406
4.276000,0.762443,0.762443,0.762443,0.762443,0.762443,0.762443,0.762443
4.277000,0.764472,0.764472,0.764472,0.764472,0.764472,0.764472,0.764472
4.278000,0.766493,0.766493,0.766493,0.766493,0.766493,0.766493,0.766493
4.279000,0.768507,0.768507,0.768507,0.768507,0.768507,0.768507,0.768507
4.280000,0.770513,0.770513,0.770513,0.770513,0.770513,0.770513,0.770513
4.281000,0.772512,0.772512,0.772512,0.772512,0.772512,0.772512,0.772512
4.282000,0.774503,0.774503,0.774503,0.774503,0.774503,0.774503,0.774503
4.283000,0.776487,0.776487,0.776487,0.776487,0.776487,0.776487,0.776487
4.284000,0.778462,0.778462,0.778462,0.778462,0.778462,0.778462,0.778462
4.285000,0.780430,0.780430,0.780430,0.780430,0.780430,0.780430,0.780430
4.286000,0.782391,0.782391,0.782391,0.782391,0.782391,0.782391,0.782391
4.287000,0.784343,0.784343,0.784343,0.784343,0.784343,0.784343,0.784343
4.288000,0.786288,0.786288,0.786288,0.786288,0.786288,0.786288,0.786288
4.289000,0.788226,0.788226,0.788226,0.788226,0.788226,0.788226,0.788226
4.290000,0.790155,0.790155,0.790155,0.790155,0.790155,0.790155,0.790155
4.291000,0.792077,0.792077,0.792077,0.792077,0.792077,0.792077,0.792077
4.292000,0.793990,0.793990,0.793990,0.793990,0.793990,0.793990,0.793990
4.293000,0.795896,0.795896,0.795896,0.795896,0.795896,0.795896,0.795896
4.294000,0.797794,0.797794,0.797794,0.797794,0.797794,0.797794,0.797794
4.295000,0.799685,0.799685,0.799685,0.799685,0.799685,0.799685,0.799685
4.296000,0.801567,0.801567,0.801567,0.801567,0.801567,0.801567,0.801567
4.297000,0.803441,0.803441,0.803441,0.803441,0.803441,0.803441,0.803441
4.298000,0.805308,0.805308,0.805308,0.805308,0.805308,0.805308,0.805308
4.299000,0.807166,0.807166,0.807166,0.807166,0.807166,0.807166,0.807166
4.300000,0.809017,0.809017,0.809017,0.809017,0.809017,0.809017,0.809017
4.301000,0.810860,0.810860,0.810860,0.810860,0.810860,0.810860,0.810860
4.302000,0.812694,0.812694,0.812694,0.812694,0.812694,0.812694,0.812694
4.303000,0.814521,0.814521,0.814521,0.814521,0.814521,0.814521,0.814521
4.304000,0.816339,0.816339,0.816339,0.816339,0.816339,0.816339,0.816339
4.305000,0.818150,0.818150,0.818150,0.818150,0.818150,0.818150,0.818150
4.306000,0.819952,0.819952,0.819952,0.819952,0.819952,0.819952,0.819952
4.307000,0.821746,0.821746,0.821746,0.821746,0.821746,0.821746,0.821746
4.308000,0.823533,0.823533,0.823533,0.823533,0.823533,0.823533,0.823533
4.309000,0.825311,0.825311,0.825311,0.825311,0.825311,0.825311,0.825311
4.310000,0.827081,0.827081,0.827081,0.827081,0.827081,0.827081,0.827081
4.311000,0.828842,0.828842,0.828842,0.828842,0.828842,0.828842,0.828842
4.312000,0.830596,0.830596,0.830596,0.830596,0.830596,0.830596,0.830596
4.313000,0.832341,0.832341,0.832341,0.832341,0.832341,0.832341,0.832341
4.314000,0.834078,0.834078,0.834078,0.834078,0.834078,0.834078,0.834078
4.315000,0.835807,0.835807,0.835807,0.835807,0.835807,0.835807,0.835807
4.316000,0.837528,0.837528,0.837528,0.837528,0.837528,0.837528,0.837528
4.317000,0.839240,0.839240,0.839240,0.839240,0.839240,0.839240,0.839240
4.318000,0.840945,0.840945,0.840945,0.840945,0.840945,0.840945,0.840945
4.319000,0.842640,0.842640,0.842640,0.842640,0.842640,0.842640,0.842640
4.320000,0.844328,0.844328,0.844328,0.844328,0.844328,0.844328,0.844328
4.321000,0.846007,0.846007,0.846007,0.846007,0.846007,0.846007,0.846007
4.322000,0.847678,0.847678,0.847678,0.847678,0.847678,0.847678,0.847678
4.323000,0.849340,0.849340,0.849340,0.849340,0.849340,0.849340,0.849340
4.324000,0.850994,0.850994,0.850994,0.850994,0.850994,0.850994,0.850994
4.325000,0.852640,0.852640,0.852640,0.852640,0.852640,0.852640,0.852640
4.326000,0.854277,0.854277,0.854277,0.854277,0.854277,0.854277,0.854277
4.327000,0.855906,0.855906,0.855906,0.855906,0.855906,0.855906,0.855906
4.328000,0.857527,0.857527,0.857527,0.857527,0.857527,0.857527,0.857527
4.329000,0.859139,0.859139,0.859139,0.859139,0.859139,0.859139,0.859139
4.330000,0.860742,0.860742,0.860742,0.860742,0.860742,0.860742,0.860742
4.331000,0.862337,0.862337,0.862337,0.862337,0.862337,0.862337,0.862337
4.332000,0.863923,0.863923,0.863923,0.863923,0.863923,0.863923,0.863923
4.333000,0.865501,0.865501,0.865501,0.865501,0.865501,0.865501,0.865501
4.334000,0.867071,0.867071,0.867071,0.867071,0.867071,0.867071,0.867071
4.335000,0.868632,0.868632,0.868632,0.868632,0.868632,0.868632,0.868632
4.336000,0.870184,0.870184,0.870184,0.870184,0.870184,0.870184,0.870184
4.337000,0.871727,0.871727,0.871727,0.871727,0.871727,0.871727,0.871727
4.338000,0.873262,0.873262,0.873262,0.873262,0.873262,0.873262,0.873262
4.339000,0.874789,0.874789,0.874789,0.874789,0.874789,0.874789,0.874789
4.340000,0.876307,0.876307,0.876307,0.876307,0.876307,0.876307,0.876307
4.341000,0.877816,0.877816,0.877816,0.877816,0.877816,0.877816,0.877816
4.342000,0.879316,0.879316,0.879316,0.879316,0.879316,0.879316,0.879316
4.343000,0.880808,0.880808,0.880808,0.880808,0.880808,0.880808,0.880808
4.344000,0.882291,0.882291,0.882291,0.882291,0.882291,0.882291,0.882291
4.345000,0.883766,0.883766,0.883766,0.883766,0.883766,0.883766,0.883766
4.346000,0.885231,0.885231,0.885231,0.885231,0.885231,0.885231,0.885231
4.347000,0.886688,0.886688,0.886688,0.886688,0.886688,0.886688,0.886688
4.348000,0.888136,0.888136,0.888136,0.888136,0.888136,0.888136,0.888136
4.349000,0.889576,0.889576,0.889576,0.889576,0.889576,0.889576,0.889576
4.350000,0.891007,0.891007,0.891007,0.891007,0.891007,0.891007,0.891007
4.351000,0.892428,0.892428,0.892428,0.892428,0.892428,0.892428,0.892428
4.352000,0.893841,0.893841,0.893841,0.893841,0.893841,0.893841,0.893841
4.353000,0.895246,0.895246,0.895246,0.895246,0.895246,0.895246,0.895246
4.354000,0.896641,0.896641,0.896641,0.896641,0.896641,0.896641,0.896641
4.355000,0.898028,0.898028,0.898028,0.898028,0.898028,0.898028,0.898028
4.356000,0.899405,0.899405,0.899405,0.899405,0.899405,0.899405,0.899405
4.357000,0.900774,0.900774,0.900774,0.900774,0.900774,0.900774,0.900774
4.358000,0.902134,0.902134,0.902134,0.902134,0.902134,0.902134,0.902134
4.359000,0.903485,0.903485,0.903485,0.903485,0.903485,0.903485,0.903485
4.360000,0.904827,0.904827,0.904827,0.904827,0.904827,0.904827,0.904827
4.361000,0.906160,0.906160,0.906160,0.906160,0.906160,0.906160,0.906160
4.362000,0.907484,0.907484,0.907484,0.907484,0.907484,0.907484,0.907484
4.363000,0.908800,0.908800,0.908800,0.908800,0.908800,0.908800,0.908800
4.364000,0.910106,0.910106,0.910106,0.910106,0.910106,0.910106,0.910106
4.365000,0.911403,0.911403,0.911403,0.911403,0.911403,0.911403,0.911403
4.366000,0.912692,0.912692,0.912692,0.912692,0.912692,0.912692,0.912692
4.367000,0.913971,0.913971,0.913971,0.913971,0.913971,0.913971,0.913971
4.368000,0.915241,0.915241,0.915241,0.915241,0.915241,0.915241,0.915241
4.369000,0.916502,0.916502,0.916502,0.916502,0.916502,0.916502,0.916502
4.370000,0.917755,0.917755,0.917755,0.917755,0.917755,0.917755,0.917755
4.371000,0.918998,0.918998,0.918998,0.918998,0.918998,0.918998,0.918998
4.372000,0.920232,0.920232,0.920232,0.920232,0.920232,0.920232,0.920232
4.373000,0.921457,0.921457,0.921457,0.921457,0.921457,0.921457,0.921457
4.374000,0.922673,0.922673,0.922673,0.922673,0.922673,0.922673,0.922673
4.375000,0.923880,0.923880,0.923880,0.923880,0.923880,0.923880,0.923880
4.376000,0.925077,0.925077,0.925077,0.925077,0.925077,0.925077,0.925077
4.377000,0.926266,0.926266,0.926266,0.926266,0.926266,0.926266,0.926266
4.378000,0.927445,0.927445,0.927445,0.927445,0.927445,0.927445,0.927445
4.379000,0.928615,0.928615,0.928615,0.928615,0.928615,0.928615,0.928615
4.380000,0.929776,0.929776,0.929776,0.929776,0.929776,0.929776,0.929776
4.381000,0.930928,0.930928,0.930928,0.930928,0.930928,0.930928,0.930928
4.382000,0.932071,0.932071,0.932071,0.932071,0.932071,0.932071,0.932071
4.383000,0.933205,0.933205,0.933205,0.933205,0.933205,0.933205,0.933205
4.384000,0.934329,0.934329,0.934329,0.934329,0.934329,0.934329,0.934329
4.385000,0.935444,0.935444,0.935444,0.935444,0.935444,0.935444,0.935444
4.386000,0.936550,0.936550,0.936550,0.936550,0.936550,0.936550,0.936550
4.387000,0.937646,0.937646,0.937646,0.937646,0.937646,0.937646,0.937646
4.388000,0.938734,0.938734,0.938734,0.938734,0.938734,0.938734,0.938734
4.389000,0.939812,0.939812,0.939812,0.939812,0.939812,0.939812,0.939812
4.390000,0.940881,0.940881,0.940881,0.940881,0.940881,0.940881,0.940881
4.391000,0.941940,0.941940,0.941940,0.941940,0.941940,0.941940,0.941940
4.392000,0.942991,0.942991,0.942991,0.942991,0.942991,0.942991,0.942991
4.393000,0.944031,0.944031,0.944031,0.944031,0.944031,0.944031,0.944031
4.394000,0.945063,0.945063,0.945063,0.945063,0.945063,0.945063,0.945063
4.395000,0.946085,0.946085,0.946085,0.946085,0.946085,0.946085,0.946085
4.396000,0.947098,0.947098,0.947098,0.947098,0.947098,0.947098,0.947098
4.397000,0.948102,0.948102,0.948102,0.948102,0.948102,0.948102,0.948102
4.398000,0.949096,0.949096,0.949096,0.949096,0.949096,0.949096,0.949096
4.399000,0.950081,0.950081,0.950081,0.950081,0.950081,0.950081,0.950081
4.400000,0.951057,0.951057,0.951057,0.951057,0.951057,0.951057,0.951057
4.401000,0.952023,0.952023,0.952023,0.952023,0.952023,0.952023,0.952023
4.402000,0.952979,0.952979,0.952979,0.952979,0.952979,0.952979,0.952979
4.403000,0.953927,0.953927,0.953927,0.953927,0.953927,0.953927,0.953927
4.404000,0.954865,0.954865,0.954865,0.954865,0.954865,0.954865,0.954865
4.405000,0.955793,0.955793,0.955793,0.955793,0.955793,0.955793,0.955793
4.406000,0.956712,0.956712,0.956712,0.956712,0.956712,0.956712,0.956712
4.407000,0.957622,0.957622,0.957622,0.957622,0.957622,0.957622,0.957622
4.408000,0.958522,0.958522,0.958522,0.958522,0.958522,0.958522,0.958522
4.409000,0.959412,0.959412,0.959412,0.959412,0.959412,0.959412,0.959412
4.410000,0.960294,0.960294,0.960294,0.960294,0.960294,0.960294,0.960294
4.411000,0.961165,0.961165,0.961165,0.961165,0.961165,0.961165,0.961165
4.412000,0.962028,0.962028,0.962028,0.962028,0.962028,0.962028,0.962028
4.413000,0.962880,0.962880,0.962880,0.962880,0.962880,0.962880,0.962880
4.414000,0.963724,0.963724,0.963724,0.963724,0.963724,0.963724,0.963724
4.415000,0.964557,0.964557,0.964557,0.964557,0.964557,0.964557,0.964557
4.416000,0.965382,0.965382,0.965382,0.965382,0.965382,0.965382,0.965382
4.417000,0.966196,0.966196,0.966196,0.966196,0.966196,0.966196,0.966196
4.418000,0.967001,0.967001,0.967001,0.967001,0.967001,0.967001,0.967001
4.419000,0.967797,0.967797,0.967797,0.967797,0.967797,0.967797,0.967797
4.420000,0.968583,0.968583,0.968583,0.968583,0.968583,0.968583,0.968583
4.421000,0.969360,0.969360,0.969360,0.969360,0.969360,0.969360,0.969360
4.422000,0.970127,0.970127,0.970127,0.970127,0.970127,0.970127,0.970127
4.423000,0.970884,0.970884,0.970884,0.970884,0.970884,0.970884,0.970884
4.424000,0.971632,0.971632,0.971632,0.971632,0.971632,0.971632,0.971632
4.425000,0.972370,0.972370,0.972370,0.972370,0.972370,0.972370,0.972370
4.426000,0.973099,0.973099,0.973099,0.973099,0.973099,0.973099,0.973099
4.427000,0.973817,0.973817,0.973817,0.973817,0.973817,0.973817,0.973817
4.428000,0.974527,0.974527,0.974527,0.974527,0.974527,0.974527,0.974527
4.429000,0.975227,0.975227,0.975227,0.975227,0.975227,0.975227,0.975227
4.430000,0.975917,0.975917,0.975917,0.975917,0.975917,0.975917,0.975917
4.431000,0.976597,0.976597,0.976597,0.976597,0.976597,0.976597,0.976597
4.432000,0.977268,0.977268,0.977268,0.977268,0.977268,0.977268,0.977268
4.433000,0.977929,0.977929,0.977929,0.977929,0.977929,0.977929,0.977929
4.434000,0.978581,0.978581,0.978581,0.978581,0.978581,0.978581,0.978581
4.435000,0.979223,0.979223,0.979223,0.979223,0.979223,0.979223,0.979223
4.436000,0.979855,0.979855,0.979855,0.979855,0.979855,0.979855,0.979855
4.437000,0.980478,0.980478,0.980478,0.980478,0.980478,0.980478,0.980478
4.438000,0.981091,0.981091,0.981091,0.981091,0.981091,0.981091,0.981091
4.439000,0.981694,0.981694,0.981694,0.981694,0.981694,0.981694,0.981694
4.440000,0.982287,0.982287,0.982287,0.982287,0.982287,0.982287,0.982287
4.441000,0.982871,0.982871,0.982871,0.982871,0.982871,0.982871,0.982871
4.442000,0.983445,0.983445,0.983445,0.983445,0.983445,0.983445,0.983445
4.443000,0.984010,0.984010,0.984010,0.984010,0.984010,0.984010,0.984010
4.444000,0.984564,0.984564,0.984564,0.984564,0.984564,0.984564,0.984564
4.445000,0.985109,0.985109,0.985109,0.985109,0.985109,0.985109,0.985109
4.446000,0.985645,0.985645,0.985645,0.985645,0.985645,0.985645,0.985645
4.447000,0.986170,0.986170,0.986170,0.986170,0.986170,0.986170,0.986170
4.448000,0.986686,0.986686,0.986686,0.986686,0.986686,0.986686,0.986686
4.449000,0.987192,0.987192,0.987192,0.987192,0.987192,0.987192,0.987192
4.450000,0.987688,0.987688,0.987688,0.987688,0.987688,0.987688,0.987688
4.451000,0.988175,0.988175,0.988175,0.988175,0.988175,0.988175,0.988175
4.452000,0.988652,0.988652,0.988652,0.988652,0.988652,0.988652,0.988652
4.453000,0.989119,0.989119,0.989119,0.989119,0.989119,0.989119,0.989119
4.454000,0.989576,0.989576,0.989576,0.989576,0.989576,0.989576,0.989576
4.455000,0.990024,0.990024,0.990024,0.990024,0.990024,0.990024,0.990024
4.456000,0.990461,0.990461,0.990461,0.990461,0.990461,0.990461,0.990461
4.457000,0.990889,0.990889,0.990889,0.990889,0.990889,0.990889,0.990889
4.458000,0.991308,0.991308,0.991308,0.991308,0.991308,0.991308,0.991308
4.459000,0.991716,0.991716,0.991716,0.991716,0.991716,0.991716,0.991716
4.460000,0.992115,0.992115,0.992115,0.992115,0.992115,0.992115,0.992115
4.461000,0.992504,0.992504,0.992504,0.992504,0.992504,0.992504,0.992504
4.462000,0.992883,0.992883,0.992883,0.992883,0.992883,0.992883,0.992883
4.463000,0.993252,0.993252,0.993252,0.993252,0.993252,0.993252,0.993252
4.464000,0.993611,0.993611,0.993611,0.993611,0.993611,0.993611,0.993611
4.465000,0.993961,0.993961,0.993961,0.993961,0.993961,0.993961,0.993961
4.466000,0.994301,0.994301,0.994301,0.994301,0.994301,0.994301,0.994301
4.467000,0.994631,0.994631,0.994631,0.994631,0.994631,0.994631,0.994631
4.468000,0.994951,0.994951,0.994951,0.994951,0.994951,0.994951,0.994951
4.469000,0.995261,0.995261,0.995261,0.995261,0.995261,0.995261,0.995261
4.470000,0.995562,0.995562,0.995562,0.995562,0.995562,0.995562,0.995562
4.471000,0.995853,0.995853,0.995853,0.995853,0.995853,0.995853,0.995853
4.472000,0.996134,0.996134,0.996134,0.996134,0.996134,0.996134,0.996134
4.473000,0.996405,0.996405,0.996405,0.996405,0.996405,0.996405,0.996405
4.474000,0.996666,0.996666,0.996666,0.996666,0.996666,0.996666,0.996666
4.475000,0.996917,0.996917,0.996917,0.996917,0.996917,0.996917,0.996917
4.476000,0.997159,0.997159,0.997159,0.997159,0.997159,0.997159,0.997159
4.477000,0.997391,0.997391,0.997391,0.997391,0.997391,0.997391,0.997391
4.478000,0.997613,0.997613,0.997613,0.997613,0.997613,0.997613,0.997613
4.479000,0.997825,0.997825,0.997825,0.997825,0.997825,0.997825,0.997825
4.480000,0.998027,0.998027,0.998027,0.998027,0.998027,0.998027,0.998027
4.481000,0.998219,0.998219,0.998219,0.998219,0.998219,0.998219,0.998219
4.482000,0.998402,0.998402,0.998402,0.998402,0.998402,0.998402,0.998402
4.483000,0.998574,0.998574,0.998574,0.998574,0.998574,0.998574,0.998574
4.484000,0.998737,0.998737,0.998737,0.998737,0.998737,0.998737,0.998737
4.485000,0.998890,0.998890,0.998890,0.998890,0.998890,0.998890,0.998890
4.486000,0.999033,0.999033,0.999033,0.999033,0.999033,0.999033,0.999033
4.487000,0.999166,0.999166,0.999166,0.999166,0.999166,0.999166,0.999166
4.488000,0.999289,0.999289,0.999289,0.999289,0.999289,0.999289,0.999289
4.489000,0.999403,0.999403,0.999403,0.999403,0.999403,0.999403,0.999403
4.490000,0.999507,0.999507,0.999507,0.999507,0.999507,0.999507,0.999507
4.491000,0.999600,0.999600,0.999600,0.999600,0.999600,0.999600,0.999600
4.492000,0.999684,0.999684,0.999684,0.999684,0.999684,0.999684,0.999684
4.493000,0.999758,0.999758,0.999758,0.999758,0.999758,0.999758,0.999758
4.494000,0.999822,0.999822,0.999822,0.999822,0.999822,0.999822,0.999822
4.495000,0.999877,0.999877,0.999877,0.999877,0.999877,0.999877,0.999877
4.496000,0.999921,0.999921,0.999921,0.999921,0.999921,0.999921,0.999921
4.497000,0.999956,0.999956,0.999956,0.999956,0.999956,0.999956,0.999956
4.498000,0.999980,0.999980,0.999980,0.999980,0.999980,0.999980,0.999980
4.499000,0.999995,0.999995,0.999995,0.999995,0.999995,0.999995,0.999995
4.500000,1.000000,1.000000,1.000000,1.000000,1.000000,1.000000,1.000000
4.501000,0.999995,0.999995,0.999995,0.999995,0.999995,0.999995,0.999995
4.502000,0.999980,0.999980,0.999980,0.999980,0.999980,0.999980,0.999980
4.503000,0.999956,0.999956,0.999956,0.999956,0.999956,0.999956,0.999956
4.504000,0.999921,0.999921,0.999921,0.999921,0.999921,0.999921,0.999921
4.505000,0.999877,0.999877,0.999877,0.999877,0.999877,0.999877,0.999877
4.506000,0.999822,0.999822,0.999822,0.999822,0.999822,0.999822,0.999822
4.507000,0.999758,0.999758,0.999758,0.999758,0.999758,0.999758,0.999758
4.508000,0.999684,0.999684,0.999684,0.999684,0.999684,0.999684,0.999684
4.509000,0.999600,0.999600,0.999600,0.999600,0.999600,0.999600,0.999600
4.510000,0.999507,0.999507,0.999507,0.999507,0.999507,0.999507,0.999507
4.511000,0.999403,0.999403,0.999403,0.999403,0.999403,0.999403,0.999403
4.512000,0.999289,0.999289,0.999289,0.999289,0.999289,0.999289,0.999289
4.513000,0.999166,0.999166,0.999166,0.999166,0.999166,0.999166,0.999166
4.514000,0.999033,0.999033,0.999033,0.999033,0.999033,0.999033,0.999033
4.515000,0.998890,0.998890,0.998890,0.998890,0.998890,0.998890,0.998890
4.516000,0.998737,0.998737,0.998737,0.998737,0.998737,0.998737,0.998737
4.517000,0.998574,0.998574,0.998574,0.998574,0.998574,0.998574,0.998574
4.518000,0.998402,0.998402,0.998402,0.998402,0.998402,0.998402,0.998402
4.519000,0.998219,0.998219,0.998219,0.998219,0.998219,0.998219,0.998219
4.520000,0.998027,0.998027,0.998027,0.998027,0.998027,0.998027,0.998027
4.521000,0.997825,0.997825,0.997825,0.997825,0.997825,0.997825,0.997825
4.522000,0.997613,0.997613,0.997613,0.997613,0.997613,0.997613,0.997613
4.523000,0.997391,0.997391,0.997391,0.997391,0.997391,0.997391,0.997391
4.524000,0.997159,0.997159,0.997159,0.997159,0.997159,0.997159,0.997159
4.525000,0.996917,0.996917,0.996917,0.996917,0.996917,0.996917,0.996917
4.526000,0.996666,0.996666,0.996666,0.996666,0.996666,0.996666,0.996666
4.527000,0.996405,0.996405,0.996405,0.996405,0.996405,0.996405,0.996405
4.528000,0.996134,0.996134,0.996134,0.996134,0.996134,0.996134,0.996134
4.529000,0.995853,0.995853,0.995853,0.995853,0.995853,0.995853,0.995853
4.530000,0.995562,0.995562,0.995562,0.995562,0.995562,0.995562,0.995562
4.531000,0.995261,0.995261,0.995261,0.995261,0.995261,0.995261,0.995261
4.532000,0.994951,0.994951,0.994951,0.994951,0.994951,0.994951,0.994951
4.533000,0.994631,0.994631,0.994631,0.994631,0.994631,0.994631,0.994631
4.534000,0.994301,0.994301,0.994301,0.994301,0.994301,0.994301,0.994301
4.535000,0.993961,0.993961,0.993961,0.993961,0.993961,0.993961,0.993961
4.536000,0.993611,0.993611,0.993611,0.993611,0.993611,0.993611,0.993611
4.537000,0.993252,0.993252,0.993252,0.993252,0.993252,0.993252,0.993252
4.538000,0.992883,0.992883,0.992883,0.992883,0.992883,0.992883,0.992883
4.539000,0.992504,0.992504,0.992504,0.992504,0.992504,0.992504,0.992504
4.540000,0.992115,0.992115,0.992115,0.992115,0.992115,0.992115,0.992115
4.541000,0.991716,0.991716,0.991716,0.991716,0.991716,0.991716,0.991716
4.542000,0.991308,0.991308,0.991308,0.991308,0.991308,0.991308,0.991308
4.543000,0.990889,0.990889,0.990889,0.990889,0.990889,0.990889,0.990889
4.544000,0.990461,0.990461,0.990461,0.990461,0.990461,0.990461,0.990461
4.545000,0.990024,0.990024,0.990024,0.990024,0.990024,0.990024,0.990024
4.546000,0.989576,0.989576,0.989576,0.989576,0.989576,0.989576,0.989576
4.547000,0.989119,0.989119,0.989119,0.989119,0.989119,0.989119,0.989119
4.548000,0.988652,0.988652,0.988652,0.988652,0.988652,0.988652,0.988652
4.549000,0.988175,0.988175,0.988175,0.988175,0.988175,0.988175,0.988175
4.550000,0.987688,0.987688,0.987688,0.987688,0.987688,0.987688,0.987688
4.551000,0.987192,0.987192,0.987192,0.987192,0.987192,0.987192,0.987192
4.552000,0.986686,0.986686,0.986686,0.986686,0.986686,0.986686,0.986686
4.553000,0.986170,0.986170,0.986170,0.986170,0.986170,0.986170,0.986170
4.554000,0.985645,0.985645,0.985645,0.985645,0.985645,0.985645,0.985645
4.555000,0.985109,0.985109,0.985109,0.985109,0.985109,0.985109,0.985109
4.556000,0.984564,0.984564,0.984564,0.984564,0.984564,0.984564,0.984564
4.557000,0.984010,0.984010,0.984010,0.984010,0.984010,0.984010,0.984010
4.558000,0.983445,0.983445,0.983445,0.983445,0.983445,0.983445,0.983445
4.559000,0.982871,0.982871,0.982871,0.982871,0.982871,0.982871,0.982871
4.560000,0.982287,0.982287,0.982287,0.982287,0.982287,0.982287,0.982287
4.561000,0.981694,0.981694,0.981694,0.981694,0.981694,0.981694,0.981694
4.562000,0.981091,0.981091,0.981091,0.981091,0.981091,0.981091,0.981091
4.563000,0.980478,0.980478,0.980478,0.980478,0.980478,0.980478,0.980478
4.564000,0.979855,0.979855,0.979855,0.979855,0.979855,0.979855,0.979855
4.565000,0.979223,0.979223,0.979223,0.979223,0.979223,0.979223,0.979223
4.566000,0.978581,0.978581,0.978581,0.978581,0.978581,0.978581,0.978581
4.567000,0.977929,0.977929,0.977929,0.977929,0.977929,0.977929,0.977929
4.568000,0.977268,0.977268,0.977268,0.977268,0.977268,0.977268,0.977268
4.569000,0.976597,0.976597,0.976597,0.976597,0.976597,0.976597,0.976597
4.570000,0.975917,0.975917,0.975917,0.975917,0.975917,0.975917,0.975917
4.571000,0.975227,0.975227,0.975227,0.975227,0.975227,0.975227,0.975227
4.572000,0.974527,0.974527,0.974527,0.974527,0.974527,0.974527,0.974527
4.573000,0.973817,0.973817,0.973817,0.973817,0.973817,0.973817,0.973817
4.574000,0.973099,0.973099,0.973099,0.973099,0.973099,0.973099,0.973099
4.575000,0.972370,0.972370,0.972370,0.972370,0.972370,0.972370,0.972370
4.576000,0.971632,0.971632,0.971632,0.971632,0.971632,0.971632,0.971632
4.577000,0.970884,0.970884,0.970884,0.970884,0.970884,0.970884,0.970884
4.578000,0.970127,0.970127,0.970127,0.970127,0.970127,0.970127,0.970127
4.579000,0.969360,0.969360,0.969360,0.969360,0.969360,0.969360,0.969360
4.580000,0.968583,0.968583,0.968583,0.968583,0.968583,0.968583,0.968583
4.581000,0.967797,0.967797,0.967797,0.967797,0.967797,0.967797,0.967797
4.582000,0.967001,0.967001,0.967001,0.967001,0.967001,0.967001,0.967001
4.583000,0.966196,0.966196,0.966196,0.966196,0.966196,0.966196,0.966196
4.584000,0.965382,0.965382,0.965382,0.965382,0.965382,0.965382,0.965382
4.585000,0.964557,0.964557,0.964557,0.964557,0.964557,0.964557,0.964557
4.586000,0.963724,0.963724,0.963724,0.963724,0.963724,0.963724,0.963724
4.587000,0.962880,0.962880,0.962880,0.962880,0.962880,0.962880,0.962880
4.588000,0.962028,0.962028,0.962028,0.962028,0.962028,0.962028,0.962028
4.589000,0.961165,0.961165,0.961165,0.961165,0.961165,0.961165,0.961165
4.590000,0.960294,0.960294,0.960294,0.960294,0.960294,0.960294,0.960294
4.591000,0.959412,0.959412,0.959412,0.959412,0.959412,0.959412,0.959412
4.592000,0.958522,0.958522,0.958522,0.958522,0.958522,0.958522,0.958522
4.593000,0.957622,0.957622,0.957622,0.957622,0.957622,0.957622,0.957622
4.594000,0.956712,0.956712,0.956712,0.956712,0.956712,0.956712,0.956712
4.595000,0.955793,0.955793,0.955793,0.955793,0.955793,0.955793,0.955793
4.596000,0.954865,0.954865,0.954865,0.954865,0.954865,0.954865,0.954865
4.597000,0.953927,0.953927,0.953927,0.953927,0.953927,0.953927,0.953927
4.598000,0.952979,0.952979,0.952979,0.952979,0.952979,0.952979,0.952979
4.599000,0.952023,0.952023,0.952023,0.952023,0.952023,0.952023,0.952023
4.600000,0.951057,0.951057,0.951057,0.951057,0.951057,0.951057,0.951057
4.601000,0.950081,0.950081,0.950081,0.950081,0.950081,0.950081,0.950081
4.602000,0.949096,0.949096,0.949096,0.949096,0.949096,0.949096,0.949096
4.603000,0.948102,0.948102,0.948102,0.948102,0.948102,0.948102,0.948102
4.604000,0.947098,0.947098,0.947098,0.947098,0.947098,0.947098,0.947098
4.605000,0.946085,0.946085,0.946085,0.946085,0.946085,0.946085,0.946085
4.606000,0.945063,0.945063,0.945063,0.945063,0.945063,0.945063,0.945063
4.607000,0.944031,0.944031,0.944031,0.944031,0.944031,0.944031,0.944031
4.608000,0.942991,0.942991,0.942991,0.942991,0.942991,0.942991,0.942991
4.609000,0.941940,0.941940,0.941940,0.941940,0.941940,0.941940,0.941940
4.610000,0.940881,0.940881,0.940881,0.940881,0.940881,0.940881,0.940881
4.611000,0.939812,0.939812,0.939812,0.939812,0.939812,0.939812,0.939812
4.612000,0.938734,0.938734,0.938734,0.938734,0.938734,0.938734,0.938734
4.613000,0.937646,0.937646,0.937646,0.937646,0.937646,0.937646,0.937646
4.614000,0.936550,0.936550,0.936550,0.936550,0.936550,0.936550,0.936550
4.615000,0.935444,0.935444,0.935444,0.935444,0.935444,0.935444,0.935444
4.616000,0.934329,0.934329,0.934329,0.934329,0.934329,0.934329,0.934329
4.617000,0.933205,0.933205,0.933205,0.933205,0.933205,0.933205,0.933205
4.618000,0.932071,0.932071,0.932071,0.932071,0.932071,0.932071,0.932071
4.619000,0.930928,0.930928,0.930928,0.930928,0.930928,0.930928,0.930928
4.620000,0.929776,0.929776,0.929776,0.929776,0.929776,0.929776,0.929776
4.621000,0.928615,0.928615,0.928615,0.928615,0.928615,0.928615,0.928615
4.622000,0.927445,0.927445,0.927445,0.927445,0.927445,0.927445,0.927445
4.623000,0.926266,0.926266,0.926266,0.926266,0.926266,0.926266,0.926266
4.624000,0.925077,0.925077,0.925077,0.925077,0.925077,0.925077,0.925077
4.625000,0.923880,0.923880,0.923880,0.923880,0.923880,0.923880,0.923880
4.626000,0.922673,0.922673,0.922673,0.922673,0.922673,0.922673,0.922673
4.627000,0.921457,0.921457,0.921457,0.921457,0.921457,0.921457,0.921457
4.628000,0.920232,0.920232,0.920232,0.920232,0.920232,0.920232,0.920232
4.629000,0.918998,0.918998,0.918998,0.918998,0.918998,0.918998,0.918998
4.630000,0.917755,0.917755,0.917755,0.917755,0.917755,0.917755,0.917755
4.631000,0.916502,0.916502,0.916502,0.916502,0.916502,0.916502,0.916502
4.632000,0.915241,0.915241,0.915241,0.915241,0.915241,0.915241,0.915241
4.633000,0.913971,0.913971,0.913971,0.913971,0.913971,0.913971,0.913971
4.634000,0.912692,0.912692,0.912692,0.912692,0.912692,0.912692,0.912692
4.635000,0.911403,0.911403,0.911403,0.911403,0.911403,0.911403,0.911403
4.636000,0.910106,0.910106,0.910106,0.910106,0.910106,0.910106,0.910106
4.637000,0.908800,0.908800,0.908800,0.908800,0.908800,0.908800,0.908800
4.638000,0.907484,0.907484,0.907484,0.907484,0.907484,0.907484,0.907484
4.639000,0.906160,0.906160,0.906160,0.906160,0.906160,0.906160,0.906160
4.640000,0.904827,0.904827,0.904827,0.904827,0.904827,0.904827,0.904827
4.641000,0.903485,0.903485,0.903485,0.903485,0.903485,0.903485,0.903485
4.642000,0.902134,0.902134,0.902134,0.902134,0.902134,0.902134,0.902134
4.643000,0.900774,0.900774,0.900774,0.900774,0.900774,0.900774,0.900774
4.644000,0.899405,0.899405,0.899405,0.899405,0.899405,0.899405,0.899405
4.645000,0.898028,0.898028,0.898028,0.898028,0.898028,0.898028,0.898028
4.646000,0.896641,0.896641,0.896641,0.896641,0.896641,0.896641,0.896641
4.647000,0.895246,0.895246,0.895246,0.895246,0.895246,0.895246,0.895246
4.648000,0.893841,0.893841,0.893841,0.893841,0.893841,0.893841,0.893841
4.649000,0.892428,0.892428,0.892428,0.892428,0.892428,0.892428,0.892428
4.650000,0.891007,0.891007,0.891007,0.891007,0.891007,0.891007,0.891007
4.651000,0.889576,0.889576,0.889576,0.889576,0.889576,0.889576,0.889576
4.652000,0.888136,0.888136,0.888136,0.888136,0.888136,0.888136,0.888136
4.653000,0.886688,0.886688,0.886688,0.886688,0.886688,0.886688,0.886688
4.654000,0.885231,0.885231,0.885231,0.885231,0.885231,0.885231,0.885231
4.655000,0.883766,0.883766,0.883766,0.883766,0.883766,0.883766,0.883766
4.656000,0.882291,0.882291,0.882291,0.882291,0.882291,0.882291,0.882291
4.657000,0.880808,0.880808,0.880808,0.880808,0.880808,0.880808,0.880808
4.658000,0.879316,0.879316,0.879316,0.879316,0.879316,0.879316,0.879316
4.659000,0.877816,0.877816,0.877816,0.877816,0.877816,0.877816,0.877816
4.660000,0.876307,0.876307,0.876307,0.876307,0.876307,0.876307,0.876307
4.661000,0.874789,0.874789,0.874789,0.874789,0.874789,0.874789,0.874789
4.662000,0.873262,0.873262,0.873262,0.873262,0.873262,0.873262,0.873262
4.663000,0.871727,0.871727,0.871727,0.871727,0.871727,0.871727,0.871727
4.664000,0.870184,0.870184,0.870184,0.870184,0.870184,0.870184,0.870184
4.665000,0.868632,0.868632,0.868632,0.868632,0.868632,0.868632,0.868632
4.666000,0.867071,0.867071,0.867071,0.867071,0.867071,0.867071,0.867071
4.667000,0.865501,0.865501,0.865501,0.865501,0.865501,0.865501,0.865501
4.668000,0.863923,0.863923,0.863923,0.863923,0.863923,0.863923,0.863923
4.669000,0.862337,0.862337,0.862337,0.862337,0.862337,0.862337,0.862337
4.670000,0.860742,0.860742,0.860742,0.860742,0.860742,0.860742,0.860742
4.671000,0.859139,0.859139,0.859139,0.859139,0.859139,0.859139,0.859139
4.672000,0.857527,0.857527,0.857527,0.857527,0.857527,0.857527,0.857527
4.673000,0.855906,0.855906,0.855906,0.855906,0.855906,0.855906,0.855906
4.674000,0.854277,0.854277,0.854277,0.854277,0.854277,0.854277,0.854277
4.675000,0.852640,0.852640,0.852640,0.852640,0.852640,0.852640,0.852640
4.676000,0.850994,0.850994,0.850994,0.850994,0.850994,0.850994,0.850994
4.677000,0.849340,0.849340,0.849340,0.849340,0.849340,0.849340,0.849340
4.678000,0.847678,0.847678,0.847678,0.847678,0.847678,0.847678,0.847678
4.679000,0.846007,0.846007,0.846007,0.846007,0.846007,0.846007,0.846007
4.680000,0.844328,0.844328,0.844328,0.844328,0.844328,0.844328,0.844328
4.681000,0.842640,0.842640,0.842640,0.842640,0.842640,0.842640,0.842640
4.682000,0.840945,0.840945,0.840945,0.840945,0.840945,0.840945,0.840945
4.683000,0.839240,0.839240,0.839240,0.839240,0.839240,0.839240,0.839240
4.684000,0.837528,0.837528,0.837528,0.837528,0.837528,0.837528,0.837528
4.685000,0.835807,0.835807,0.835807,0.835807,0.835807,0.835807,0.835807
4.686000,0.834078,0.834078,0.834078,0.834078,0.834078,0.834078,0.834078
4.687000,0.832341,0.832341,0.832341,0.832341,0.832341,0.832341,0.832341
4.688000,0.830596,0.830596,0.830596,0.830596,0.830596,0.830596,0.830596
4.689000,0.828842,0.828842,0.828842,0.828842,0.828842,0.828842,0.828842
4.690000,0.827081,0.827081,0.827081,0.827081,0.827081,0.827081,0.827081
4.691000,0.825311,0.825311,0.825311,0.825311,0.825311,0.825311,0.825311
4.692000,0.823533,0.823533,0.823533,0.823533,0.823533,0.823533,0.823533
4.693000,0.821746,0.821746,0.821746,0.821746,0.821746,0.821746,0.821746
4.694000,0.819952,0.819952,0.819952,0.819952,0.819952,0.819952,0.819952
4.695000,0.818150,0.818150,0.818150,0.818150,0.818150,0.818150,0.818150
4.696000,0.816339,0.816339,0.816339,0.816339,0.816339,0.816339,0.816339
4.697000,0.814521,0.814521,0.814521,0.814521,0.814521,0.814521,0.814521
4.698000,0.812694,0.812694,0.812694,0.812694,0.812694,0.812694,0.812694
4.699000,0.810860,0.810860,0.810860,0.810860,0.810860,0.810860,0.810860
4.700000,0.809017,0.809017,0.809017,0.809017,0.809017,0.809017,0.809017
4.701000,0.807166,0.807166,0.807166,0.807166,0.807166,0.807166,0.807166
4.702000,0.805308,0.805308,0.805308,0.805308,0.805308,0.805308,0.805308
4.703000,0.803441,0.803441,0.803441,0.803441,0.803441,0.803441,0.803441
4.704000,0.801567,0.801567,0.801567,0.801567,0.801567,0.801567,0.801567
4.705000,0.799685,0.799685,0.799685,0.799685,0.799685,0.799685,0.799685
4.706000,0.797794,0.797794,0.797794,0.797794,0.797794,0.797794,0.797794
4.707000,0.795896,0.795896,0.795896,0.795896,0.795896,0.795896,0.795896
4.708000,0.793990,0.793990,0.793990,0.793990,0.793990,0.793990,0.793990
4.709000,0.792077,0.792077,0.792077,0.792077,0.792077,0.792077,0.792077
4.710000,0.790155,0.790155,0.790155,0.790155,0.790155,0.790155,0.790155
4.711000,0.788226,0.788226,0.788226,0.788226,0.788226,0.788226,0.788226
4.712000,0.786288,0.786288,0.786288,0.786288,0.786288,0.786288,0.786288
4.713000,0.784343,0.784343,0.784343,0.784343,0.784343,0.784343,0.784343
4.714000,0.782391,0.782391,0.782391,0.782391,0.782391,0.782391,0.782391
4.715000,0.780430,0.780430,0.780430,0.780430,0.780430,0.780430,0.780430
4.716000,0.778462,0.778462,0.778462,0.778462,0.778462,0.778462,0.778462
4.717000,0.776487,0.776487,0.776487,0.776487,0.776487,0.776487,0.776487
4.718000,0.774503,0.774503,0.774503,0.774503,0.774503,0.774503,0.774503
4.719000,0.772512,0.772512,0.772512,0.772512,0.772512,0.772512,0.772512
4.720000,0.770513,0.770513,0.770513,0.770513,0.770513,0.770513,0.770513
4.721000,0.768507,0.768507,0.768507,0.768507,0.768507,0.768507,0.768507
4.722000,0.766493,0.766493,0.766493,0.766493,0.766493,0.766493,0.766493
4.723000,0.764472,0.764472,0.764472,0.764472,0.764472,0.764472,0.764472
4.724000,0.762443,0.762443,0.762443,0.762443,0.762443,0.762443,0.762443
4.725000,0.760406,0.760406,0.760406,0.760406,0.760406,0.760406,0.760406
4.726000,0.758362,0.758362,0.758362,0.758362,0.758362,0.758362,0.758362
4.727000,0.756310,0.756310,0.756310,0.756310,0.756310,0.756310,0.756310
4.728000,0.754251,0.754251,0.754251,0.754251,0.754251,0.754251,0.754251
4.729000,0.752185,0.752185,0.752185,0.752185,0.752185,0.752185,0.752185
4.730000,0.750111,0.750111,0.750111,0.750111,0.750111,0.750111,0.750111
4.731000,0.748030,0.748030,0.748030,0.748030,0.748030,0.748030,0.748030
4.732000,0.745941,0.745941,0.745941,0.745941,0.745941,0.745941,0.745941
4.733000,0.743845,0.743845,0.743845,0.743845,0.743845,0.743845,0.743845
4.734000,0.741742,0.741742,0.741742,0.741742,0.741742,0.741742,0.741742
4.735000,0.739631,0.739631,0.739631,0.739631,0.739631,0.739631,0.739631
4.736000,0.737513,0.737513,0.737513,0.737513,0.737513,0.737513,0.737513
4.737000,0.735388,0.735388,0.735388,0.735388,0.735388,0.735388,0.735388
4.738000,0.733255,0.733255,0.733255,0.733255,0.733255,0.733255,0.733255
4.739000,0.731116,0.731116,0.731116,0.731116,0.731116,0.731116,0.731116
4.740000,0.728969,0.728969,0.728969,0.728969,0.728969,0.728969,0.728969
4.741000,0.726814,0.726814,0.726814,0.726814,0.726814,0.726814,0.726814
4.742000,0.724653,0.724653,0.724653,0.724653,0.724653,0.724653,0.724653
4.743000,0.722485,0.722485,0.722485,0.722485,0.722485,0.722485,0.722485
4.744000,0.720309,0.720309,0.720309,0.720309,0.720309,0.720309,0.720309
4.745000,0.718126,0.718126,0.718126,0.718126,0.718126,0.718126,0.718126
4.746000,0.715936,0.715936,0.715936,0.715936,0.715936,0.715936,0.715936
4.747000,0.713740,0.713740,0.713740,0.713740,0.713740,0.713740,0.713740
4.748000,0.711536,0.711536,0.711536,0.711536,0.711536,0.711536,0.711536
4.749000,0.709325,0.709325,0.709325,0.709325,0.709325,0.709325,0.709325
4.750000,0.707107,0.707107,0.707107,0.707107,0.707107,0.707107,0.707107
4.751000,0.704882,0.704882,0.704882,0.704882,0.704882,0.704882,0.704882
4.752000,0.702650,0.702650,0.702650,0.702650,0.702650,0.702650,0.702650
4.753000,0.700411,0.700411,0.700411,0.700411,0.700411,0.700411,0.700411
4.754000,0.698165,0.698165,0.698165,0.698165,0.698165,0.698165,0.698165
4.755000,0.695913,0.695913,0.695913,0.695913,0.695913,0.695913,0.695913
4.756000,0.693653,0.693653,0.693653,0.693653,0.693653,0.693653,0.693653
4.757000,0.691387,0.691387,0.691387,0.691387,0.691387,0.691387,0.691387
4.758000,0.689114,0.689114,0.689114,0.689114,0.689114,0.689114,0.689114
4.759000,0.686834,0.686834,0.686834,0.686834,0.686834,0.686834,0.686834
4.760000,0.684547,0.684547,0.684547,0.684547,0.684547,0.684547,0.684547
4.761000,0.682254,0.682254,0.682254,0.682254,0.682254,0.682254,0.682254
4.762000,0.679953,0.679953,0.679953,0.679953,0.679953,0.679953,0.679953
4.763000,0.677646,0.677646,0.677646,0.677646,0.677646,0.677646,0.677646
4.764000,0.675333,0.675333,0.675333,0.675333,0.675333,0.675333,0.675333
4.765000,0.673013,0.673013,0.673013,0.673013,0.673013,0.673013,0.673013
4.766000,0.670686,0.670686,0.670686,0.670686,0.670686,0.670686,0.670686
4.767000,0.668352,0.668352,0.668352,0.668352,0.668352,0.668352,0.668352
4.768000,0.666012,0.666012,0.666012,0.666012,0.666012,0.666012,0.666012
4.769000,0.663665,0.663665,0.663665,0.663665,0.663665,0.663665,0.663665
4.770000,0.661312,0.661312,0.661312,0.661312,0.661312,0.661312,0.661312
4.771000,0.658952,0.658952,0.658952,0.658952,0.658952,0.658952,0.658952
4.772000,0.656586,0.656586,0.656586,0.656586,0.656586,0.656586,0.656586
4.773000,0.654213,0.654213,0.654213,0.654213,0.654213,0.654213,0.654213
4.774000,0.651834,0.651834,0.651834,0.651834,0.651834,0.651834,0.651834
4.775000,0.649448,0.649448,0.649448,0.649448,0.649448,0.649448,0.649448
4.776000,0.647056,0.647056,0.647056,0.647056,0.647056,0.647056,0.647056
4.777000,0.644657,0.644657,0.644657,0.644657,0.644657,0.644657,0.644657
4.778000,0.642253,0.642253,0.642253,0.642253,0.642253,0.642253,0.642253
4.779000,0.639841,0.639841,0.639841,0.639841,0.639841,0.639841,0.639841
4.780000,0.637424,0.637424,0.637424,0.637424,0.637424,0.637424,0.637424
4.781000,0.635000,0.635000,0.635000,0.635000,0.635000,0.635000,0.635000
4.782000,0.632570,0.632570,0.632570,0.632570,0.632570,0.632570,0.632570
4.783000,0.630134,0.630134,0.630134,0.630134,0.630134,0.630134,0.630134
4.784000,0.627691,0.627691,0.627691,0.627691,0.627691,0.627691,0.627691
4.785000,0.625243,0.625243,0.625243,0.625243,0.625243,0.625243,0.625243
4.786000,0.622788,0.622788,0.622788,0.622788,0.622788,0.622788,0.622788
4.787000,0.620327,0.620327,0.620327,0.620327,0.620327,0.620327,0.620327
4.788000,0.617860,0.617860,0.617860,0.617860,0.617860,0.617860,0.617860
4.789000,0.615386,0.615386,0.615386,0.615386,0.615386,0.615386,0.615386
4.790000,0.612907,0.612907,0.612907,0.612907,0.612907,0.612907,0.612907
4.791000,0.610422,0.610422,0.610422,0.610422,0.610422,0.610422,0.610422
4.792000,0.607930,0.607930,0.607930,0.607930,0.607930,0.607930,0.607930
4.793000,0.605433,0.605433,0.605433,0.605433,0.605433,0.605433,0.605433
4.794000,0.602930,0.602930,0.602930,0.602930,0.602930,0.602930,0.602930
4.795000,0.600420,0.600420,0.600420,0.600420,0.600420,0.600420,0.600420
4.796000,0.597905,0.597905,0.597905,0.597905,0.597905,0.597905,0.597905
4.797000,0.595384,0.595384,0.595384,0.595384,0.595384,0.595384,0.595384
4.798000,0.592857,0.592857,0.592857,0.592857,0.592857,0.592857,0.592857
4.799000,0.590324,0.590324,0.590324,0.590324,0.590324,0.590324,0.590324
4.800000,0.587785,0.587785,0.587785,0.587785,0.587785,0.587785,0.587785
4.801000,0.585241,0.585241,0.585241,0.585241,0.585241,0.585241,0.585241
4.802000,0.582690,0.582690,0.582690,0.582690,0.582690,0.582690,0.582690
4.803000,0.580134,0.580134,0.580134,0.580134,0.580134,0.580134,0.580134
4.804000,0.577573,0.577573,0.577573,0.577573,0.577573,0.577573,0.577573
4.805000,0.575005,0.575005,0.575005,0.575005,0.575005,0.575005,0.575005
4.806000,0.572432,0.572432,0.572432,0.572432,0.572432,0.572432,0.572432
4.807000,0.569853,0.569853,0.569853,0.569853,0.569853,0.569853,0.569853
4.808000,0.567269,0.567269,0.567269,0.567269,0.567269,0.567269,0.567269
4.809000,0.564679,0.564679,0.564679,0.564679,0.564679,0.564679,0.564679
4.810000,0.562083,0.562083,0.562083,0.562083,0.562083,0.562083,0.562083
4.811000,0.559482,0.559482,0.559482,0.559482,0.559482,0.559482,0.559482
4.812000,0.556876,0.556876,0.556876,0.556876,0.556876,0.556876,0.556876
4.813000,0.554263,0.554263,0.554263,0.554263,0.554263,0.554263,0.554263
4.814000,0.551646,0.551646,0.551646,0.551646,0.551646,0.551646,0.551646
4.815000,0.549023,0.549023,0.549023,0.549023,0.549023,0.549023,0.549023
4.816000,0.546394,0.546394,0.546394,0.546394,0.546394,0.546394,0.546394
4.817000,0.543760,0.543760,0.543760,0.543760,0.543760,0.543760,0.543760
4.818000,0.541121,0.541121,0.541121,0.541121,0.541121,0.541121,0.541121
4.819000,0.538477,0.538477,0.538477,0.538477,0.538477,0.538477,0.538477
4.820000,0.535827,0.535827,0.535827,0.535827,0.535827,0.535827,0.535827
4.821000,0.533172,0.533172,0.533172,0.533172,0.533172,0.533172,0.533172
4.822000,0.530511,0.530511,0.530511,0.530511,0.530511,0.530511,0.530511
4.823000,0.527846,0.527846,0.527846,0.527846,0.527846,0.527846,0.527846
4.824000,0.525175,0.525175,0.525175,0.525175,0.525175,0.525175,0.525175
4.825000,0.522499,0.522499,0.522499,0.522499,0.522499,0.522499,0.522499
4.826000,0.519817,0.519817,0.519817,0.519817,0.519817,0.519817,0.519817
4.827000,0.517131,0.517131,0.517131,0.517131,0.517131,0.517131,0.517131
4.828000,0.514440,0.514440,0.514440,0.514440,0.514440,0.514440,0.514440
4.829000,0.511743,0.511743,0.511743,0.511743,0.511743,0.511743,0.511743
4.830000,0.509041,0.509041,0.509041,0.509041,0.509041,0.509041,0.509041
4.831000,0.506335,0.506335,0.506335,0.506335,0.506335,0.506335,0.506335
4.832000,0.503623,0.503623,0.503623,0.503623,0.503623,0.503623,0.503623
4.833000,0.500907,0.500907,0.500907,0.500907,0.500907,0.500907,0.500907
4.834000,0.498185,0.498185,0.498185,0.498185,0.498185,0.498185,0.498185
4.835000,0.495459,0.495459,0.495459,0.495459,0.495459,0.495459,0.495459
4.836000,0.492727,0.492727,0.492727,0.492727,0.492727,0.492727,0.492727
4.837000,0.489991,0.489991,0.489991,0.489991,0.489991,0.489991,0.489991
4.838000,0.487250,0.487250,0.487250,0.487250,0.487250,0.487250,0.487250
4.839000,0.484504,0.484504,0.484504,0.484504,0.484504,0.484504,0.484504
4.840000,0.481754,0.481754,0.481754,0.481754,0.481754,0.481754,0.481754
4.841000,0.478998,0.478998,0.478998,0.478998,0.478998,0.478998,0.478998
4.842000,0.476238,0.476238,0.476238,0.476238,0.476238,0.476238,0.476238
4.843000,0.473473,0.473473,0.473473,0.473473,0.473473,0.473473,0.473473
4.844000,0.470704,0.470704,0.470704,0.470704,0.470704,0.470704,0.470704
4.845000,0.467930,0.467930,0.467930,0.467930,0.467930,0.467930,0.467930
4.846000,0.465151,0.465151,0.465151,0.465151,0.465151,0.465151,0.465151
4.847000,0.462368,0.462368,0.462368,0.462368,0.462368,0.462368,0.462368
4.848000,0.459580,0.459580,0.459580,0.459580,0.459580,0.459580,0.459580
4.849000,0.456787,0.456787,0.456787,0.456787,0.456787,0.456787,0.456787
4.850000,0.453990,0.453990,0.453990,0.453990,0.453990,0.453990,0.453990
4.851000,0.451189,0.451189,0.451189,0.451189,0.451189,0.451189,0.451189
4.852000,0.448383,0.448383,0.448383,0.448383,0.448383,0.448383,0.448383
4.853000,0.445573,0.445573,0.445573,0.445573,0.445573,0.445573,0.445573
4.854000,0.442758,0.442758,0.442758,0.442758,0.442758,0.442758,0.442758
4.855000,0.439939,0.439939,0.439939,0.439939,0.439939,0.439939,0.439939
4.856000,0.437116,0.437116,0.437116,0.437116,0.437116,0.437116,0.437116
4.857000,0.434288,0.434288,0.434288,0.434288,0.434288,0.434288,0.434288
4.858000,0.431456,0.431456,0.431456,0.431456,0.431456,0.431456,0.431456
4.859000,0.428620,0.428620,0.428620,0.428620,0.428620,0.428620,0.428620
4.860000,0.425779,0.425779,0.425779,0.425779,0.425779,0.425779,0.425779
4.861000,0.422935,0.422935,0.422935,0.422935,0.422935,0.422935,0.422935
4.862000,0.420086,0.420086,0.420086,0.420086,0.420086,0.420086,0.420086
4.863000,0.417233,0.417233,0.417233,0.417233,0.417233,0.417233,0.417233
4.864000,0.414376,0.414376,0.414376,0.414376,0.414376,0.414376,0.414376
4.865000,0.411514,0.411514,0.411514,0.411514,0.411514,0.411514,0.411514
4.866000,0.408649,0.408649,0.408649,0.408649,0.408649,0.408649,0.408649
4.867000,0.405780,0.405780,0.405780,0.405780,0.405780,0.405780,0.405780
4.868000,0.402906,0.402906,0.402906,0.402906,0.402906,0.402906,0.402906
4.869000,0.400029,0.400029,0.400029,0.400029,0.400029,0.400029,0.400029
4.870000,0.397148,0.397148,0.397148,0.397148,0.397148,0.397148,0.397148
4.871000,0.394263,0.394263,0.394263,0.394263,0.394263,0.394263,0.394263
4.872000,0.391374,0.391374,0.391374,0.391374,0.391374,0.391374,0.391374
4.873000,0.388481,0.388481,0.388481,0.388481,0.388481,0.388481,0.388481
4.874000,0.385584,0.385584,0.385584,0.385584,0.385584,0.385584,0.385584
4.875000,0.382683,0.382683,0.382683,0.382683,0.382683,0.382683,0.382683
4.876000,0.379779,0.379779,0.379779,0.379779,0.379779,0.379779,0.379779
4.877000,0.376871,0.376871,0.376871,0.376871,0.376871,0.376871,0.376871
4.878000,0.373959,0.373959,0.373959,0.373959,0.373959,0.373959,0.373959
4.879000,0.371044,0.371044,0.371044,0.371044,0.371044,0.371044,0.371044
4.880000,0.368125,0.368125,0.368125,0.368125,0.368125,0.368125,0.368125
4.881000,0.365202,0.365202,0.365202,0.365202,0.365202,0.365202,0.365202
4.882000,0.362275,0.362275,0.362275,0.362275,0.362275,0.362275,0.362275
4.883000,0.359345,0.359345,0.359345,0.359345,0.359345,0.359345,0.359345
4.884000,0.356412,0.356412,0.356412,0.356412,0.356412,0.356412,0.356412
4.885000,0.353475,0.353475,0.353475,0.353475,0.353475,0.353475,0.353475
4.886000,0.350534,0.350534,0.350534,0.350534,0.350534,0.350534,0.350534
4.887000,0.347590,0.347590,0.347590,0.347590,0.347590,0.347590,0.347590
4.888000,0.344643,0.344643,0.344643,0.344643,0.344643,0.344643,0.344643
4.889000,0.341692,0.341692,0.341692,0.341692,0.341692,0.341692,0.341692
4.890000,0.338738,0.338738,0.338738,0.338738,0.338738,0.338738,0.338738
4.891000,0.335780,0.335780,0.335780,0.335780,0.335780,0.335780,0.335780
4.892000,0.332820,0.332820,0.332820,0.332820,0.332820,0.332820,0.332820
4.893000,0.329855,0.329855,0.329855,0.329855,0.329855,0.329855,0.329855
4.894000,0.326888,0.326888,0.326888,0.326888,0.326888,0.326888,0.326888
4.895000,0.323917,0.323917,0.323917,0.323917,0.323917,0.323917,0.323917
4.896000,0.320944,0.320944,0.320944,0.320944,0.320944,0.320944,0.320944
4.897000,0.317967,0.317967,0.317967,0.317967,0.317967,0.317967,0.317967
4.898000,0.314987,0.314987,0.314987,0.314987,0.314987,0.314987,0.314987
4.899000,0.312003,0.312003,0.312003,0.312003,0.312003,0.312003,0.312003
4.900000,0.309017,0.309017,0.309017,0.309017,0.309017,0.309017,0.309017
4.901000,0.306028,0.306028,0.306028,0.306028,0.306028,0.306028,0.306028
4.902000,0.303035,0.303035,0.303035,0.303035,0.303035,0.303035,0.303035
4.903000,0.300040,0.300040,0.300040,0.300040,0.300040,0.300040,0.300040
4.904000,0.297042,0.297042,0.297042,0.297042,0.297042,0.297042,0.297042
4.905000,0.294040,0.294040,0.294040,0.294040,0.294040,0.294040,0.294040
4.906000,0.291036,0.291036,0.291036,0.291036,0.291036,0.291036,0.291036
4.907000,0.288029,0.288029,0.288029,0.288029,0.288029,0.288029,0.288029
4.908000,0.285019,0.285019,0.285019,0.285019,0.285019,0.285019,0.285019
4.909000,0.282007,0.282007,0.282007,0.282007,0.282007,0.282007,0.282007
4.910000,0.278991,0.278991,0.278991,0.278991,0.278991,0.278991,0.278991
4.911000,0.275973,0.275973,0.275973,0.275973,0.275973,0.275973,0.275973
4.912000,0.272952,0.272952,0.272952,0.272952,0.272952,0.272952,0.272952
4.913000,0.269928,0.269928,0.269928,0.269928,0.269928,0.269928,0.269928
4.914000,0.266902,0.266902,0.266902,0.266902,0.266902,0.266902,0.266902
4.915000,0.263873,0.263873,0.263873,0.263873,0.263873,0.263873,0.263873
4.916000,0.260842,0.260842,0.260842,0.260842,0.260842,0.260842,0.260842
4.917000,0.257807,0.257807,0.257807,0.257807,0.257807,0.257807,0.257807
4.918000,0.254771,0.254771,0.254771,0.254771,0.254771,0.254771,0.254771
4.919000,0.251732,0.251732,0.251732,0.251732,0.251732,0.251732,0.251732
4.920000,0.248690,0.248690,0.248690,0.248690,0.248690,0.248690,0.248690
4.921000,0.245646,0.245646,0.245646,0.245646,0.245646,0.245646,0.245646
4.922000,0.242599,0.242599,0.242599,0.242599,0.242599,0.242599,0.242599
4.923000,0.239550,0.239550,0.239550,0.239550,0.239550,0.239550,0.239550
4.924000,0.236499,0.236499,0.236499,0.236499,0.236499,0.236499,0.236499
4.925000,0.233445,0.233445,0.233445,0.233445,0.233445,0.233445,0.233445
4.926000,0.230389,0.230389,0.230389,0.230389,0.230389,0.230389,0.230389
4.927000,0.227331,0.227331,0.227331,0.227331,0.227331,0.227331,0.227331
4.928000,0.224271,0.224271,0.224271,0.224271,0.224271,0.224271,0.224271
4.929000,0.221208,0.221208,0.221208,0.221208,0.221208,0.221208,0.221208
4.930000,0.218143,0.218143,0.218143,0.218143,0.218143,0.218143,0.218143
4.931000,0.215076,0.215076,0.215076,0.215076,0.215076,0.215076,0.215076
4.932000,0.212007,0.212007,0.212007,0.212007,0.212007,0.212007,0.212007
4.933000,0.208936,0.208936,0.208936,0.208936,0.208936,0.208936,0.208936
4.934000,0.205863,0.205863,0.205863,0.205863,0.205863,0.205863,0.205863
4.935000,0.202787,0.202787,0.202787,0.202787,0.202787,0.202787,0.202787
4.936000,0.199710,0.199710,0.199710,0.199710,0.199710,0.199710,0.199710
4.937000,0.196631,0.196631,0.196631,0.196631,0.196631,0.196631,0.196631
4.938000,0.193549,0.193549,0.193549,0.193549,0.193549,0.193549,0.193549
4.939000,0.190466,0.190466,0.190466,0.190466,0.190466,0.190466,0.190466
4.940000,0.187381,0.187381,0.187381,0.187381,0.187381,0.187381,0.187381
4.941000,0.184294,0.184294,0.184294,0.184294,0.184294,0.184294,0.184294
4.942000,0.181206,0.181206,0.181206,0.181206,0.181206,0.181206,0.181206
4.943000,0.178115,0.178115,0.178115,0.178115,0.178115,0.178115,0.178115
4.944000,0.175023,0.175023,0.175023,0.175023,0.175023,0.175023,0.175023
4.945000,0.171929,0.171929,0.171929,0.171929,0.171929,0.171929,0.171929
4.946000,0.168833,0.168833,0.168833,0.168833,0.168833,0.168833,0.168833
4.947000,0.165736,0.165736,0.165736,0.165736,0.165736,0.165736,0.165736
4.948000,0.162637,0.162637,0.162637,0.162637,0.162637,0.162637,0.162637
4.949000,0.159537,0.159537,0.159537,0.159537,0.159537,0.159537,0.159537
4.950000,0.156434,0.156434,0.156434,0.156434,0.156434,0.156434,0.156434
4.951000,0.153331,0.153331,0.153331,0.153331,0.153331,0.153331,0.153331
4.952000,0.150226,0.150226,0.150226,0.150226,0.150226,0.150226,0.150226
4.953000,0.147119,0.147119,0.147119,0.147119,0.147119,0.147119,0.147119
4.954000,0.144011,0.144011,0.144011,0.144011,0.144011,0.144011,0.144011
4.955000,0.140901,0.140901,0.140901,0.140901,0.140901,0.140901,0.140901
4.956000,0.137790,0.137790,0.137790,0.137790,0.137790,0.137790,0.137790
4.957000,0.134678,0.134678,0.134678,0.134678,0.134678,0.134678,0.134678
4.958000,0.131564,0.131564,0.131564,0.131564,0.131564,0.131564,0.131564
4.959000,0.128449,0.128449,0.128449,0.128449,0.128449,0.128449,0.128449
4.960000,0.125333,0.125333,0.125333,0.125333,0.125333,0.125333,0.125333
4.961000,0.122216,0.122216,0.122216,0.122216,0.122216,0.122216,0.122216
4.962000,0.119097,0.119097,0.119097,0.119097,0.119097,0.119097,0.119097
4.963000,0.115977,0.115977,0.115977,0.115977,0.115977,0.115977,0.115977
4.964000,0.112856,0.112856,0.112856,0.112856,0.112856,0.112856,0.112856
4.965000,0.109734,0.109734,0.109734,0.109734,0.109734,0.109734,0.109734
4.966000,0.106611,0.106611,0.106611,0.106611,0.106611,0.106611,0.106611
4.967000,0.103487,0.103487,0.103487,0.103487,0.103487,0.103487,0.103487
4.968000,0.100362,0.100362,0.100362,0.100362,0.100362,0.100362,0.100362
4.969000,0.097235,0.097235,0.097235,0.097235,0.097235,0.097235,0.097235
4.970000,0.094108,0.094108,0.094108,0.094108,0.094108,0.094108,0.094108
4.971000,0.090980,0.090980,0.090980,0.090980,0.090980,0.090980,0.090980
4.972000,0.087851,0.087851,0.087851,0.087851,0.087851,0.087851,0.087851
4.973000,0.084721,0.084721,0.084721,0.084721,0.084721,0.084721,0.084721
4.974000,0.081591,0.081591,0.081591,0.081591,0.081591,0.081591,0.081591
4.975000,0.078459,0.078459,0.078459,0.078459,0.078459,0.078459,0.078459
4.976000,0.075327,0.075327,0.075327,0.075327,0.075327,0.075327,0.075327
4.977000,0.072194,0.072194,0.072194,0.072194,0.072194,0.072194,0.072194
4.978000,0.069060,0.069060,0.069060,0.069060,0.069060,0.069060,0.069060
4.979000,0.065926,0.065926,0.065926,0.065926,0.065926,0.065926,0.065926
4.980000,0.062791,0.062791,0.062791,0.062791,0.062791,0.062791,0.062791
4.981000,0.059655,0.059655,0.059655,0.059655,0.059655,0.059655,0.059655
4.982000,0.056519,0.056519,0.056519,0.056519,0.056519,0.056519,0.056519
4.983000,0.053382,0.053382,0.053382,0.053382,0.053382,0.053382,0.053382
4.984000,0.050244,0.050244,0.050244,0.050244,0.050244,0.050244,0.050244
4.985000,0.047106,0.047106,0.047106,0.047106,0.047106,0.047106,0.047106
4.986000,0.043968,0.043968,0.043968,0.043968,0.043968,0.043968,0.043968
4.987000,0.040829,0.040829,0.040829,0.040829,0.040829,0.040829,0.040829
4.988000,0.037690,0.037690,0.037690,0.037690,0.037690,0.037690,0.037690
4.989000,0.034551,0.034551,0.034551,0.034551,0.034551,0.034551,0.034551
4.990000,0.031411,0.031411,0.031411,0.031411,0.031411,0.031411,0.031411
4.991000,0.028271,0.028271,0.028271,0.028271,0.028271,0.028271,0.028271
4.992000,0.025130,0.025130,0.025130,0.025130,0.025130,0.025130,0.025130
4.993000,0.021989,0.021989,0.021989,0.021989,0.021989,0.021989,0.021989
4.994000,0.018848,0.018848,0.018848,0.018848,0.018848,0.018848,0.018848
4.995000,0.015707,0.015707,0.015707,0.015707,0.015707,0.015707,0.015707
4.996000,0.012566,0.012566,0.012566,0.012566,0.012566,0.012566,0.012566
4.997000,0.009425,0.009425,0.009425,0.009425,0.009425,0.009425,0.009425
4.998000,0.006283,0.006283,0.006283,0.006283,0.006283,0.006283,0.006283
4.999000,0.003142,0.003142,0.003142,0.003142,0.003142,0.003142,0.003142
